label,x0,y0,z0,x1,y1,z1,x2,y2,z2,x3,y3,z3,x4,y4,z4,x5,y5,z5,x6,y6,z6,x7,y7,z7,x8,y8,z8,x9,y9,z9,x10,y10,z10,x11,y11,z11,x12,y12,z12,x13,y13,z13,x14,y14,z14,x15,y15,z15,x16,y16,z16,x17,y17,z17,x18,y18,z18,x19,y19,z19,x20,y20,z20,x21,y21,z21,x22,y22,z22,x23,y23,z23,x24,y24,z24,x25,y25,z25,x26,y26,z26,x27,y27,z27,x28,y28,z28,x29,y29,z29,x30,y30,z30,x31,y31,z31,x32,y32,z32,x33,y33,z33,x34,y34,z34,x35,y35,z35,x36,y36,z36,x37,y37,z37,x38,y38,z38,x39,y39,z39,x40,y40,z40,x41,y41,z41
african beer,0.0,0.0,0.0,-0.013324737548828125,-0.04668581485748291,0.0017809098021182024,-0.03304857015609741,-0.06715595722198486,0.002126645030738672,-0.048742473125457764,-0.07100361585617065,0.0015687734953182542,-0.05940133333206177,-0.07640081644058228,0.00025543389660853677,-0.04650771617889404,-0.052463531494140625,-0.000833104048570732,-0.06643253564834595,-0.04468190670013428,-0.005150182904390732,-0.07767724990844727,-0.03854525089263916,-0.00953496972629253,-0.08776742219924927,-0.032025694847106934,-0.012537521110562722,-0.0463714599609375,-0.02838873863220215,-0.004117545006511847,-0.06727105379104614,-0.020814180374145508,-0.0072472940997165836,-0.08049005270004272,-0.014519095420837402,-0.010530103729752938,-0.09170940518379211,-0.008073747158050537,-0.013612007522670666,-0.043541669845581055,-0.004437804222106934,-0.007323206202773491,-0.06367480754852295,0.0017622709274291992,-0.009865742908505837,-0.07651913166046143,0.0065801143646240234,-0.011923818649439255,-0.08681139349937439,0.012079715728759766,-0.013892683000950257,-0.038665592670440674,0.01863795518875122,-0.01036693694600288,-0.0540776252746582,0.022150754928588867,-0.012370880493609349,-0.06369847059249878,0.024190127849578857,-0.012893686802772919,-0.07127374410629272,0.027746260166168213,-0.013384476104466358,0.0,0.0,0.0,0.017163991928100586,-0.044407665729522705,0.00016931496996264173,0.03090730309486389,-0.07839781045913696,-0.0023594806969136073,0.043196022510528564,-0.10098367929458618,-0.005696845340725787,0.05414009094238281,-0.11963707208633423,-0.009146855312582858,0.014668703079223633,-0.08156222105026245,-0.003188696789738543,0.01816156506538391,-0.08999723196029663,-0.00818926478475035,0.02560994029045105,-0.08703351020812988,-0.0127366866052121,0.031681835651397705,-0.08487778902053833,-0.016233165848252185,0.008944332599639893,-0.06233721971511841,-0.006795049279180176,0.016463100910186768,-0.06629067659378052,-0.01092525115906895,0.02727419137954712,-0.060658156871795654,-0.013820451784130938,0.034908026456832886,-0.05452466011047363,-0.01694244808256329,0.005058914422988892,-0.041205406188964844,-0.010601104336974032,0.013959109783172607,-0.044103801250457764,-0.014540865185853846,0.02327030897140503,-0.043634772300720215,-0.015273984621462233,0.03028145432472229,-0.04261445999145508,-0.016422010126706965,0.002183198928833008,-0.01834571361541748,-0.0145337126284808,0.00991162657737732,-0.021043777465820312,-0.016779835435745127,0.015813350677490234,-0.021519482135772705,-0.016475807043907054,0.019639700651168823,-0.02140277624130249,-0.01678239284753502
african beer,-0.0,0.0,0.0,0.013324737548828125,-0.04668581485748291,0.0017809098021182024,0.03304857015609741,-0.06715595722198486,0.002126645030738672,0.048742473125457764,-0.07100361585617065,0.0015687734953182542,0.05940133333206177,-0.07640081644058228,0.00025543389660853677,0.04650771617889404,-0.052463531494140625,-0.000833104048570732,0.06643253564834595,-0.04468190670013428,-0.005150182904390732,0.07767724990844727,-0.03854525089263916,-0.00953496972629253,0.08776742219924927,-0.032025694847106934,-0.012537521110562722,0.0463714599609375,-0.02838873863220215,-0.004117545006511847,0.06727105379104614,-0.020814180374145508,-0.0072472940997165836,0.08049005270004272,-0.014519095420837402,-0.010530103729752938,0.09170940518379211,-0.008073747158050537,-0.013612007522670666,0.043541669845581055,-0.004437804222106934,-0.007323206202773491,0.06367480754852295,0.0017622709274291992,-0.009865742908505837,0.07651913166046143,0.0065801143646240234,-0.011923818649439255,0.08681139349937439,0.012079715728759766,-0.013892683000950257,0.038665592670440674,0.01863795518875122,-0.01036693694600288,0.0540776252746582,0.022150754928588867,-0.012370880493609349,0.06369847059249878,0.024190127849578857,-0.012893686802772919,0.07127374410629272,0.027746260166168213,-0.013384476104466358,-0.0,0.0,0.0,-0.017163991928100586,-0.044407665729522705,0.00016931496996264173,-0.03090730309486389,-0.07839781045913696,-0.0023594806969136073,-0.043196022510528564,-0.10098367929458618,-0.005696845340725787,-0.05414009094238281,-0.11963707208633423,-0.009146855312582858,-0.014668703079223633,-0.08156222105026245,-0.003188696789738543,-0.01816156506538391,-0.08999723196029663,-0.00818926478475035,-0.02560994029045105,-0.08703351020812988,-0.0127366866052121,-0.031681835651397705,-0.08487778902053833,-0.016233165848252185,-0.008944332599639893,-0.06233721971511841,-0.006795049279180176,-0.016463100910186768,-0.06629067659378052,-0.01092525115906895,-0.02727419137954712,-0.060658156871795654,-0.013820451784130938,-0.034908026456832886,-0.05452466011047363,-0.01694244808256329,-0.005058914422988892,-0.041205406188964844,-0.010601104336974032,-0.013959109783172607,-0.044103801250457764,-0.014540865185853846,-0.02327030897140503,-0.043634772300720215,-0.015273984621462233,-0.03028145432472229,-0.04261445999145508,-0.016422010126706965,-0.002183198928833008,-0.01834571361541748,-0.0145337126284808,-0.00991162657737732,-0.021043777465820312,-0.016779835435745127,-0.015813350677490234,-0.021519482135772705,-0.016475807043907054,-0.019639700651168823,-0.02140277624130249,-0.01678239284753502
african beer,0.0,0.0,0.0,0.011388152837753296,-0.03506046533584595,-0.00016492366265197234,0.030599236488342285,-0.06265360116958618,-0.002569731103704953,0.04656115174293518,-0.07843267917633057,-0.005368487921060705,0.0577796995639801,-0.09643948078155518,-0.007203956146241808,0.0246562659740448,-0.06903469562530518,-0.008383221935929441,0.048397988080978394,-0.06922590732574463,-0.01524172258794465,0.0438898503780365,-0.05939573049545288,-0.017922122974397325,0.03646770119667053,-0.056154847145080566,-0.018531124119164133,0.022643566131591797,-0.0476040244102478,-0.011668996897043371,0.0493619441986084,-0.043098390102386475,-0.01619985607683816,0.0433221161365509,-0.03763008117675781,-0.014800371613802099,0.035044461488723755,-0.03760713338851929,-0.013708862487675333,0.020830482244491577,-0.022839725017547607,-0.015046826575400019,0.0454423725605011,-0.02037334442138672,-0.017681154434086466,0.03942057490348816,-0.017235159873962402,-0.012784543458820963,0.031973302364349365,-0.016966640949249268,-0.009697888058127546,0.018826782703399658,0.002554655075073242,-0.018563720409275675,0.03842294216156006,7.50422477722168e-05,-0.018282576475741052,0.032798439264297485,0.00013881921768188477,-0.013406479742826605,0.024917632341384888,-6.67572021484375e-05,-0.010391256783606195,0.0,0.0,0.0,-0.014356851577758789,-0.049179673194885254,0.0008032983386669912,-0.03616952896118164,-0.0711020827293396,0.0008748591280323126,-0.053085148334503174,-0.0761374831199646,0.00038061671506284256,-0.06450742483139038,-0.0793071985244751,-0.0008220334203201674,-0.04584777355194092,-0.05339324474334717,-0.002100586054496034,-0.06582945585250854,-0.041567325592041016,-0.006882594992987379,-0.07682597637176514,-0.03261464834213257,-0.011565017142913803,-0.08637243509292603,-0.024695634841918945,-0.014711617121122345,-0.04408484697341919,-0.02909928560256958,-0.004915488978497251,-0.06470274925231934,-0.016849517822265625,-0.008240574599824413,-0.07747232913970947,-0.009014546871185303,-0.011719896087072357,-0.08775216341018677,-0.0014789104461669922,-0.015099632182739242,-0.04030966758728027,-0.005581796169281006,-0.0077157240376095615,-0.06010633707046509,0.004722237586975098,-0.010436556862316593,-0.07274508476257324,0.010396897792816162,-0.012880859525523647,-0.08299833536148071,0.015926897525787354,-0.015285809153340324,-0.034793078899383545,0.016194701194763184,-0.010427123495958313,-0.050116658210754395,0.023667752742767334,-0.01262595653685139,-0.0602911114692688,0.026852726936340332,-0.013627617248914703,-0.0687704086303711,0.031079590320587158,-0.014612699487827285
african beer,-0.0,0.0,0.0,-0.011388152837753296,-0.03506046533584595,-0.00016492366265197234,-0.030599236488342285,-0.06265360116958618,-0.002569731103704953,-0.04656115174293518,-0.07843267917633057,-0.005368487921060705,-0.0577796995639801,-0.09643948078155518,-0.007203956146241808,-0.0246562659740448,-0.06903469562530518,-0.008383221935929441,-0.048397988080978394,-0.06922590732574463,-0.01524172258794465,-0.0438898503780365,-0.05939573049545288,-0.017922122974397325,-0.03646770119667053,-0.056154847145080566,-0.018531124119164133,-0.022643566131591797,-0.0476040244102478,-0.011668996897043371,-0.0493619441986084,-0.043098390102386475,-0.01619985607683816,-0.0433221161365509,-0.03763008117675781,-0.014800371613802099,-0.035044461488723755,-0.03760713338851929,-0.013708862487675333,-0.020830482244491577,-0.022839725017547607,-0.015046826575400019,-0.0454423725605011,-0.02037334442138672,-0.017681154434086466,-0.03942057490348816,-0.017235159873962402,-0.012784543458820963,-0.031973302364349365,-0.016966640949249268,-0.009697888058127546,-0.018826782703399658,0.002554655075073242,-0.018563720409275675,-0.03842294216156006,7.50422477722168e-05,-0.018282576475741052,-0.032798439264297485,0.00013881921768188477,-0.013406479742826605,-0.024917632341384888,-6.67572021484375e-05,-0.010391256783606195,-0.0,0.0,0.0,0.014356851577758789,-0.049179673194885254,0.0008032983386669912,0.03616952896118164,-0.0711020827293396,0.0008748591280323126,0.053085148334503174,-0.0761374831199646,0.00038061671506284256,0.06450742483139038,-0.0793071985244751,-0.0008220334203201674,0.04584777355194092,-0.05339324474334717,-0.002100586054496034,0.06582945585250854,-0.041567325592041016,-0.006882594992987379,0.07682597637176514,-0.03261464834213257,-0.011565017142913803,0.08637243509292603,-0.024695634841918945,-0.014711617121122345,0.04408484697341919,-0.02909928560256958,-0.004915488978497251,0.06470274925231934,-0.016849517822265625,-0.008240574599824413,0.07747232913970947,-0.009014546871185303,-0.011719896087072357,0.08775216341018677,-0.0014789104461669922,-0.015099632182739242,0.04030966758728027,-0.005581796169281006,-0.0077157240376095615,0.06010633707046509,0.004722237586975098,-0.010436556862316593,0.07274508476257324,0.010396897792816162,-0.012880859525523647,0.08299833536148071,0.015926897525787354,-0.015285809153340324,0.034793078899383545,0.016194701194763184,-0.010427123495958313,0.050116658210754395,0.023667752742767334,-0.01262595653685139,0.0602911114692688,0.026852726936340332,-0.013627617248914703,0.0687704086303711,0.031079590320587158,-0.014612699487827285
african beer,0.0,0.0,0.0,-0.015290498733520508,-0.04764610528945923,0.0002584297298255933,-0.03812241554260254,-0.06800216436386108,-0.00015018257826682202,-0.055636048316955566,-0.07166790962219238,-0.0010097505611099677,-0.06799203157424927,-0.0748339295387268,-0.0025720338190637904,-0.045094966888427734,-0.050076961517333984,-0.0027353344804339486,-0.06457233428955078,-0.036461472511291504,-0.007418167343615778,-0.07478082180023193,-0.027456164360046387,-0.011955858240156658,-0.08369171619415283,-0.01948690414428711,-0.015170670146375187,-0.04274410009384155,-0.025894343852996826,-0.005393322123467215,-0.06298249959945679,-0.010921001434326172,-0.00873109049561549,-0.07533329725265503,-0.0021581053733825684,-0.012278012031941898,-0.08533626794815063,0.00660938024520874,-0.01586949362817336,-0.038355886936187744,-0.0024115443229675293,-0.008053738655775078,-0.05801934003829956,0.009870588779449463,-0.010893597299485691,-0.07044786214828491,0.017064273357391357,-0.013311282763510235,-0.08042645454406738,0.02378898859024048,-0.015823478842406757,-0.03244161605834961,0.01882040500640869,-0.01063172988060046,-0.0476035475730896,0.028185129165649414,-0.013248412901788242,-0.057595789432525635,0.03279292583465576,-0.014532608943312653,-0.06587302684783936,0.037921011447906494,-0.015785791943102367,0.0,0.0,0.0,0.012031495571136475,-0.032012939453125,-0.0016329475696608142,0.031440943479537964,-0.058348000049591064,-0.003413505365088554,0.04726514220237732,-0.07274311780929565,-0.005013710332050891,0.058337271213531494,-0.08912962675094604,-0.006263262570783468,0.02377861738204956,-0.06444019079208374,-0.006684360538557144,0.03789860010147095,-0.07098078727722168,-0.011477792148426147,0.046416670083999634,-0.06665652990341187,-0.014105853137508007,0.053178489208221436,-0.06313669681549072,-0.015717106384173007,0.02177533507347107,-0.04370927810668945,-0.008849581216409774,0.03808218240737915,-0.04496133327484131,-0.012318319153919788,0.047746628522872925,-0.040673017501831055,-0.013311766532197566,0.055297255516052246,-0.03789198398590088,-0.014476557706430526,0.020035386085510254,-0.019138097763061523,-0.011213531230524154,0.036459535360336304,-0.020702600479125977,-0.015119748634234043,0.045947134494781494,-0.01745450496673584,-0.01485344160063562,0.05342686176300049,-0.016695678234100342,-0.014818580334022613,0.018463224172592163,0.0070909857749938965,-0.013622768667474361,0.03227376937866211,0.0026915669441223145,-0.016616123241320224,0.03739604353904724,0.003193676471710205,-0.01573303945077953,0.041371047496795654,0.0028467178344726562,-0.01513185489638147
african beer,-0.0,0.0,0.0,0.015290498733520508,-0.04764610528945923,0.0002584297298255933,0.03812241554260254,-0.06800216436386108,-0.00015018257826682202,0.055636048316955566,-0.07166790962219238,-0.0010097505611099677,0.06799203157424927,-0.0748339295387268,-0.0025720338190637904,0.045094966888427734,-0.050076961517333984,-0.0027353344804339486,0.06457233428955078,-0.036461472511291504,-0.007418167343615778,0.07478082180023193,-0.027456164360046387,-0.011955858240156658,0.08369171619415283,-0.01948690414428711,-0.015170670146375187,0.04274410009384155,-0.025894343852996826,-0.005393322123467215,0.06298249959945679,-0.010921001434326172,-0.00873109049561549,0.07533329725265503,-0.0021581053733825684,-0.012278012031941898,0.08533626794815063,0.00660938024520874,-0.01586949362817336,0.038355886936187744,-0.0024115443229675293,-0.008053738655775078,0.05801934003829956,0.009870588779449463,-0.010893597299485691,0.07044786214828491,0.017064273357391357,-0.013311282763510235,0.08042645454406738,0.02378898859024048,-0.015823478842406757,0.03244161605834961,0.01882040500640869,-0.01063172988060046,0.0476035475730896,0.028185129165649414,-0.013248412901788242,0.057595789432525635,0.03279292583465576,-0.014532608943312653,0.06587302684783936,0.037921011447906494,-0.015785791943102367,-0.0,0.0,0.0,-0.012031495571136475,-0.032012939453125,-0.0016329475696608142,-0.031440943479537964,-0.058348000049591064,-0.003413505365088554,-0.04726514220237732,-0.07274311780929565,-0.005013710332050891,-0.058337271213531494,-0.08912962675094604,-0.006263262570783468,-0.02377861738204956,-0.06444019079208374,-0.006684360538557144,-0.03789860010147095,-0.07098078727722168,-0.011477792148426147,-0.046416670083999634,-0.06665652990341187,-0.014105853137508007,-0.053178489208221436,-0.06313669681549072,-0.015717106384173007,-0.02177533507347107,-0.04370927810668945,-0.008849581216409774,-0.03808218240737915,-0.04496133327484131,-0.012318319153919788,-0.047746628522872925,-0.040673017501831055,-0.013311766532197566,-0.055297255516052246,-0.03789198398590088,-0.014476557706430526,-0.020035386085510254,-0.019138097763061523,-0.011213531230524154,-0.036459535360336304,-0.020702600479125977,-0.015119748634234043,-0.045947134494781494,-0.01745450496673584,-0.01485344160063562,-0.05342686176300049,-0.016695678234100342,-0.014818580334022613,-0.018463224172592163,0.0070909857749938965,-0.013622768667474361,-0.03227376937866211,0.0026915669441223145,-0.016616123241320224,-0.03739604353904724,0.003193676471710205,-0.01573303945077953,-0.041371047496795654,0.0028467178344726562,-0.01513185489638147
african beer,0.0,0.0,0.0,-0.017062366008758545,-0.051064908504486084,-0.0024951723552817384,-0.040191829204559326,-0.07386362552642822,-0.004258819544645576,-0.0591965913772583,-0.07762390375137329,-0.005991311432751445,-0.07258617877960205,-0.07738274335861206,-0.008464560067238835,-0.03903228044509888,-0.056860148906707764,-0.004019177207680968,-0.0583454966545105,-0.041852712631225586,-0.010171987270894078,-0.06915402412414551,-0.02827775478363037,-0.016283008424522905,-0.07851338386535645,-0.017194747924804688,-0.020601677862885026,-0.03572261333465576,-0.03140711784362793,-0.005715238084974317,-0.05658876895904541,-0.012933552265167236,-0.009793836777987508,-0.06947290897369385,-0.002100229263305664,-0.014615461384835271,-0.07960844039916992,0.008311450481414795,-0.01961076554465535,-0.031654417514801025,-0.006370723247528076,-0.007785483883651523,-0.051457762718200684,0.007853567600250244,-0.011863206667783288,-0.06460064649581909,0.01508718729019165,-0.015091024493756322,-0.07478415966033936,0.02198481559753418,-0.018246554924132852,-0.026844441890716553,0.015888094902038574,-0.010006973674478559,-0.042795777320861816,0.026990115642547607,-0.013795406712176828,-0.05326777696609497,0.03231841325759888,-0.0155515076275492,-0.06192004680633545,0.038260698318481445,-0.017197181625249414,0.0,0.0,0.0,0.013916254043579102,-0.03526139259338379,-0.0021289623027520577,0.034275203943252563,-0.06067460775375366,-0.0038154838757442633,0.051515161991119385,-0.0753137469291687,-0.005293043904178063,0.0638311505317688,-0.0910719633102417,-0.006486228309743325,0.02965313196182251,-0.06088024377822876,-0.006020451538436333,0.045271217823028564,-0.0625486969947815,-0.010628168579362551,0.05373695492744446,-0.05749523639678955,-0.013253477510236422,0.06071215867996216,-0.05346721410751343,-0.015032582093201796,0.02708303928375244,-0.03733628988265991,-0.007939952533863703,0.04463601112365723,-0.03595763444900513,-0.011149775345050017,0.05513066053390503,-0.031227588653564453,-0.01265987764688603,0.06343302130699158,-0.02686864137649536,-0.014371398013256709,0.02411717176437378,-0.011820733547210693,-0.01011015858145825,0.04069387912750244,-0.01087188720703125,-0.013722601454876582,0.051530659198760986,-0.007385671138763428,-0.014219263676725546,0.060311198234558105,-0.005202174186706543,-0.014885935109280268,0.021143466234207153,0.014324963092803955,-0.012386326786302249,0.034562915563583374,0.013408541679382324,-0.01515903986635081,0.0424647331237793,0.013642609119415283,-0.015057608593426863,0.04947549104690552,0.013815343379974365,-0.015174117978833834
african beer,-0.0,0.0,0.0,0.017062366008758545,-0.051064908504486084,-0.0024951723552817384,0.040191829204559326,-0.07386362552642822,-0.004258819544645576,0.0591965913772583,-0.07762390375137329,-0.005991311432751445,0.07258617877960205,-0.07738274335861206,-0.008464560067238835,0.03903228044509888,-0.056860148906707764,-0.004019177207680968,0.0583454966545105,-0.041852712631225586,-0.010171987270894078,0.06915402412414551,-0.02827775478363037,-0.016283008424522905,0.07851338386535645,-0.017194747924804688,-0.020601677862885026,0.03572261333465576,-0.03140711784362793,-0.005715238084974317,0.05658876895904541,-0.012933552265167236,-0.009793836777987508,0.06947290897369385,-0.002100229263305664,-0.014615461384835271,0.07960844039916992,0.008311450481414795,-0.01961076554465535,0.031654417514801025,-0.006370723247528076,-0.007785483883651523,0.051457762718200684,0.007853567600250244,-0.011863206667783288,0.06460064649581909,0.01508718729019165,-0.015091024493756322,0.07478415966033936,0.02198481559753418,-0.018246554924132852,0.026844441890716553,0.015888094902038574,-0.010006973674478559,0.042795777320861816,0.026990115642547607,-0.013795406712176828,0.05326777696609497,0.03231841325759888,-0.0155515076275492,0.06192004680633545,0.038260698318481445,-0.017197181625249414,-0.0,0.0,0.0,-0.013916254043579102,-0.03526139259338379,-0.0021289623027520577,-0.034275203943252563,-0.06067460775375366,-0.0038154838757442633,-0.051515161991119385,-0.0753137469291687,-0.005293043904178063,-0.0638311505317688,-0.0910719633102417,-0.006486228309743325,-0.02965313196182251,-0.06088024377822876,-0.006020451538436333,-0.045271217823028564,-0.0625486969947815,-0.010628168579362551,-0.05373695492744446,-0.05749523639678955,-0.013253477510236422,-0.06071215867996216,-0.05346721410751343,-0.015032582093201796,-0.02708303928375244,-0.03733628988265991,-0.007939952533863703,-0.04463601112365723,-0.03595763444900513,-0.011149775345050017,-0.05513066053390503,-0.031227588653564453,-0.01265987764688603,-0.06343302130699158,-0.02686864137649536,-0.014371398013256709,-0.02411717176437378,-0.011820733547210693,-0.01011015858145825,-0.04069387912750244,-0.01087188720703125,-0.013722601454876582,-0.051530659198760986,-0.007385671138763428,-0.014219263676725546,-0.060311198234558105,-0.005202174186706543,-0.014885935109280268,-0.021143466234207153,0.014324963092803955,-0.012386326786302249,-0.034562915563583374,0.013408541679382324,-0.01515903986635081,-0.0424647331237793,0.013642609119415283,-0.015057608593426863,-0.04947549104690552,0.013815343379974365,-0.015174117978833834
african beer,0.0,0.0,0.0,0.0152510404586792,-0.03235906362533569,-0.0032020724264185674,0.03646308183670044,-0.05738013982772827,-0.005402338307092691,0.05331015586853027,-0.07203316688537598,-0.007122686680148149,0.06533476710319519,-0.08815336227416992,-0.008566215250382925,0.027969568967819214,-0.05339550971984863,-0.00848808194298556,0.0398918092250824,-0.053929150104522705,-0.013791157480071092,0.047868818044662476,-0.04771101474761963,-0.017030470620582605,0.055104464292526245,-0.042718470096588135,-0.019356150727460886,0.024082332849502563,-0.029139041900634766,-0.010002442251632715,0.03819206357002258,-0.026500940322875977,-0.014256550546477342,0.048288971185684204,-0.020080208778381348,-0.016119672532866502,0.056504637002944946,-0.014714598655700684,-0.018124877091239,0.02024194598197937,-0.0034341812133789062,-0.011770343024025465,0.034659743309020996,-0.0013636946678161621,-0.01679654287893584,0.04495742917060852,0.004801392555236816,-0.017576538573692346,0.05325049161911011,0.00844419002532959,-0.018196754704902673,0.016375958919525146,0.022124648094177246,-0.01362702305216601,0.029219359159469604,0.023190736770629883,-0.017571725498626733,0.036680638790130615,0.026400625705718994,-0.017765708815048242,0.0430031418800354,0.029021620750427246,-0.018005075480530763,0.0,0.0,0.0,-0.017159104347229004,-0.05007338523864746,-0.002054058772110068,-0.04129898548126221,-0.07297289371490479,-0.0035565437866083016,-0.06044137477874756,-0.07673639059066772,-0.0050710163196256985,-0.07357430458068848,-0.07594221830368042,-0.00731259473838719,-0.04009276628494263,-0.056921184062957764,-0.003921358671568953,-0.0600435733795166,-0.03925985097885132,-0.009850831062131249,-0.07076781988143921,-0.026048660278320312,-0.015667076513700806,-0.07998961210250854,-0.01554793119430542,-0.01980263117008718,-0.036652207374572754,-0.030330419540405273,-0.00585561228223952,-0.058285534381866455,-0.011451780796051025,-0.009800885163777195,-0.071327805519104,-0.0012636780738830566,-0.01432931824826511,-0.08158618211746216,0.008858203887939453,-0.019112105772428833,-0.03269791603088379,-0.004679441452026367,-0.008104929991596066,-0.05349898338317871,0.010217487812042236,-0.012048756063514077,-0.06668531894683838,0.0174674391746521,-0.014976407692365967,-0.0770491361618042,0.02373957633972168,-0.01797041419201406,-0.028173327445983887,0.017554640769958496,-0.010492070869140946,-0.044838547706604004,0.02890115976333618,-0.014115926169388615,-0.055520474910736084,0.03441619873046875,-0.015757150307827317,-0.06433552503585815,0.04013091325759888,-0.017399411008291565
african beer,-0.0,0.0,0.0,-0.0152510404586792,-0.03235906362533569,-0.0032020724264185674,-0.03646308183670044,-0.05738013982772827,-0.005402338307092691,-0.05331015586853027,-0.07203316688537598,-0.007122686680148149,-0.06533476710319519,-0.08815336227416992,-0.008566215250382925,-0.027969568967819214,-0.05339550971984863,-0.00848808194298556,-0.0398918092250824,-0.053929150104522705,-0.013791157480071092,-0.047868818044662476,-0.04771101474761963,-0.017030470620582605,-0.055104464292526245,-0.042718470096588135,-0.019356150727460886,-0.024082332849502563,-0.029139041900634766,-0.010002442251632715,-0.03819206357002258,-0.026500940322875977,-0.014256550546477342,-0.048288971185684204,-0.020080208778381348,-0.016119672532866502,-0.056504637002944946,-0.014714598655700684,-0.018124877091239,-0.02024194598197937,-0.0034341812133789062,-0.011770343024025465,-0.034659743309020996,-0.0013636946678161621,-0.01679654287893584,-0.04495742917060852,0.004801392555236816,-0.017576538573692346,-0.05325049161911011,0.00844419002532959,-0.018196754704902673,-0.016375958919525146,0.022124648094177246,-0.01362702305216601,-0.029219359159469604,0.023190736770629883,-0.017571725498626733,-0.036680638790130615,0.026400625705718994,-0.017765708815048242,-0.0430031418800354,0.029021620750427246,-0.018005075480530763,-0.0,0.0,0.0,0.017159104347229004,-0.05007338523864746,-0.002054058772110068,0.04129898548126221,-0.07297289371490479,-0.0035565437866083016,0.06044137477874756,-0.07673639059066772,-0.0050710163196256985,0.07357430458068848,-0.07594221830368042,-0.00731259473838719,0.04009276628494263,-0.056921184062957764,-0.003921358671568953,0.0600435733795166,-0.03925985097885132,-0.009850831062131249,0.07076781988143921,-0.026048660278320312,-0.015667076513700806,0.07998961210250854,-0.01554793119430542,-0.01980263117008718,0.036652207374572754,-0.030330419540405273,-0.00585561228223952,0.058285534381866455,-0.011451780796051025,-0.009800885163777195,0.071327805519104,-0.0012636780738830566,-0.01432931824826511,0.08158618211746216,0.008858203887939453,-0.019112105772428833,0.03269791603088379,-0.004679441452026367,-0.008104929991596066,0.05349898338317871,0.010217487812042236,-0.012048756063514077,0.06668531894683838,0.0174674391746521,-0.014976407692365967,0.0770491361618042,0.02373957633972168,-0.01797041419201406,0.028173327445983887,0.017554640769958496,-0.010492070869140946,0.044838547706604004,0.02890115976333618,-0.014115926169388615,0.055520474910736084,0.03441619873046875,-0.015757150307827317,0.06433552503585815,0.04013091325759888,-0.017399411008291565
african beer,0.0,0.0,0.0,-0.016132891178131104,-0.04638826847076416,1.7026075333603785e-05,-0.039357662200927734,-0.06622374057769775,-0.0013474837143760965,-0.0579380989074707,-0.06798148155212402,-0.002886791942906086,-0.07112139463424683,-0.07063597440719604,-0.00528888217758805,-0.04252094030380249,-0.05099111795425415,-0.006169113792743985,-0.06393450498580933,-0.03543800115585327,-0.011664858550098245,-0.07531470060348511,-0.024783313274383545,-0.016115116417672937,-0.08471179008483887,-0.016821444034576416,-0.01915046618905336,-0.039125263690948486,-0.024373292922973633,-0.008889690503742997,-0.062108755111694336,-0.007946491241455078,-0.012904503844943349,-0.07544463872909546,0.0010654330253601074,-0.01620019459750921,-0.08533614873886108,0.00856924057006836,-0.019660292655494516,-0.03471881151199341,0.0010739564895629883,-0.011389086485174005,-0.057063162326812744,0.013935565948486328,-0.014732301697399919,-0.07081037759780884,0.020995736122131348,-0.016981982156899278,-0.08108419179916382,0.026692092418670654,-0.01935624563720495,-0.029568910598754883,0.023655474185943604,-0.013692331031229799,-0.04694986343383789,0.03283566236495972,-0.016767511606481378,-0.05803525447845459,0.03701353073120117,-0.018158000424769227,-0.06692612171173096,0.04089546203613281,-0.01943006785240442,0.0,0.0,0.0,0.015135079622268677,-0.03419792652130127,-0.002380461798672684,0.03531503677368164,-0.06163740158081055,-0.005252808000584253,0.05216872692108154,-0.07794433832168579,-0.007784257776727088,0.06496670842170715,-0.09297740459442139,-0.010025292303105005,0.02445247769355774,-0.062120258808135986,-0.010193199518759855,0.037183910608291626,-0.061639368534088135,-0.015839909802814134,0.04195511341094971,-0.05402207374572754,-0.019102304842014917,0.045893341302871704,-0.050627946853637695,-0.0214644276012379,0.01991131901741028,-0.03786897659301758,-0.012354815978248723,0.03590768575668335,-0.03263664245605469,-0.016616092662950166,0.041495323181152344,-0.026948273181915283,-0.01781283472075046,0.04527983069419861,-0.0251082181930542,-0.0197017934580046,0.01612609624862671,-0.012018799781799316,-0.014518390077789434,0.03206229209899902,-0.008607804775238037,-0.018943350430269845,0.038283973932266235,-0.0034869909286499023,-0.018270140181918748,0.0422995388507843,-0.0025253891944885254,-0.018391485925455697,0.012668371200561523,0.013606607913970947,-0.016747906472225793,0.02530840039253235,0.015303850173950195,-0.01974120516671718,0.030377328395843506,0.01797199249267578,-0.018871336843510278,0.03355139493942261,0.018254756927490234,-0.01868674870922149
african beer,-0.0,0.0,0.0,0.016132891178131104,-0.04638826847076416,1.7026075333603785e-05,0.039357662200927734,-0.06622374057769775,-0.0013474837143760965,0.0579380989074707,-0.06798148155212402,-0.002886791942906086,0.07112139463424683,-0.07063597440719604,-0.00528888217758805,0.04252094030380249,-0.05099111795425415,-0.006169113792743985,0.06393450498580933,-0.03543800115585327,-0.011664858550098245,0.07531470060348511,-0.024783313274383545,-0.016115116417672937,0.08471179008483887,-0.016821444034576416,-0.01915046618905336,0.039125263690948486,-0.024373292922973633,-0.008889690503742997,0.062108755111694336,-0.007946491241455078,-0.012904503844943349,0.07544463872909546,0.0010654330253601074,-0.01620019459750921,0.08533614873886108,0.00856924057006836,-0.019660292655494516,0.03471881151199341,0.0010739564895629883,-0.011389086485174005,0.057063162326812744,0.013935565948486328,-0.014732301697399919,0.07081037759780884,0.020995736122131348,-0.016981982156899278,0.08108419179916382,0.026692092418670654,-0.01935624563720495,0.029568910598754883,0.023655474185943604,-0.013692331031229799,0.04694986343383789,0.03283566236495972,-0.016767511606481378,0.05803525447845459,0.03701353073120117,-0.018158000424769227,0.06692612171173096,0.04089546203613281,-0.01943006785240442,-0.0,0.0,0.0,-0.015135079622268677,-0.03419792652130127,-0.002380461798672684,-0.03531503677368164,-0.06163740158081055,-0.005252808000584253,-0.05216872692108154,-0.07794433832168579,-0.007784257776727088,-0.06496670842170715,-0.09297740459442139,-0.010025292303105005,-0.02445247769355774,-0.062120258808135986,-0.010193199518759855,-0.037183910608291626,-0.061639368534088135,-0.015839909802814134,-0.04195511341094971,-0.05402207374572754,-0.019102304842014917,-0.045893341302871704,-0.050627946853637695,-0.0214644276012379,-0.01991131901741028,-0.03786897659301758,-0.012354815978248723,-0.03590768575668335,-0.03263664245605469,-0.016616092662950166,-0.041495323181152344,-0.026948273181915283,-0.01781283472075046,-0.04527983069419861,-0.0251082181930542,-0.0197017934580046,-0.01612609624862671,-0.012018799781799316,-0.014518390077789434,-0.03206229209899902,-0.008607804775238037,-0.018943350430269845,-0.038283973932266235,-0.0034869909286499023,-0.018270140181918748,-0.0422995388507843,-0.0025253891944885254,-0.018391485925455697,-0.012668371200561523,0.013606607913970947,-0.016747906472225793,-0.02530840039253235,0.015303850173950195,-0.01974120516671718,-0.030377328395843506,0.01797199249267578,-0.018871336843510278,-0.03355139493942261,0.018254756927490234,-0.01868674870922149
african beer,0.0,0.0,0.0,0.016004204750061035,-0.043201744556427,-0.00017268924535152053,0.0316142737865448,-0.07468932867050171,-0.0031482391289099354,0.04647594690322876,-0.09503060579299927,-0.00693879511641704,0.05793648958206177,-0.11136770248413086,-0.010956374485664,0.016668349504470825,-0.07620233297348022,-0.005390895553551545,0.020358920097351074,-0.07985740900039673,-0.011550587159268488,0.026384443044662476,-0.07189732789993286,-0.016670871083311667,0.03078162670135498,-0.06787079572677612,-0.02040834308104955,0.010737389326095581,-0.055325448513031006,-0.009323719446234335,0.01610511541366577,-0.05581104755401611,-0.014456513826422324,0.024306058883666992,-0.050789594650268555,-0.018047295068077673,0.029334932565689087,-0.047960758209228516,-0.021580300782494177,0.006538182497024536,-0.0326269268989563,-0.01341364302175485,0.012698173522949219,-0.03252512216567993,-0.018572721187643637,0.020126789808273315,-0.03193122148513794,-0.020208121766023268,0.025815725326538086,-0.03278833627700806,-0.021824173186592688,0.002825140953063965,-0.009158313274383545,-0.01755272366540872,0.008540421724319458,-0.0076007843017578125,-0.021341759268812766,0.014072179794311523,-0.008799374103546143,-0.02215949587958299,0.018446266651153564,-0.009575068950653076,-0.023062610556058516,0.0,0.0,0.0,-0.01401364803314209,-0.047515034675598145,0.0007824419354065526,-0.0340886116027832,-0.06750220060348511,0.00037339158556193297,-0.05112898349761963,-0.06939697265625,-0.0006023985860892367,-0.06340643763542175,-0.07068830728530884,-0.0027144393479474616,-0.04503202438354492,-0.05365198850631714,-0.0035442272728332114,-0.06687569618225098,-0.04196721315383911,-0.008381994959528072,-0.0795186460018158,-0.0322110652923584,-0.012660649192149265,-0.08945021033287048,-0.02386099100112915,-0.015431697067434413,-0.043374717235565186,-0.030240893363952637,-0.006608004734481199,-0.06735467910766602,-0.015643596649169922,-0.009601933468694313,-0.0823565125465393,-0.006644725799560547,-0.012981021363849266,-0.09309893846511841,0.0009889006614685059,-0.01637330237459622,-0.039365410804748535,-0.005857348442077637,-0.009513252933139427,-0.06256222724914551,0.005922794342041016,-0.01247157394569598,-0.0774381160736084,0.012881278991699219,-0.015269879770094974,-0.08790138363838196,0.018431782722473145,-0.01784258108269654,-0.03363221883773804,0.018948078155517578,-0.01217401358913861,-0.05174440145492554,0.026137471199035645,-0.015347727161461933,-0.06337371468544006,0.03002721071243286,-0.01665673549901925,-0.07218489050865173,0.03406614065170288,-0.01764281052779637
african beer,-0.0,0.0,0.0,-0.016004204750061035,-0.043201744556427,-0.00017268924535152053,-0.0316142737865448,-0.07468932867050171,-0.0031482391289099354,-0.04647594690322876,-0.09503060579299927,-0.00693879511641704,-0.05793648958206177,-0.11136770248413086,-0.010956374485664,-0.016668349504470825,-0.07620233297348022,-0.005390895553551545,-0.020358920097351074,-0.07985740900039673,-0.011550587159268488,-0.026384443044662476,-0.07189732789993286,-0.016670871083311667,-0.03078162670135498,-0.06787079572677612,-0.02040834308104955,-0.010737389326095581,-0.055325448513031006,-0.009323719446234335,-0.01610511541366577,-0.05581104755401611,-0.014456513826422324,-0.024306058883666992,-0.050789594650268555,-0.018047295068077673,-0.029334932565689087,-0.047960758209228516,-0.021580300782494177,-0.006538182497024536,-0.0326269268989563,-0.01341364302175485,-0.012698173522949219,-0.03252512216567993,-0.018572721187643637,-0.020126789808273315,-0.03193122148513794,-0.020208121766023268,-0.025815725326538086,-0.03278833627700806,-0.021824173186592688,-0.002825140953063965,-0.009158313274383545,-0.01755272366540872,-0.008540421724319458,-0.0076007843017578125,-0.021341759268812766,-0.014072179794311523,-0.008799374103546143,-0.02215949587958299,-0.018446266651153564,-0.009575068950653076,-0.023062610556058516,-0.0,0.0,0.0,0.01401364803314209,-0.047515034675598145,0.0007824419354065526,0.0340886116027832,-0.06750220060348511,0.00037339158556193297,0.05112898349761963,-0.06939697265625,-0.0006023985860892367,0.06340643763542175,-0.07068830728530884,-0.0027144393479474616,0.04503202438354492,-0.05365198850631714,-0.0035442272728332114,0.06687569618225098,-0.04196721315383911,-0.008381994959528072,0.0795186460018158,-0.0322110652923584,-0.012660649192149265,0.08945021033287048,-0.02386099100112915,-0.015431697067434413,0.043374717235565186,-0.030240893363952637,-0.006608004734481199,0.06735467910766602,-0.015643596649169922,-0.009601933468694313,0.0823565125465393,-0.006644725799560547,-0.012981021363849266,0.09309893846511841,0.0009889006614685059,-0.01637330237459622,0.039365410804748535,-0.005857348442077637,-0.009513252933139427,0.06256222724914551,0.005922794342041016,-0.01247157394569598,0.0774381160736084,0.012881278991699219,-0.015269879770094974,0.08790138363838196,0.018431782722473145,-0.01784258108269654,0.03363221883773804,0.018948078155517578,-0.01217401358913861,0.05174440145492554,0.026137471199035645,-0.015347727161461933,0.06337371468544006,0.03002721071243286,-0.01665673549901925,0.07218489050865173,0.03406614065170288,-0.01764281052779637
african beer,0.0,0.0,0.0,-0.013866424560546875,-0.04859602451324463,0.0012465714205944778,-0.03309619426727295,-0.06963980197906494,0.0007111881821373345,-0.048769474029541016,-0.07299339771270752,-0.0006132703312715648,-0.060440659523010254,-0.07648330926895142,-0.002810759124443507,-0.04449474811553955,-0.05874603986740112,-0.0029578612922733782,-0.06681311130523682,-0.049940526485443115,-0.008387365964338755,-0.07964235544204712,-0.04198509454727173,-0.013207419430003142,-0.09040701389312744,-0.03450119495391846,-0.016228972588763213,-0.04306161403656006,-0.03521990776062012,-0.006339858871982074,-0.06745648384094238,-0.024635910987854004,-0.010064253238127208,-0.08295941352844238,-0.01686108112335205,-0.013608008277699923,-0.09479084610939026,-0.009525597095489502,-0.017036060457215285,-0.03966784477233887,-0.0109902024269104,-0.009623570022270655,-0.06285881996154785,-0.002253234386444092,-0.012847984795556044,-0.07828140258789062,0.0032461881637573242,-0.015540014606997943,-0.08981746435165405,0.008974850177764893,-0.01798664837060926,-0.03459590673446655,0.013490378856658936,-0.012697872360334372,-0.052669376134872437,0.018931984901428223,-0.015473592680976367,-0.06479460000991821,0.02134716510772705,-0.016584449102268195,-0.07436856627464294,0.025335490703582764,-0.017484889020309424,0.0,0.0,0.0,0.015457898378372192,-0.050322651863098145,0.00019253622186354846,0.03007647395133972,-0.08471131324768066,-0.002258217145293173,0.045092761516571045,-0.1043969988822937,-0.005872697519674119,0.0572090744972229,-0.11668896675109863,-0.009534974998398837,0.016015946865081787,-0.08528769016265869,-0.0010438019610710114,0.019856005907058716,-0.08912539482116699,-0.005967650978430328,0.023790419101715088,-0.0837709903717041,-0.010557799084647712,0.026961058378219604,-0.08149546384811401,-0.014118892556592044,0.00970602035522461,-0.06632423400878906,-0.004619407417788324,0.013189494609832764,-0.06555408239364624,-0.008838395072682914,0.020650923252105713,-0.06127434968948364,-0.012165802015527305,0.025917112827301025,-0.05947446823120117,-0.015482950440212306,0.00500643253326416,-0.04592198133468628,-0.008596340610250053,0.010006725788116455,-0.043954432010650635,-0.0124515550644837,0.01658099889755249,-0.04471111297607422,-0.013490377409919319,0.02186363935470581,-0.047913312911987305,-0.014794302588864383,0.0010429322719573975,-0.02387082576751709,-0.012786935499473628,0.0060765743255615234,-0.0189591646194458,-0.01491128136084896,0.011334925889968872,-0.020374715328216553,-0.015159648327692565,0.01538059115409851,-0.022372066974639893,-0.0157432709323011
african beer,-0.0,0.0,0.0,0.013866424560546875,-0.04859602451324463,0.0012465714205944778,0.03309619426727295,-0.06963980197906494,0.0007111881821373345,0.048769474029541016,-0.07299339771270752,-0.0006132703312715648,0.060440659523010254,-0.07648330926895142,-0.002810759124443507,0.04449474811553955,-0.05874603986740112,-0.0029578612922733782,0.06681311130523682,-0.049940526485443115,-0.008387365964338755,0.07964235544204712,-0.04198509454727173,-0.013207419430003142,0.09040701389312744,-0.03450119495391846,-0.016228972588763213,0.04306161403656006,-0.03521990776062012,-0.006339858871982074,0.06745648384094238,-0.024635910987854004,-0.010064253238127208,0.08295941352844238,-0.01686108112335205,-0.013608008277699923,0.09479084610939026,-0.009525597095489502,-0.017036060457215285,0.03966784477233887,-0.0109902024269104,-0.009623570022270655,0.06285881996154785,-0.002253234386444092,-0.012847984795556044,0.07828140258789062,0.0032461881637573242,-0.015540014606997943,0.08981746435165405,0.008974850177764893,-0.01798664837060926,0.03459590673446655,0.013490378856658936,-0.012697872360334372,0.052669376134872437,0.018931984901428223,-0.015473592680976367,0.06479460000991821,0.02134716510772705,-0.016584449102268195,0.07436856627464294,0.025335490703582764,-0.017484889020309424,-0.0,0.0,0.0,-0.015457898378372192,-0.050322651863098145,0.00019253622186354846,-0.03007647395133972,-0.08471131324768066,-0.002258217145293173,-0.045092761516571045,-0.1043969988822937,-0.005872697519674119,-0.0572090744972229,-0.11668896675109863,-0.009534974998398837,-0.016015946865081787,-0.08528769016265869,-0.0010438019610710114,-0.019856005907058716,-0.08912539482116699,-0.005967650978430328,-0.023790419101715088,-0.0837709903717041,-0.010557799084647712,-0.026961058378219604,-0.08149546384811401,-0.014118892556592044,-0.00970602035522461,-0.06632423400878906,-0.004619407417788324,-0.013189494609832764,-0.06555408239364624,-0.008838395072682914,-0.020650923252105713,-0.06127434968948364,-0.012165802015527305,-0.025917112827301025,-0.05947446823120117,-0.015482950440212306,-0.00500643253326416,-0.04592198133468628,-0.008596340610250053,-0.010006725788116455,-0.043954432010650635,-0.0124515550644837,-0.01658099889755249,-0.04471111297607422,-0.013490377409919319,-0.02186363935470581,-0.047913312911987305,-0.014794302588864383,-0.0010429322719573975,-0.02387082576751709,-0.012786935499473628,-0.0060765743255615234,-0.0189591646194458,-0.01491128136084896,-0.011334925889968872,-0.020374715328216553,-0.015159648327692565,-0.01538059115409851,-0.022372066974639893,-0.0157432709323011
african beer,0.0,0.0,0.0,-0.012399911880493164,-0.04317581653594971,0.0012153211329852809,-0.030552446842193604,-0.06454670429229736,0.0008265962871512045,-0.04603511095046997,-0.0687568187713623,-4.634103861533845e-05,-0.05774873495101929,-0.07131266593933105,-0.0018990165506700407,-0.04265707731246948,-0.050505995750427246,-0.004771032482313586,-0.0661061704158783,-0.04175972938537598,-0.009301795270221902,-0.07890081405639648,-0.03474944829940796,-0.012961049210208131,-0.08909022808074951,-0.0281369686126709,-0.01534314325072117,-0.04133951663970947,-0.02761054039001465,-0.007843159716504289,-0.06641429662704468,-0.01837712526321411,-0.011098149809914304,-0.08141061663627625,-0.011490106582641602,-0.01374187657602377,-0.09269732236862183,-0.005197405815124512,-0.016450845282452775,-0.03802144527435303,-0.003475487232208252,-0.010614651832657529,-0.06174898147583008,0.004023134708404541,-0.013579833898621274,-0.07622465491294861,0.009231507778167725,-0.01570615230120964,-0.08687040209770203,0.014325976371765137,-0.01770476868368931,-0.03334152698516846,0.020342111587524414,-0.013070854004400445,-0.051912128925323486,0.02517688274383545,-0.015811887215750886,-0.0635083019733429,0.027638733386993408,-0.01680289825417347,-0.07247474789619446,0.030454695224761963,-0.017604919727819635,0.0,0.0,0.0,0.01735144853591919,-0.04470396041870117,-0.000433208134893448,0.031639426946640015,-0.07699531316757202,-0.00297459189238225,0.04498922824859619,-0.0981641411781311,-0.006336550902744875,0.05547773838043213,-0.11696672439575195,-0.01002846446277772,0.015164881944656372,-0.08144789934158325,-0.0038821079993454077,0.018377453088760376,-0.08959686756134033,-0.009466048073193178,0.02348506450653076,-0.08608824014663696,-0.014399731274863825,0.028468400239944458,-0.08328443765640259,-0.018123266961595164,0.008434683084487915,-0.06475597620010376,-0.0071980601401833155,0.015041559934616089,-0.06680768728256226,-0.011489894915541754,0.023244589567184448,-0.06269049644470215,-0.015031280670484648,0.02994474768638611,-0.059058547019958496,-0.01879606370272313,0.0037595033645629883,-0.04453498125076294,-0.010802053589543448,0.010970264673233032,-0.043076515197753906,-0.015506689179858313,0.018889695405960083,-0.042730093002319336,-0.017469702031633005,0.02596166729927063,-0.043159544467926025,-0.019563939165493593,0.0005145668983459473,-0.02202439308166504,-0.0145504416191784,0.006546914577484131,-0.017360150814056396,-0.01797003273310338,0.012535333633422852,-0.016564667224884033,-0.01900462594272767,0.01784089207649231,-0.016465067863464355,-0.020261846225878344
african beer,-0.0,0.0,0.0,0.012399911880493164,-0.04317581653594971,0.0012153211329852809,0.030552446842193604,-0.06454670429229736,0.0008265962871512045,0.04603511095046997,-0.0687568187713623,-4.634103861533845e-05,0.05774873495101929,-0.07131266593933105,-0.0018990165506700407,0.04265707731246948,-0.050505995750427246,-0.004771032482313586,0.0661061704158783,-0.04175972938537598,-0.009301795270221902,0.07890081405639648,-0.03474944829940796,-0.012961049210208131,0.08909022808074951,-0.0281369686126709,-0.01534314325072117,0.04133951663970947,-0.02761054039001465,-0.007843159716504289,0.06641429662704468,-0.01837712526321411,-0.011098149809914304,0.08141061663627625,-0.011490106582641602,-0.01374187657602377,0.09269732236862183,-0.005197405815124512,-0.016450845282452775,0.03802144527435303,-0.003475487232208252,-0.010614651832657529,0.06174898147583008,0.004023134708404541,-0.013579833898621274,0.07622465491294861,0.009231507778167725,-0.01570615230120964,0.08687040209770203,0.014325976371765137,-0.01770476868368931,0.03334152698516846,0.020342111587524414,-0.013070854004400445,0.051912128925323486,0.02517688274383545,-0.015811887215750886,0.0635083019733429,0.027638733386993408,-0.01680289825417347,0.07247474789619446,0.030454695224761963,-0.017604919727819635,-0.0,0.0,0.0,-0.01735144853591919,-0.04470396041870117,-0.000433208134893448,-0.031639426946640015,-0.07699531316757202,-0.00297459189238225,-0.04498922824859619,-0.0981641411781311,-0.006336550902744875,-0.05547773838043213,-0.11696672439575195,-0.01002846446277772,-0.015164881944656372,-0.08144789934158325,-0.0038821079993454077,-0.018377453088760376,-0.08959686756134033,-0.009466048073193178,-0.02348506450653076,-0.08608824014663696,-0.014399731274863825,-0.028468400239944458,-0.08328443765640259,-0.018123266961595164,-0.008434683084487915,-0.06475597620010376,-0.0071980601401833155,-0.015041559934616089,-0.06680768728256226,-0.011489894915541754,-0.023244589567184448,-0.06269049644470215,-0.015031280670484648,-0.02994474768638611,-0.059058547019958496,-0.01879606370272313,-0.0037595033645629883,-0.04453498125076294,-0.010802053589543448,-0.010970264673233032,-0.043076515197753906,-0.015506689179858313,-0.018889695405960083,-0.042730093002319336,-0.017469702031633005,-0.02596166729927063,-0.043159544467926025,-0.019563939165493593,-0.0005145668983459473,-0.02202439308166504,-0.0145504416191784,-0.006546914577484131,-0.017360150814056396,-0.01797003273310338,-0.012535333633422852,-0.016564667224884033,-0.01900462594272767,-0.01784089207649231,-0.016465067863464355,-0.020261846225878344
african beer,0.0,0.0,0.0,-0.013325333595275879,-0.04337966442108154,0.0011949087176610362,-0.032591819763183594,-0.06388378143310547,0.000895072732600255,-0.04835468530654907,-0.06732404232025146,5.6180703904118445e-05,-0.05997157096862793,-0.07098829746246338,-0.0017205317588384617,-0.04407781362533569,-0.04995042085647583,-0.0043424450876052845,-0.06671762466430664,-0.03983795642852783,-0.008861203127526807,-0.07913815975189209,-0.03183692693710327,-0.012686654374920892,-0.08913660049438477,-0.02446192502975464,-0.015187601008438634,-0.04246014356613159,-0.02692556381225586,-0.007385460109436082,-0.0662737488746643,-0.016426920890808105,-0.010514718861305283,-0.08082926273345947,-0.008691549301147461,-0.013251226776265668,-0.09197238087654114,-0.0017389655113220215,-0.01607970652075963,-0.03869485855102539,-0.002969205379486084,-0.010169969321214722,-0.06118065118789673,0.0052484869956970215,-0.012915789530598687,-0.07552498579025269,0.011106908321380615,-0.015110645824098157,-0.0863630473613739,0.01688075065612793,-0.01723917891176896,-0.0334622859954834,0.020556271076202393,-0.012681687631630467,-0.0512239933013916,0.02582186460494995,-0.015288505152785348,-0.06267070770263672,0.028812885284423828,-0.016329347536885308,-0.07174736261367798,0.032289206981658936,-0.017204921142184304,0.0,0.0,0.0,0.017434269189834595,-0.03940582275390625,-0.0005117199418087637,0.034072935581207275,-0.07104086875915527,-0.0029653823386830425,0.04855296015739441,-0.09113317728042603,-0.0059543277986300325,0.06074121594429016,-0.10756635665893555,-0.00923424660339478,0.02002662420272827,-0.07039237022399902,-0.00512232472300056,0.025850266218185425,-0.07671481370925903,-0.010670544385160241,0.032134413719177246,-0.07237714529037476,-0.015183779216553006,0.037998080253601074,-0.06997644901275635,-0.01875777523144606,0.01441982388496399,-0.05225294828414917,-0.008562941841031346,0.02260264754295349,-0.05657780170440674,-0.013326699651027951,0.03197374939918518,-0.05122065544128418,-0.016469934760774407,0.03942432999610901,-0.04691636562347412,-0.019816841735686097,0.010353565216064453,-0.030764520168304443,-0.012196074976767335,0.019414424896240234,-0.035679757595062256,-0.017504272788013253,0.02888244390487671,-0.03402608633041382,-0.01900015379413489,0.03711459040641785,-0.03388625383377075,-0.02054451014026526,0.00727042555809021,-0.0068168044090271,-0.015845760508621964,0.015260249376296997,-0.008462905883789062,-0.019791120468820367,0.022377848625183105,-0.009475648403167725,-0.020565951048578057,0.02867063879966736,-0.011145055294036865,-0.021589169084275994
african beer,-0.0,0.0,0.0,0.013325333595275879,-0.04337966442108154,0.0011949087176610362,0.032591819763183594,-0.06388378143310547,0.000895072732600255,0.04835468530654907,-0.06732404232025146,5.6180703904118445e-05,0.05997157096862793,-0.07098829746246338,-0.0017205317588384617,0.04407781362533569,-0.04995042085647583,-0.0043424450876052845,0.06671762466430664,-0.03983795642852783,-0.008861203127526807,0.07913815975189209,-0.03183692693710327,-0.012686654374920892,0.08913660049438477,-0.02446192502975464,-0.015187601008438634,0.04246014356613159,-0.02692556381225586,-0.007385460109436082,0.0662737488746643,-0.016426920890808105,-0.010514718861305283,0.08082926273345947,-0.008691549301147461,-0.013251226776265668,0.09197238087654114,-0.0017389655113220215,-0.01607970652075963,0.03869485855102539,-0.002969205379486084,-0.010169969321214722,0.06118065118789673,0.0052484869956970215,-0.012915789530598687,0.07552498579025269,0.011106908321380615,-0.015110645824098157,0.0863630473613739,0.01688075065612793,-0.01723917891176896,0.0334622859954834,0.020556271076202393,-0.012681687631630467,0.0512239933013916,0.02582186460494995,-0.015288505152785348,0.06267070770263672,0.028812885284423828,-0.016329347536885308,0.07174736261367798,0.032289206981658936,-0.017204921142184304,-0.0,0.0,0.0,-0.017434269189834595,-0.03940582275390625,-0.0005117199418087637,-0.034072935581207275,-0.07104086875915527,-0.0029653823386830425,-0.04855296015739441,-0.09113317728042603,-0.0059543277986300325,-0.06074121594429016,-0.10756635665893555,-0.00923424660339478,-0.02002662420272827,-0.07039237022399902,-0.00512232472300056,-0.025850266218185425,-0.07671481370925903,-0.010670544385160241,-0.032134413719177246,-0.07237714529037476,-0.015183779216553006,-0.037998080253601074,-0.06997644901275635,-0.01875777523144606,-0.01441982388496399,-0.05225294828414917,-0.008562941841031346,-0.02260264754295349,-0.05657780170440674,-0.013326699651027951,-0.03197374939918518,-0.05122065544128418,-0.016469934760774407,-0.03942432999610901,-0.04691636562347412,-0.019816841735686097,-0.010353565216064453,-0.030764520168304443,-0.012196074976767335,-0.019414424896240234,-0.035679757595062256,-0.017504272788013253,-0.02888244390487671,-0.03402608633041382,-0.01900015379413489,-0.03711459040641785,-0.03388625383377075,-0.02054451014026526,-0.00727042555809021,-0.0068168044090271,-0.015845760508621964,-0.015260249376296997,-0.008462905883789062,-0.019791120468820367,-0.022377848625183105,-0.009475648403167725,-0.020565951048578057,-0.02867063879966736,-0.011145055294036865,-0.021589169084275994
african beer,0.0,0.0,0.0,-0.014500260353088379,-0.049304068088531494,0.0004924447153058509,-0.035429298877716064,-0.07198071479797363,6.068383892454676e-05,-0.052591919898986816,-0.0761309266090393,-0.0007773202500942489,-0.06501221656799316,-0.07840085029602051,-0.0024978156557011744,-0.04457211494445801,-0.057879626750946045,-0.003913723526679291,-0.06591707468032837,-0.04549872875213623,-0.008903751278452887,-0.07772940397262573,-0.03600358963012695,-0.013398005755774989,-0.08748501539230347,-0.029028236865997314,-0.01636068908327104,-0.04203444719314575,-0.033928751945495605,-0.006743668241583123,-0.06457853317260742,-0.020481407642364502,-0.010007213929824843,-0.07842695713043213,-0.011223077774047852,-0.013210626447730078,-0.08867084980010986,-0.003401458263397217,-0.01650434186511518,-0.0378490686416626,-0.009873449802398682,-0.009484721476368918,-0.05957591533660889,0.0005972981452941895,-0.012346039654843821,-0.073780357837677,0.007460892200469971,-0.015064872929983153,-0.08446592092514038,0.013528287410736084,-0.017680395523242964,-0.03206896781921387,0.013743221759796143,-0.012070963287882819,-0.04890549182891846,0.02043330669403076,-0.014701579826109423,-0.06020033359527588,0.023370027542114258,-0.016034333164029135,-0.06939840316772461,0.027160584926605225,-0.01721053210847856,0.0,0.0,0.0,0.016360998153686523,-0.031798481941223145,-0.0014803265332083981,0.035830289125442505,-0.058724820613861084,-0.004196714853758721,0.051366060972213745,-0.0744813084602356,-0.006751828139538674,0.063243567943573,-0.09012949466705322,-0.00928976038646212,0.024159491062164307,-0.06434023380279541,-0.00957475999545565,0.03405711054801941,-0.06797194480895996,-0.015653676597292332,0.04206186532974243,-0.06474733352661133,-0.019590259773547558,0.049313485622406006,-0.06367278099060059,-0.022419347671682743,0.019851773977279663,-0.0450628399848938,-0.012315523123259453,0.03237450122833252,-0.043633997440338135,-0.01720179548662415,0.042352885007858276,-0.04017394781112671,-0.019246562627966313,0.050477027893066406,-0.03852564096450806,-0.02151511354547253,0.016207456588745117,-0.021348297595977783,-0.015063207840437798,0.029341697692871094,-0.021762490272521973,-0.020528908131534962,0.03951868414878845,-0.0184059739112854,-0.021338225586230664,0.04772937297821045,-0.018065273761749268,-0.022097452787573246,0.013157963752746582,0.004791438579559326,-0.017754181532080082,0.0243360698223114,0.0028810501098632812,-0.02168216487568131,0.031738340854644775,0.0023616552352905273,-0.02196761897009125,0.0378929078578949,0.0007537603378295898,-0.0224666849355053
african beer,-0.0,0.0,0.0,0.014500260353088379,-0.049304068088531494,0.0004924447153058509,0.035429298877716064,-0.07198071479797363,6.068383892454676e-05,0.052591919898986816,-0.0761309266090393,-0.0007773202500942489,0.06501221656799316,-0.07840085029602051,-0.0024978156557011744,0.04457211494445801,-0.057879626750946045,-0.003913723526679291,0.06591707468032837,-0.04549872875213623,-0.008903751278452887,0.07772940397262573,-0.03600358963012695,-0.013398005755774989,0.08748501539230347,-0.029028236865997314,-0.01636068908327104,0.04203444719314575,-0.033928751945495605,-0.006743668241583123,0.06457853317260742,-0.020481407642364502,-0.010007213929824843,0.07842695713043213,-0.011223077774047852,-0.013210626447730078,0.08867084980010986,-0.003401458263397217,-0.01650434186511518,0.0378490686416626,-0.009873449802398682,-0.009484721476368918,0.05957591533660889,0.0005972981452941895,-0.012346039654843821,0.073780357837677,0.007460892200469971,-0.015064872929983153,0.08446592092514038,0.013528287410736084,-0.017680395523242964,0.03206896781921387,0.013743221759796143,-0.012070963287882819,0.04890549182891846,0.02043330669403076,-0.014701579826109423,0.06020033359527588,0.023370027542114258,-0.016034333164029135,0.06939840316772461,0.027160584926605225,-0.01721053210847856,-0.0,0.0,0.0,-0.016360998153686523,-0.031798481941223145,-0.0014803265332083981,-0.035830289125442505,-0.058724820613861084,-0.004196714853758721,-0.051366060972213745,-0.0744813084602356,-0.006751828139538674,-0.063243567943573,-0.09012949466705322,-0.00928976038646212,-0.024159491062164307,-0.06434023380279541,-0.00957475999545565,-0.03405711054801941,-0.06797194480895996,-0.015653676597292332,-0.04206186532974243,-0.06474733352661133,-0.019590259773547558,-0.049313485622406006,-0.06367278099060059,-0.022419347671682743,-0.019851773977279663,-0.0450628399848938,-0.012315523123259453,-0.03237450122833252,-0.043633997440338135,-0.01720179548662415,-0.042352885007858276,-0.04017394781112671,-0.019246562627966313,-0.050477027893066406,-0.03852564096450806,-0.02151511354547253,-0.016207456588745117,-0.021348297595977783,-0.015063207840437798,-0.029341697692871094,-0.021762490272521973,-0.020528908131534962,-0.03951868414878845,-0.0184059739112854,-0.021338225586230664,-0.04772937297821045,-0.018065273761749268,-0.022097452787573246,-0.013157963752746582,0.004791438579559326,-0.017754181532080082,-0.0243360698223114,0.0028810501098632812,-0.02168216487568131,-0.031738340854644775,0.0023616552352905273,-0.02196761897009125,-0.0378929078578949,0.0007537603378295898,-0.0224666849355053
african beer,0.0,0.0,0.0,-0.01586252450942993,-0.04887521266937256,-0.00023658467259934923,-0.0378950834274292,-0.07122373580932617,-0.001293320411129173,-0.055666446685791016,-0.07444405555725098,-0.00265593020456123,-0.06827950477600098,-0.07567578554153442,-0.0047699709816484415,-0.04312688112258911,-0.055470407009124756,-0.0048454262709825,-0.06378483772277832,-0.041835665702819824,-0.010530383179208513,-0.07483547925949097,-0.031057238578796387,-0.015536429213604208,-0.08408278226852417,-0.022298872470855713,-0.01891462676437783,-0.039749085903167725,-0.03092026710510254,-0.0075958295187561475,-0.06162214279174805,-0.016053080558776855,-0.011532560775300738,-0.07493340969085693,-0.007157444953918457,-0.015076829904934641,-0.08507072925567627,0.0016040802001953125,-0.018808284627517935,-0.03509712219238281,-0.007252812385559082,-0.01035096574785399,-0.05588078498840332,0.0039958953857421875,-0.013762463668605562,-0.06990087032318115,0.010946333408355713,-0.016225233527144667,-0.08077698945999146,0.01789700984954834,-0.01878928005906033,-0.02928394079208374,0.014817535877227783,-0.013060901167115446,-0.045986175537109375,0.022985994815826416,-0.016154372917732474,-0.057332754135131836,0.02707207202911377,-0.017497891413292166,-0.06668615341186523,0.03267008066177368,-0.01878824442835736,0.0,0.0,0.0,0.014037609100341797,-0.030290663242340088,-0.002777690480684214,0.0340886116027832,-0.05234020948410034,-0.004962923650850826,0.0508495569229126,-0.06447023153305054,-0.006622605205734544,0.062185078859329224,-0.08162802457809448,-0.00804419507574039,0.025415509939193726,-0.05764728784561157,-0.008510069635917716,0.037193894386291504,-0.05973780155181885,-0.013488887523521953,0.045179516077041626,-0.05551117658615112,-0.016466682491113716,0.05257916450500488,-0.05223363637924194,-0.018588624608923965,0.022427648305892944,-0.0355190634727478,-0.010172267158736759,0.03659015893936157,-0.03447997570037842,-0.01396422990899282,0.04650324583053589,-0.03099346160888672,-0.01565851242582994,0.0549139678478241,-0.027998507022857666,-0.01756872021894651,0.019422471523284912,-0.01050788164138794,-0.01200592116754251,0.033825069665908813,-0.010824918746948242,-0.01645817206542688,0.04386511445045471,-0.007945895195007324,-0.017304748011042648,0.05229520797729492,-0.00705641508102417,-0.018155997333337837,0.016360372304916382,0.015382528305053711,-0.013926545803656154,0.02795344591140747,0.013358891010284424,-0.017560492915322357,0.03475373983383179,0.012812376022338867,-0.017912007582594924,0.040974318981170654,0.011789321899414062,-0.018374006909539276
african beer,-0.0,0.0,0.0,0.01586252450942993,-0.04887521266937256,-0.00023658467259934923,0.0378950834274292,-0.07122373580932617,-0.001293320411129173,0.055666446685791016,-0.07444405555725098,-0.00265593020456123,0.06827950477600098,-0.07567578554153442,-0.0047699709816484415,0.04312688112258911,-0.055470407009124756,-0.0048454262709825,0.06378483772277832,-0.041835665702819824,-0.010530383179208513,0.07483547925949097,-0.031057238578796387,-0.015536429213604208,0.08408278226852417,-0.022298872470855713,-0.01891462676437783,0.039749085903167725,-0.03092026710510254,-0.0075958295187561475,0.06162214279174805,-0.016053080558776855,-0.011532560775300738,0.07493340969085693,-0.007157444953918457,-0.015076829904934641,0.08507072925567627,0.0016040802001953125,-0.018808284627517935,0.03509712219238281,-0.007252812385559082,-0.01035096574785399,0.05588078498840332,0.0039958953857421875,-0.013762463668605562,0.06990087032318115,0.010946333408355713,-0.016225233527144667,0.08077698945999146,0.01789700984954834,-0.01878928005906033,0.02928394079208374,0.014817535877227783,-0.013060901167115446,0.045986175537109375,0.022985994815826416,-0.016154372917732474,0.057332754135131836,0.02707207202911377,-0.017497891413292166,0.06668615341186523,0.03267008066177368,-0.01878824442835736,-0.0,0.0,0.0,-0.014037609100341797,-0.030290663242340088,-0.002777690480684214,-0.0340886116027832,-0.05234020948410034,-0.004962923650850826,-0.0508495569229126,-0.06447023153305054,-0.006622605205734544,-0.062185078859329224,-0.08162802457809448,-0.00804419507574039,-0.025415509939193726,-0.05764728784561157,-0.008510069635917716,-0.037193894386291504,-0.05973780155181885,-0.013488887523521953,-0.045179516077041626,-0.05551117658615112,-0.016466682491113716,-0.05257916450500488,-0.05223363637924194,-0.018588624608923965,-0.022427648305892944,-0.0355190634727478,-0.010172267158736759,-0.03659015893936157,-0.03447997570037842,-0.01396422990899282,-0.04650324583053589,-0.03099346160888672,-0.01565851242582994,-0.0549139678478241,-0.027998507022857666,-0.01756872021894651,-0.019422471523284912,-0.01050788164138794,-0.01200592116754251,-0.033825069665908813,-0.010824918746948242,-0.01645817206542688,-0.04386511445045471,-0.007945895195007324,-0.017304748011042648,-0.05229520797729492,-0.00705641508102417,-0.018155997333337837,-0.016360372304916382,0.015382528305053711,-0.013926545803656154,-0.02795344591140747,0.013358891010284424,-0.017560492915322357,-0.03475373983383179,0.012812376022338867,-0.017912007582594924,-0.040974318981170654,0.011789321899414062,-0.018374006909539276
african beer,0.0,0.0,0.0,-0.01703578233718872,-0.05108517408370972,-0.0007159380274828209,-0.039696335792541504,-0.07275134325027466,-0.002079792009666903,-0.05842268466949463,-0.07540833950042725,-0.0038468266520652605,-0.07113784551620483,-0.07654470205307007,-0.006312980238348587,-0.041853487491607666,-0.05498605966567993,-0.00395432060211931,-0.06241118907928467,-0.04257798194885254,-0.010411086879670961,-0.07340949773788452,-0.032128095626831055,-0.016216833531856878,-0.0830569863319397,-0.0225713849067688,-0.02011421734094654,-0.038597702980041504,-0.02988046407699585,-0.006706403955817564,-0.0602840781211853,-0.015801548957824707,-0.011346157096326692,-0.07376575469970703,-0.007402181625366211,-0.015678782403469427,-0.08456671237945557,0.001908719539642334,-0.02000003905594383,-0.034240126609802246,-0.005957305431365967,-0.009653885304928167,-0.05504584312438965,0.00565415620803833,-0.0138633543774489,-0.06869161128997803,0.012056529521942139,-0.016501862943172796,-0.07957524061203003,0.018423140048980713,-0.019096481069922788,-0.029065847396850586,0.015551388263702393,-0.012649040125310762,-0.04563659429550171,0.0240628719329834,-0.01634279677271877,-0.05669456720352173,0.02792036533355713,-0.01787376070022617,-0.06610441207885742,0.03312242031097412,-0.019278424248099668,0.0,0.0,0.0,0.01563352346420288,-0.031265974044799805,-0.0019612703581710633,0.03636348247528076,-0.05415213108062744,-0.0043538333957453546,0.05302169919013977,-0.06673860549926758,-0.006369799386467534,0.0644056499004364,-0.08371305465698242,-0.008130627695228654,0.0269794762134552,-0.05867737531661987,-0.009868654433395463,0.04048919677734375,-0.060698866844177246,-0.015329009864236909,0.04791527986526489,-0.05507761240005493,-0.018543728638197976,0.054463595151901245,-0.052834272384643555,-0.020823060545827943,0.023516029119491577,-0.03702414035797119,-0.012161200877036649,0.037916868925094604,-0.03476351499557495,-0.01625141036858757,0.04753720760345459,-0.029344677925109863,-0.017701162967588502,0.05524265766143799,-0.026813030242919922,-0.019547742802407342,0.01994454860687256,-0.011904120445251465,-0.014457936409618455,0.034245043992996216,-0.011767685413360596,-0.019147428694870072,0.044572263956069946,-0.006886601448059082,-0.01955213119437893,0.05269518494606018,-0.005669653415679932,-0.020151057291533547,0.016412287950515747,0.01485300064086914,-0.01674717945208748,0.028715401887893677,0.013091981410980225,-0.020370394933726388,0.03570288419723511,0.014208853244781494,-0.020209283578898507,0.04138800501823425,0.014052331447601318,-0.020344323489572602
african beer,-0.0,0.0,0.0,0.01703578233718872,-0.05108517408370972,-0.0007159380274828209,0.039696335792541504,-0.07275134325027466,-0.002079792009666903,0.05842268466949463,-0.07540833950042725,-0.0038468266520652605,0.07113784551620483,-0.07654470205307007,-0.006312980238348587,0.041853487491607666,-0.05498605966567993,-0.00395432060211931,0.06241118907928467,-0.04257798194885254,-0.010411086879670961,0.07340949773788452,-0.032128095626831055,-0.016216833531856878,0.0830569863319397,-0.0225713849067688,-0.02011421734094654,0.038597702980041504,-0.02988046407699585,-0.006706403955817564,0.0602840781211853,-0.015801548957824707,-0.011346157096326692,0.07376575469970703,-0.007402181625366211,-0.015678782403469427,0.08456671237945557,0.001908719539642334,-0.02000003905594383,0.034240126609802246,-0.005957305431365967,-0.009653885304928167,0.05504584312438965,0.00565415620803833,-0.0138633543774489,0.06869161128997803,0.012056529521942139,-0.016501862943172796,0.07957524061203003,0.018423140048980713,-0.019096481069922788,0.029065847396850586,0.015551388263702393,-0.012649040125310762,0.04563659429550171,0.0240628719329834,-0.01634279677271877,0.05669456720352173,0.02792036533355713,-0.01787376070022617,0.06610441207885742,0.03312242031097412,-0.019278424248099668,-0.0,0.0,0.0,-0.01563352346420288,-0.031265974044799805,-0.0019612703581710633,-0.03636348247528076,-0.05415213108062744,-0.0043538333957453546,-0.05302169919013977,-0.06673860549926758,-0.006369799386467534,-0.0644056499004364,-0.08371305465698242,-0.008130627695228654,-0.0269794762134552,-0.05867737531661987,-0.009868654433395463,-0.04048919677734375,-0.060698866844177246,-0.015329009864236909,-0.04791527986526489,-0.05507761240005493,-0.018543728638197976,-0.054463595151901245,-0.052834272384643555,-0.020823060545827943,-0.023516029119491577,-0.03702414035797119,-0.012161200877036649,-0.037916868925094604,-0.03476351499557495,-0.01625141036858757,-0.04753720760345459,-0.029344677925109863,-0.017701162967588502,-0.05524265766143799,-0.026813030242919922,-0.019547742802407342,-0.01994454860687256,-0.011904120445251465,-0.014457936409618455,-0.034245043992996216,-0.011767685413360596,-0.019147428694870072,-0.044572263956069946,-0.006886601448059082,-0.01955213119437893,-0.05269518494606018,-0.005669653415679932,-0.020151057291533547,-0.016412287950515747,0.01485300064086914,-0.01674717945208748,-0.028715401887893677,0.013091981410980225,-0.020370394933726388,-0.03570288419723511,0.014208853244781494,-0.020209283578898507,-0.04138800501823425,0.014052331447601318,-0.020344323489572602
african beer,0.0,0.0,0.0,-0.016339480876922607,-0.048558056354522705,1.0073861623993707e-05,-0.03958892822265625,-0.06916087865829468,-0.0012995384877356742,-0.05822443962097168,-0.07152062654495239,-0.002977225884031043,-0.0712776780128479,-0.07205992937088013,-0.005455805641766176,-0.04281306266784668,-0.05417126417160034,-0.004769224860872612,-0.06442427635192871,-0.03906971216201782,-0.010639324505980596,-0.07562077045440674,-0.028412342071533203,-0.01578764496481,-0.08468770980834961,-0.01993107795715332,-0.019326557126994715,-0.039817094802856445,-0.028764724731445312,-0.00762321539333044,-0.06202465295791626,-0.013182222843170166,-0.01185264317428647,-0.07568210363388062,-0.004422008991241455,-0.015582260397430048,-0.0859258770942688,0.004846096038818359,-0.019468056691046343,-0.03557819128036499,-0.004025936126708984,-0.010431224201973066,-0.05694925785064697,0.00820910930633545,-0.014000612964089498,-0.0708426833152771,0.015259265899658203,-0.01631724340951024,-0.08131515979766846,0.022096991539001465,-0.018816089910622225,-0.030379831790924072,0.018399477005004883,-0.013150866796429739,-0.04723745584487915,0.026975393295288086,-0.016388219502921686,-0.058426082134246826,0.030822157859802246,-0.017829506379719362,-0.06751811504364014,0.035410404205322266,-0.019231886324639902,0.0,0.0,0.0,0.014685451984405518,-0.030533194541931152,-0.0028206260050769316,0.03558114171028137,-0.056279778480529785,-0.005849828116142319,0.052343517541885376,-0.06947469711303711,-0.008357019267522858,0.06488987803459167,-0.08390825986862183,-0.010744020446681546,0.023990392684936523,-0.05949193239212036,-0.01185140955402808,0.034465521574020386,-0.06380259990692139,-0.017911645687663125,0.042113810777664185,-0.058107078075408936,-0.021421047962748574,0.049315690994262695,-0.05392611026763916,-0.023932474769198464,0.019775092601776123,-0.038335442543029785,-0.013908029637777375,0.0320015549659729,-0.038509488105773926,-0.018956140718900727,0.0415666401386261,-0.032584309577941895,-0.0205956782321568,0.04941481351852417,-0.028977513313293457,-0.0225266396175261,0.015924304723739624,-0.012861847877502441,-0.015964820153557824,0.02882489562034607,-0.014782428741455078,-0.02187123625680165,0.038388460874557495,-0.009371697902679443,-0.022391644410335587,0.046251505613327026,-0.007616221904754639,-0.022909141249501275,0.01247742772102356,0.014292240142822266,-0.017995475895249413,0.024321705102920532,0.011383414268493652,-0.02282603002294259,0.030729204416275024,0.013065874576568604,-0.023025947726809548,0.03597870469093323,0.013393223285675049,-0.02328841678007798
african beer,-0.0,0.0,0.0,0.016339480876922607,-0.048558056354522705,1.0073861623993707e-05,0.03958892822265625,-0.06916087865829468,-0.0012995384877356742,0.05822443962097168,-0.07152062654495239,-0.002977225884031043,0.0712776780128479,-0.07205992937088013,-0.005455805641766176,0.04281306266784668,-0.05417126417160034,-0.004769224860872612,0.06442427635192871,-0.03906971216201782,-0.010639324505980596,0.07562077045440674,-0.028412342071533203,-0.01578764496481,0.08468770980834961,-0.01993107795715332,-0.019326557126994715,0.039817094802856445,-0.028764724731445312,-0.00762321539333044,0.06202465295791626,-0.013182222843170166,-0.01185264317428647,0.07568210363388062,-0.004422008991241455,-0.015582260397430048,0.0859258770942688,0.004846096038818359,-0.019468056691046343,0.03557819128036499,-0.004025936126708984,-0.010431224201973066,0.05694925785064697,0.00820910930633545,-0.014000612964089498,0.0708426833152771,0.015259265899658203,-0.01631724340951024,0.08131515979766846,0.022096991539001465,-0.018816089910622225,0.030379831790924072,0.018399477005004883,-0.013150866796429739,0.04723745584487915,0.026975393295288086,-0.016388219502921686,0.058426082134246826,0.030822157859802246,-0.017829506379719362,0.06751811504364014,0.035410404205322266,-0.019231886324639902,-0.0,0.0,0.0,-0.014685451984405518,-0.030533194541931152,-0.0028206260050769316,-0.03558114171028137,-0.056279778480529785,-0.005849828116142319,-0.052343517541885376,-0.06947469711303711,-0.008357019267522858,-0.06488987803459167,-0.08390825986862183,-0.010744020446681546,-0.023990392684936523,-0.05949193239212036,-0.01185140955402808,-0.034465521574020386,-0.06380259990692139,-0.017911645687663125,-0.042113810777664185,-0.058107078075408936,-0.021421047962748574,-0.049315690994262695,-0.05392611026763916,-0.023932474769198464,-0.019775092601776123,-0.038335442543029785,-0.013908029637777375,-0.0320015549659729,-0.038509488105773926,-0.018956140718900727,-0.0415666401386261,-0.032584309577941895,-0.0205956782321568,-0.04941481351852417,-0.028977513313293457,-0.0225266396175261,-0.015924304723739624,-0.012861847877502441,-0.015964820153557824,-0.02882489562034607,-0.014782428741455078,-0.02187123625680165,-0.038388460874557495,-0.009371697902679443,-0.022391644410335587,-0.046251505613327026,-0.007616221904754639,-0.022909141249501275,-0.01247742772102356,0.014292240142822266,-0.017995475895249413,-0.024321705102920532,0.011383414268493652,-0.02282603002294259,-0.030729204416275024,0.013065874576568604,-0.023025947726809548,-0.03597870469093323,0.013393223285675049,-0.02328841678007798
african beer,0.0,0.0,0.0,-0.01585298776626587,-0.045626044273376465,0.00037933144021451426,-0.03816288709640503,-0.06529825925827026,-0.0008272333640917395,-0.05637156963348389,-0.06733584403991699,-0.0025970536505184327,-0.06883054971694946,-0.07120305299758911,-0.005171393159528748,-0.04336130619049072,-0.05199885368347168,-0.004284271619965807,-0.0650593638420105,-0.0400121808052063,-0.010189705643554703,-0.07610940933227539,-0.031418681144714355,-0.015272613730033413,-0.085110604763031,-0.023671209812164307,-0.01868701458325006,-0.04020959138870239,-0.027812719345092773,-0.007483081541707293,-0.06304258108139038,-0.014042794704437256,-0.011858629178007618,-0.07693630456924438,-0.005433201789855957,-0.015582740422090069,-0.08769780397415161,0.0038451552391052246,-0.01930630311717607,-0.03573417663574219,-0.0031505823135375977,-0.01067347649832584,-0.057907938957214355,0.007533133029937744,-0.014423257786532417,-0.07204955816268921,0.01456838846206665,-0.016757656935354248,-0.08281677961349487,0.02179783582687378,-0.019118749651809708,-0.030545949935913086,0.02012389898300171,-0.013725384253760353,-0.04787415266036987,0.027212202548980713,-0.017162936854859367,-0.05928206443786621,0.02975308895111084,-0.018681683692832962,-0.06874322891235352,0.03331786394119263,-0.02004456252207376,0.0,0.0,0.0,0.01715579628944397,-0.030253469944000244,-0.0026784895682538945,0.03668174147605896,-0.0583343505859375,-0.006017933622544547,0.05235835909843445,-0.0754702091217041,-0.009118693437969227,0.06472694873809814,-0.09182333946228027,-0.012290503386950036,0.02292454242706299,-0.06268560886383057,-0.011131895263289948,0.02944883704185486,-0.0704997181892395,-0.01833579738119795,0.037101954221725464,-0.06612890958786011,-0.023055639606511136,0.04506254196166992,-0.061603546142578125,-0.026377484690939923,0.01803937554359436,-0.04363054037094116,-0.01371072188446476,0.027539968490600586,-0.04565030336380005,-0.02000074323693468,0.0372808575630188,-0.03992849588394165,-0.02262605961838915,0.04576057195663452,-0.03503352403640747,-0.025123965483700772,0.013911545276641846,-0.01901078224182129,-0.016424516704475423,0.024760007858276367,-0.022368311882019043,-0.023746375483071347,0.034561872482299805,-0.018110036849975586,-0.025011769053136845,0.043002963066101074,-0.015673816204071045,-0.025779335316812535,0.010403037071228027,0.00778508186340332,-0.019132847454940816,0.020175963640213013,0.005110621452331543,-0.02499453586021616,0.02717757225036621,0.006220996379852295,-0.025862962496077557,0.0335519015789032,0.007119119167327881,-0.026489206146990796
african beer,-0.0,0.0,0.0,0.01585298776626587,-0.045626044273376465,0.00037933144021451426,0.03816288709640503,-0.06529825925827026,-0.0008272333640917395,0.05637156963348389,-0.06733584403991699,-0.0025970536505184327,0.06883054971694946,-0.07120305299758911,-0.005171393159528748,0.04336130619049072,-0.05199885368347168,-0.004284271619965807,0.0650593638420105,-0.0400121808052063,-0.010189705643554703,0.07610940933227539,-0.031418681144714355,-0.015272613730033413,0.085110604763031,-0.023671209812164307,-0.01868701458325006,0.04020959138870239,-0.027812719345092773,-0.007483081541707293,0.06304258108139038,-0.014042794704437256,-0.011858629178007618,0.07693630456924438,-0.005433201789855957,-0.015582740422090069,0.08769780397415161,0.0038451552391052246,-0.01930630311717607,0.03573417663574219,-0.0031505823135375977,-0.01067347649832584,0.057907938957214355,0.007533133029937744,-0.014423257786532417,0.07204955816268921,0.01456838846206665,-0.016757656935354248,0.08281677961349487,0.02179783582687378,-0.019118749651809708,0.030545949935913086,0.02012389898300171,-0.013725384253760353,0.04787415266036987,0.027212202548980713,-0.017162936854859367,0.05928206443786621,0.02975308895111084,-0.018681683692832962,0.06874322891235352,0.03331786394119263,-0.02004456252207376,-0.0,0.0,0.0,-0.01715579628944397,-0.030253469944000244,-0.0026784895682538945,-0.03668174147605896,-0.0583343505859375,-0.006017933622544547,-0.05235835909843445,-0.0754702091217041,-0.009118693437969227,-0.06472694873809814,-0.09182333946228027,-0.012290503386950036,-0.02292454242706299,-0.06268560886383057,-0.011131895263289948,-0.02944883704185486,-0.0704997181892395,-0.01833579738119795,-0.037101954221725464,-0.06612890958786011,-0.023055639606511136,-0.04506254196166992,-0.061603546142578125,-0.026377484690939923,-0.01803937554359436,-0.04363054037094116,-0.01371072188446476,-0.027539968490600586,-0.04565030336380005,-0.02000074323693468,-0.0372808575630188,-0.03992849588394165,-0.02262605961838915,-0.04576057195663452,-0.03503352403640747,-0.025123965483700772,-0.013911545276641846,-0.01901078224182129,-0.016424516704475423,-0.024760007858276367,-0.022368311882019043,-0.023746375483071347,-0.034561872482299805,-0.018110036849975586,-0.025011769053136845,-0.043002963066101074,-0.015673816204071045,-0.025779335316812535,-0.010403037071228027,0.00778508186340332,-0.019132847454940816,-0.020175963640213013,0.005110621452331543,-0.02499453586021616,-0.02717757225036621,0.006220996379852295,-0.025862962496077557,-0.0335519015789032,0.007119119167327881,-0.026489206146990796
african beer,0.0,0.0,0.0,-0.014777123928070068,-0.04481947422027588,0.0008010081987563922,-0.03649681806564331,-0.06556916236877441,-0.0001634863979447232,-0.0540924072265625,-0.06904977560043335,-0.0015773008303980873,-0.0662529468536377,-0.07355427742004395,-0.003812974780451839,-0.04259747266769409,-0.05389922857284546,-0.005306584523644631,-0.0642174482345581,-0.04452759027481079,-0.010675505032416766,-0.07603228092193604,-0.03644531965255737,-0.015006036726411764,-0.08573704957962036,-0.029045581817626953,-0.01781292655098099,-0.03966158628463745,-0.03017556667327881,-0.008443487105544989,-0.06319034099578857,-0.01840031147003174,-0.012039530319746916,-0.07737469673156738,-0.010429084300994873,-0.014837456164535467,-0.0882265567779541,-0.0029076337814331055,-0.01787132047640938,-0.03547185659408569,-0.00543898344039917,-0.01138873234915394,-0.058363139629364014,0.0034517645835876465,-0.01437226146983761,-0.07268387079238892,0.009528875350952148,-0.016316576158281748,-0.08349534869194031,0.015191495418548584,-0.018445696910497134,-0.030413150787353516,0.01846170425415039,-0.01411570724624056,-0.04802989959716797,0.02459186315536499,-0.01704317912983555,-0.05944293737411499,0.02691859006881714,-0.018248325442549174,-0.06873691082000732,0.029994070529937744,-0.01934086740541119,0.0,0.0,0.0,0.017916589975357056,-0.034377336502075195,-0.0013998343983505634,0.03689548373222351,-0.06465232372283936,-0.004001426384954598,0.05239686369895935,-0.08310550451278687,-0.006718033799140599,0.06481415033340454,-0.09921479225158691,-0.009504793551920798,0.022832751274108887,-0.06953322887420654,-0.007580939089118388,0.02960643172264099,-0.07849287986755371,-0.013838103381155875,0.0374184250831604,-0.07404953241348267,-0.01835903652495041,0.045144617557525635,-0.06934309005737305,-0.021629783665000346,0.018140465021133423,-0.05070829391479492,-0.010476572779177573,0.027186691761016846,-0.054818689823150635,-0.01568676844721928,0.03706282377243042,-0.04810488224029541,-0.018291789447127726,0.0452822744846344,-0.0423772931098938,-0.020914822225629237,0.014396458864212036,-0.02668154239654541,-0.013532066126524356,0.024196356534957886,-0.032625555992126465,-0.019758987580596354,0.034057408571243286,-0.028266072273254395,-0.020945518617688563,0.04220488667488098,-0.025157928466796875,-0.021829649214803126,0.011115044355392456,0.00018715858459472656,-0.016563649629413035,0.01988968253135681,-0.005152344703674316,-0.021478408356367495,0.02669292688369751,-0.004190921783447266,-0.02207302988058224,0.03245043754577637,-0.003125309944152832,-0.02258424960559502
african beer,-0.0,0.0,0.0,0.014777123928070068,-0.04481947422027588,0.0008010081987563922,0.03649681806564331,-0.06556916236877441,-0.0001634863979447232,0.0540924072265625,-0.06904977560043335,-0.0015773008303980873,0.0662529468536377,-0.07355427742004395,-0.003812974780451839,0.04259747266769409,-0.05389922857284546,-0.005306584523644631,0.0642174482345581,-0.04452759027481079,-0.010675505032416766,0.07603228092193604,-0.03644531965255737,-0.015006036726411764,0.08573704957962036,-0.029045581817626953,-0.01781292655098099,0.03966158628463745,-0.03017556667327881,-0.008443487105544989,0.06319034099578857,-0.01840031147003174,-0.012039530319746916,0.07737469673156738,-0.010429084300994873,-0.014837456164535467,0.0882265567779541,-0.0029076337814331055,-0.01787132047640938,0.03547185659408569,-0.00543898344039917,-0.01138873234915394,0.058363139629364014,0.0034517645835876465,-0.01437226146983761,0.07268387079238892,0.009528875350952148,-0.016316576158281748,0.08349534869194031,0.015191495418548584,-0.018445696910497134,0.030413150787353516,0.01846170425415039,-0.01411570724624056,0.04802989959716797,0.02459186315536499,-0.01704317912983555,0.05944293737411499,0.02691859006881714,-0.018248325442549174,0.06873691082000732,0.029994070529937744,-0.01934086740541119,-0.0,0.0,0.0,-0.017916589975357056,-0.034377336502075195,-0.0013998343983505634,-0.03689548373222351,-0.06465232372283936,-0.004001426384954598,-0.05239686369895935,-0.08310550451278687,-0.006718033799140599,-0.06481415033340454,-0.09921479225158691,-0.009504793551920798,-0.022832751274108887,-0.06953322887420654,-0.007580939089118388,-0.02960643172264099,-0.07849287986755371,-0.013838103381155875,-0.0374184250831604,-0.07404953241348267,-0.01835903652495041,-0.045144617557525635,-0.06934309005737305,-0.021629783665000346,-0.018140465021133423,-0.05070829391479492,-0.010476572779177573,-0.027186691761016846,-0.054818689823150635,-0.01568676844721928,-0.03706282377243042,-0.04810488224029541,-0.018291789447127726,-0.0452822744846344,-0.0423772931098938,-0.020914822225629237,-0.014396458864212036,-0.02668154239654541,-0.013532066126524356,-0.024196356534957886,-0.032625555992126465,-0.019758987580596354,-0.034057408571243286,-0.028266072273254395,-0.020945518617688563,-0.04220488667488098,-0.025157928466796875,-0.021829649214803126,-0.011115044355392456,0.00018715858459472656,-0.016563649629413035,-0.01988968253135681,-0.005152344703674316,-0.021478408356367495,-0.02669292688369751,-0.004190921783447266,-0.02207302988058224,-0.03245043754577637,-0.003125309944152832,-0.02258424960559502
african beer,0.0,0.0,0.0,-0.015951871871948242,-0.04648399353027344,0.0009789248540812423,-0.03815042972564697,-0.06634384393692017,-4.0051658487527675e-05,-0.055513858795166016,-0.06972450017929077,-0.0017029151242411444,-0.06769740581512451,-0.07427114248275757,-0.004120219910163314,-0.04411113262176514,-0.054900169372558594,-0.004642950782198341,-0.0658523440361023,-0.04547339677810669,-0.010675257948804528,-0.07747495174407959,-0.03775757551193237,-0.015658538734186322,-0.08709296584129333,-0.030019700527191162,-0.018827633877862127,-0.04118162393569946,-0.03108954429626465,-0.008096293491888673,-0.0642319917678833,-0.0195123553276062,-0.012392761131394536,-0.0781676173210144,-0.011735916137695312,-0.015683339854348333,-0.08889099955558777,-0.003584146499633789,-0.018963990678656728,-0.03684425354003906,-0.006210029125213623,-0.011454133262503774,-0.05931496620178223,0.0025457143783569336,-0.014999564682710798,-0.07365214824676514,0.008569598197937012,-0.017154399251211316,-0.08447924256324768,0.014988839626312256,-0.019310757463443906,-0.03153431415557861,0.017949163913726807,-0.014623777886498601,-0.04883629083633423,0.02364259958267212,-0.0178754738919622,-0.06039416790008545,0.025880932807922363,-0.01922168949769798,-0.06982672214508057,0.029483318328857422,-0.020353153293598325,0.0,0.0,0.0,0.01817801594734192,-0.037728726863861084,-0.0007352023933897556,0.036964625120162964,-0.06785428524017334,-0.0034946681083063424,0.05260452628135681,-0.08670371770858765,-0.006548911853588635,0.0651845932006836,-0.10367089509963989,-0.009698522797680909,0.02346476912498474,-0.07362407445907593,-0.007327483556128556,0.032592713832855225,-0.08142244815826416,-0.013405120520747715,0.0391196608543396,-0.07717549800872803,-0.01784022483871084,0.044563740491867065,-0.07493150234222412,-0.021112607381201798,0.018569111824035645,-0.05397152900695801,-0.010534497498429829,0.030513256788253784,-0.05687993764877319,-0.015359550303674752,0.038118958473205566,-0.05235224962234497,-0.01780149485812288,0.04369717836380005,-0.04982757568359375,-0.020611982381797844,0.014737457036972046,-0.030088603496551514,-0.01381494156912666,0.027227014303207397,-0.035242438316345215,-0.019278816467977578,0.034712135791778564,-0.033166706562042236,-0.01986109051749807,0.04042768478393555,-0.032612502574920654,-0.02068746607647043,0.01122128963470459,-0.004106462001800537,-0.017028946018672997,0.02147209644317627,-0.008829236030578613,-0.020969278699613625,0.027647465467453003,-0.009274482727050781,-0.020974466166354233,0.032213062047958374,-0.009736835956573486,-0.021314410081959778
african beer,-0.0,0.0,0.0,0.015951871871948242,-0.04648399353027344,0.0009789248540812423,0.03815042972564697,-0.06634384393692017,-4.0051658487527675e-05,0.055513858795166016,-0.06972450017929077,-0.0017029151242411444,0.06769740581512451,-0.07427114248275757,-0.004120219910163314,0.04411113262176514,-0.054900169372558594,-0.004642950782198341,0.0658523440361023,-0.04547339677810669,-0.010675257948804528,0.07747495174407959,-0.03775757551193237,-0.015658538734186322,0.08709296584129333,-0.030019700527191162,-0.018827633877862127,0.04118162393569946,-0.03108954429626465,-0.008096293491888673,0.0642319917678833,-0.0195123553276062,-0.012392761131394536,0.0781676173210144,-0.011735916137695312,-0.015683339854348333,0.08889099955558777,-0.003584146499633789,-0.018963990678656728,0.03684425354003906,-0.006210029125213623,-0.011454133262503774,0.05931496620178223,0.0025457143783569336,-0.014999564682710798,0.07365214824676514,0.008569598197937012,-0.017154399251211316,0.08447924256324768,0.014988839626312256,-0.019310757463443906,0.03153431415557861,0.017949163913726807,-0.014623777886498601,0.04883629083633423,0.02364259958267212,-0.0178754738919622,0.06039416790008545,0.025880932807922363,-0.01922168949769798,0.06982672214508057,0.029483318328857422,-0.020353153293598325,-0.0,0.0,0.0,-0.01817801594734192,-0.037728726863861084,-0.0007352023933897556,-0.036964625120162964,-0.06785428524017334,-0.0034946681083063424,-0.05260452628135681,-0.08670371770858765,-0.006548911853588635,-0.0651845932006836,-0.10367089509963989,-0.009698522797680909,-0.02346476912498474,-0.07362407445907593,-0.007327483556128556,-0.032592713832855225,-0.08142244815826416,-0.013405120520747715,-0.0391196608543396,-0.07717549800872803,-0.01784022483871084,-0.044563740491867065,-0.07493150234222412,-0.021112607381201798,-0.018569111824035645,-0.05397152900695801,-0.010534497498429829,-0.030513256788253784,-0.05687993764877319,-0.015359550303674752,-0.038118958473205566,-0.05235224962234497,-0.01780149485812288,-0.04369717836380005,-0.04982757568359375,-0.020611982381797844,-0.014737457036972046,-0.030088603496551514,-0.01381494156912666,-0.027227014303207397,-0.035242438316345215,-0.019278816467977578,-0.034712135791778564,-0.033166706562042236,-0.01986109051749807,-0.04042768478393555,-0.032612502574920654,-0.02068746607647043,-0.01122128963470459,-0.004106462001800537,-0.017028946018672997,-0.02147209644317627,-0.008829236030578613,-0.020969278699613625,-0.027647465467453003,-0.009274482727050781,-0.020974466166354233,-0.032213062047958374,-0.009736835956573486,-0.021314410081959778
african beer,0.0,0.0,0.0,-0.014506518840789795,-0.0461423397064209,0.00034620648380823127,-0.035080790519714355,-0.06912773847579956,-0.0008813198887231977,-0.05244225263595581,-0.07413405179977417,-0.0025199620517390997,-0.06499731540679932,-0.07689136266708374,-0.005036924872403148,-0.0414617657661438,-0.05676162242889404,-0.005981535091851953,-0.06333410739898682,-0.05192744731903076,-0.011939061246668103,-0.07608139514923096,-0.045878708362579346,-0.01669109184280515,-0.0863775908946991,-0.04025411605834961,-0.019703819788848165,-0.03922635316848755,-0.03265345096588135,-0.009140503965173963,-0.06298995018005371,-0.025404751300811768,-0.013252047262941602,-0.07738769054412842,-0.019439697265625,-0.016469729505335096,-0.08789846301078796,-0.014398813247680664,-0.019599595479522947,-0.03523099422454834,-0.007586419582366943,-0.012124286405597928,-0.0578533411026001,-0.0014941096305847168,-0.015629752911483052,-0.07220602035522461,0.0029847025871276855,-0.018058126233373883,-0.08285924792289734,0.006582438945770264,-0.020303120277677777,-0.030061781406402588,0.017143964767456055,-0.014906983263646367,-0.046727120876312256,0.021562516689300537,-0.018221998028312925,-0.058061063289642334,0.023585796356201172,-0.01961756255463243,-0.06716454029083252,0.02632230520248413,-0.020667813159381154,0.0,0.0,0.0,0.018767744302749634,-0.03688013553619385,-0.0011624937257330714,0.03749731183052063,-0.06699544191360474,-0.0036093357563551365,0.05275416374206543,-0.08540600538253784,-0.006374600118451923,0.06456106901168823,-0.10252648591995239,-0.009228258168750614,0.02284190058708191,-0.07185149192810059,-0.007197955863976091,0.030312716960906982,-0.08292686939239502,-0.013331058210187763,0.03748905658721924,-0.08076614141464233,-0.017903578242712825,0.043787986040115356,-0.07962864637374878,-0.02132388833766541,0.017591387033462524,-0.05239909887313843,-0.010459567195230335,0.026459187269210815,-0.05736589431762695,-0.016013360357337802,0.03571775555610657,-0.052815139293670654,-0.019288391581230968,0.04314115643501282,-0.049955666065216064,-0.022505604437046856,0.013629317283630371,-0.02924501895904541,-0.013862026630395263,0.02221962809562683,-0.03294110298156738,-0.01995139080887398,0.03150361776351929,-0.02981710433959961,-0.021504367476754993,0.0390545129776001,-0.028324663639068604,-0.022885021528654903,0.010133296251296997,-0.003951430320739746,-0.017331308460288852,0.01802930235862732,-0.006211698055267334,-0.022164392060094684,0.024379104375839233,-0.004622161388397217,-0.023073014578276485,0.029657989740371704,-0.0030278563499450684,-0.02395234700148663
african beer,-0.0,0.0,0.0,0.014506518840789795,-0.0461423397064209,0.00034620648380823127,0.035080790519714355,-0.06912773847579956,-0.0008813198887231977,0.05244225263595581,-0.07413405179977417,-0.0025199620517390997,0.06499731540679932,-0.07689136266708374,-0.005036924872403148,0.0414617657661438,-0.05676162242889404,-0.005981535091851953,0.06333410739898682,-0.05192744731903076,-0.011939061246668103,0.07608139514923096,-0.045878708362579346,-0.01669109184280515,0.0863775908946991,-0.04025411605834961,-0.019703819788848165,0.03922635316848755,-0.03265345096588135,-0.009140503965173963,0.06298995018005371,-0.025404751300811768,-0.013252047262941602,0.07738769054412842,-0.019439697265625,-0.016469729505335096,0.08789846301078796,-0.014398813247680664,-0.019599595479522947,0.03523099422454834,-0.007586419582366943,-0.012124286405597928,0.0578533411026001,-0.0014941096305847168,-0.015629752911483052,0.07220602035522461,0.0029847025871276855,-0.018058126233373883,0.08285924792289734,0.006582438945770264,-0.020303120277677777,0.030061781406402588,0.017143964767456055,-0.014906983263646367,0.046727120876312256,0.021562516689300537,-0.018221998028312925,0.058061063289642334,0.023585796356201172,-0.01961756255463243,0.06716454029083252,0.02632230520248413,-0.020667813159381154,-0.0,0.0,0.0,-0.018767744302749634,-0.03688013553619385,-0.0011624937257330714,-0.03749731183052063,-0.06699544191360474,-0.0036093357563551365,-0.05275416374206543,-0.08540600538253784,-0.006374600118451923,-0.06456106901168823,-0.10252648591995239,-0.009228258168750614,-0.02284190058708191,-0.07185149192810059,-0.007197955863976091,-0.030312716960906982,-0.08292686939239502,-0.013331058210187763,-0.03748905658721924,-0.08076614141464233,-0.017903578242712825,-0.043787986040115356,-0.07962864637374878,-0.02132388833766541,-0.017591387033462524,-0.05239909887313843,-0.010459567195230335,-0.026459187269210815,-0.05736589431762695,-0.016013360357337802,-0.03571775555610657,-0.052815139293670654,-0.019288391581230968,-0.04314115643501282,-0.049955666065216064,-0.022505604437046856,-0.013629317283630371,-0.02924501895904541,-0.013862026630395263,-0.02221962809562683,-0.03294110298156738,-0.01995139080887398,-0.03150361776351929,-0.02981710433959961,-0.021504367476754993,-0.0390545129776001,-0.028324663639068604,-0.022885021528654903,-0.010133296251296997,-0.003951430320739746,-0.017331308460288852,-0.01802930235862732,-0.006211698055267334,-0.022164392060094684,-0.024379104375839233,-0.004622161388397217,-0.023073014578276485,-0.029657989740371704,-0.0030278563499450684,-0.02395234700148663
african beer,0.0,0.0,0.0,-0.013203799724578857,-0.04794597625732422,-0.0010299801816344711,-0.034857094287872314,-0.07225966453552246,-0.0026170108922869417,-0.05317121744155884,-0.07949739694595337,-0.004327875840395734,-0.06644684076309204,-0.0880584716796875,-0.006814349255442664,-0.03884643316268921,-0.05987423658370972,-0.006670835240662143,-0.061656177043914795,-0.05397719144821167,-0.012773145268589303,-0.0738295316696167,-0.04978322982788086,-0.017637393715709493,-0.08360999822616577,-0.04681432247161865,-0.020859561207622335,-0.03710693120956421,-0.034455180168151855,-0.009221430214971349,-0.060516297817230225,-0.027416586875915527,-0.013561527523130223,-0.07407867908477783,-0.022928237915039062,-0.01679344782504444,-0.08421298861503601,-0.018820524215698242,-0.020032310205429837,-0.03398352861404419,-0.007888078689575195,-0.011781555878847882,-0.05571633577346802,-0.0005819797515869141,-0.015728947984904096,-0.06876438856124878,0.0027436017990112305,-0.017794280591338918,-0.07880669832229614,0.0047263503074646,-0.019835769477218435,-0.02987062931060791,0.017417728900909424,-0.014267312641173646,-0.04555994272232056,0.023514211177825928,-0.017635914775461004,-0.055203378200531006,0.025897502899169922,-0.01867962563309078,-0.06336748600006104,0.028627872467041016,-0.01962193781408672,0.0,0.0,0.0,0.017827749252319336,-0.03951448202133179,-0.0007252417535674738,0.037146806716918945,-0.06736969947814941,-0.003078189297408329,0.0540633499622345,-0.08388257026672363,-0.006117579611778723,0.06679937243461609,-0.09739786386489868,-0.009248013227075802,0.025576263666152954,-0.06374651193618774,-0.005644853311419951,0.04022085666656494,-0.05915480852127075,-0.010401163800448643,0.04276534914970398,-0.05256962776184082,-0.014161188705653416,0.04291042685508728,-0.0526273250579834,-0.016899818173438774,0.019139587879180908,-0.043044984340667725,-0.009002463511020409,0.036917924880981445,-0.023051977157592773,-0.012603520034641491,0.039206087589263916,-0.019988298416137695,-0.015099385372192131,0.03869655728340149,-0.02263706922531128,-0.018053406468421684,0.014138519763946533,-0.02037215232849121,-0.012401680080980526,0.03017410635948181,-0.0013390183448791504,-0.01592793836334394,0.03329026699066162,-0.00030052661895751953,-0.01680612153449701,0.03452974557876587,-0.00270766019821167,-0.018241380891591774,0.00891163945198059,0.001292884349822998,-0.01594429238775419,0.01913359761238098,0.01748502254486084,-0.018373934170991646,0.024047881364822388,0.022476673126220703,-0.018184268466026055,0.027292072772979736,0.027923941612243652,-0.018446987113744484
african beer,-0.0,0.0,0.0,0.013203799724578857,-0.04794597625732422,-0.0010299801816344711,0.034857094287872314,-0.07225966453552246,-0.0026170108922869417,0.05317121744155884,-0.07949739694595337,-0.004327875840395734,0.06644684076309204,-0.0880584716796875,-0.006814349255442664,0.03884643316268921,-0.05987423658370972,-0.006670835240662143,0.061656177043914795,-0.05397719144821167,-0.012773145268589303,0.0738295316696167,-0.04978322982788086,-0.017637393715709493,0.08360999822616577,-0.04681432247161865,-0.020859561207622335,0.03710693120956421,-0.034455180168151855,-0.009221430214971349,0.060516297817230225,-0.027416586875915527,-0.013561527523130223,0.07407867908477783,-0.022928237915039062,-0.01679344782504444,0.08421298861503601,-0.018820524215698242,-0.020032310205429837,0.03398352861404419,-0.007888078689575195,-0.011781555878847882,0.05571633577346802,-0.0005819797515869141,-0.015728947984904096,0.06876438856124878,0.0027436017990112305,-0.017794280591338918,0.07880669832229614,0.0047263503074646,-0.019835769477218435,0.02987062931060791,0.017417728900909424,-0.014267312641173646,0.04555994272232056,0.023514211177825928,-0.017635914775461004,0.055203378200531006,0.025897502899169922,-0.01867962563309078,0.06336748600006104,0.028627872467041016,-0.01962193781408672,-0.0,0.0,0.0,-0.017827749252319336,-0.03951448202133179,-0.0007252417535674738,-0.037146806716918945,-0.06736969947814941,-0.003078189297408329,-0.0540633499622345,-0.08388257026672363,-0.006117579611778723,-0.06679937243461609,-0.09739786386489868,-0.009248013227075802,-0.025576263666152954,-0.06374651193618774,-0.005644853311419951,-0.04022085666656494,-0.05915480852127075,-0.010401163800448643,-0.04276534914970398,-0.05256962776184082,-0.014161188705653416,-0.04291042685508728,-0.0526273250579834,-0.016899818173438774,-0.019139587879180908,-0.043044984340667725,-0.009002463511020409,-0.036917924880981445,-0.023051977157592773,-0.012603520034641491,-0.039206087589263916,-0.019988298416137695,-0.015099385372192131,-0.03869655728340149,-0.02263706922531128,-0.018053406468421684,-0.014138519763946533,-0.02037215232849121,-0.012401680080980526,-0.03017410635948181,-0.0013390183448791504,-0.01592793836334394,-0.03329026699066162,-0.00030052661895751953,-0.01680612153449701,-0.03452974557876587,-0.00270766019821167,-0.018241380891591774,-0.00891163945198059,0.001292884349822998,-0.01594429238775419,-0.01913359761238098,0.01748502254486084,-0.018373934170991646,-0.024047881364822388,0.022476673126220703,-0.018184268466026055,-0.027292072772979736,0.027923941612243652,-0.018446987113744484
african beer,0.0,0.0,0.0,-0.014986276626586914,-0.04933655261993408,-0.0024158180561784093,-0.03752714395523071,-0.07446801662445068,-0.003996260823768694,-0.05594533681869507,-0.08277684450149536,-0.005555920662445146,-0.069732666015625,-0.08996987342834473,-0.007865804607135374,-0.04057985544204712,-0.05442732572555542,-0.0056637962219241444,-0.06093662977218628,-0.04376351833343506,-0.011415870288473684,-0.07221829891204834,-0.03696274757385254,-0.01666431164936455,-0.08227753639221191,-0.03190535306930542,-0.02049189283148678,-0.038959383964538574,-0.026914119720458984,-0.007531373655510265,-0.05933600664138794,-0.01436835527420044,-0.011880470799368936,-0.07209962606430054,-0.008070945739746094,-0.016135178865951616,-0.08215248584747314,-0.0014257431030273438,-0.02040327003793152,-0.0357205867767334,-0.0003262758255004883,-0.009614941092294771,-0.05504482984542847,0.010167479515075684,-0.013903271766466219,-0.06721627712249756,0.016104698181152344,-0.016653085487050134,-0.07692086696624756,0.021489322185516357,-0.01933794132069977,-0.03110569715499878,0.02302449941635132,-0.011803977551025469,-0.04541701078414917,0.03180807828903198,-0.015807869272393305,-0.05452460050582886,0.03776460886001587,-0.017426193120044786,-0.0621909499168396,0.0445934534072876,-0.018861029656690675,0.0,0.0,0.0,0.018211305141448975,-0.03153485059738159,-0.0006770838574352567,0.037435322999954224,-0.05249643325805664,-0.002092706219836593,0.0546225905418396,-0.06440210342407227,-0.004214311664536119,0.06706318259239197,-0.07645225524902344,-0.006614240998014331,0.02736973762512207,-0.04087042808532715,-0.003207590145602346,0.03663283586502075,-0.029785871505737305,-0.006154385109975458,0.04195031523704529,-0.019619762897491455,-0.009357968059911848,0.045990556478500366,-0.012704014778137207,-0.012052014184727788,0.02033466100692749,-0.020760715007781982,-0.005921821290239215,0.028474926948547363,0.0011989474296569824,-0.0086025294788028,0.036906689405441284,0.018101751804351807,-0.011895248381033063,0.04329711198806763,0.03207516670227051,-0.01554326870812428,0.014035940170288086,-0.001721501350402832,-0.008532984828188539,0.022234737873077393,0.020787537097930908,-0.012397561868264795,0.030738651752471924,0.035245537757873535,-0.01503127598537457,0.037018775939941406,0.047788798809051514,-0.01740116876883757,0.007829904556274414,0.016241133213043213,-0.011142698762550474,0.015217781066894531,0.03915679454803467,-0.014392548886671186,0.021418839693069458,0.05420917272567749,-0.015278936078384042,0.0258578360080719,0.06853270530700684,-0.016132048045828462
african beer,-0.0,0.0,0.0,0.014986276626586914,-0.04933655261993408,-0.0024158180561784093,0.03752714395523071,-0.07446801662445068,-0.003996260823768694,0.05594533681869507,-0.08277684450149536,-0.005555920662445146,0.069732666015625,-0.08996987342834473,-0.007865804607135374,0.04057985544204712,-0.05442732572555542,-0.0056637962219241444,0.06093662977218628,-0.04376351833343506,-0.011415870288473684,0.07221829891204834,-0.03696274757385254,-0.01666431164936455,0.08227753639221191,-0.03190535306930542,-0.02049189283148678,0.038959383964538574,-0.026914119720458984,-0.007531373655510265,0.05933600664138794,-0.01436835527420044,-0.011880470799368936,0.07209962606430054,-0.008070945739746094,-0.016135178865951616,0.08215248584747314,-0.0014257431030273438,-0.02040327003793152,0.0357205867767334,-0.0003262758255004883,-0.009614941092294771,0.05504482984542847,0.010167479515075684,-0.013903271766466219,0.06721627712249756,0.016104698181152344,-0.016653085487050134,0.07692086696624756,0.021489322185516357,-0.01933794132069977,0.03110569715499878,0.02302449941635132,-0.011803977551025469,0.04541701078414917,0.03180807828903198,-0.015807869272393305,0.05452460050582886,0.03776460886001587,-0.017426193120044786,0.0621909499168396,0.0445934534072876,-0.018861029656690675,-0.0,0.0,0.0,-0.018211305141448975,-0.03153485059738159,-0.0006770838574352567,-0.037435322999954224,-0.05249643325805664,-0.002092706219836593,-0.0546225905418396,-0.06440210342407227,-0.004214311664536119,-0.06706318259239197,-0.07645225524902344,-0.006614240998014331,-0.02736973762512207,-0.04087042808532715,-0.003207590145602346,-0.03663283586502075,-0.029785871505737305,-0.006154385109975458,-0.04195031523704529,-0.019619762897491455,-0.009357968059911848,-0.045990556478500366,-0.012704014778137207,-0.012052014184727788,-0.02033466100692749,-0.020760715007781982,-0.005921821290239215,-0.028474926948547363,0.0011989474296569824,-0.0086025294788028,-0.036906689405441284,0.018101751804351807,-0.011895248381033063,-0.04329711198806763,0.03207516670227051,-0.01554326870812428,-0.014035940170288086,-0.001721501350402832,-0.008532984828188539,-0.022234737873077393,0.020787537097930908,-0.012397561868264795,-0.030738651752471924,0.035245537757873535,-0.01503127598537457,-0.037018775939941406,0.047788798809051514,-0.01740116876883757,-0.007829904556274414,0.016241133213043213,-0.011142698762550474,-0.015217781066894531,0.03915679454803467,-0.014392548886671186,-0.021418839693069458,0.05420917272567749,-0.015278936078384042,-0.0258578360080719,0.06853270530700684,-0.016132048045828462
african beer,0.0,0.0,0.0,-0.01682865619659424,-0.041790664196014404,-0.0013715675836323271,-0.03588736057281494,-0.06057697534561157,-0.0025582907060055504,-0.052208781242370605,-0.06547003984451294,-0.0036853034784911642,-0.0645020604133606,-0.07151621580123901,-0.005190507023584701,-0.0435519814491272,-0.01590704917907715,-0.005057440585446216,-0.05909806489944458,0.003574371337890625,-0.008912659230631448,-0.06543248891830444,0.014377593994140625,-0.012642717900675393,-0.07111269235610962,0.024341166019439697,-0.015389012153249837,-0.04045635461807251,0.013552725315093994,-0.0060292756920574675,-0.0560641884803772,0.03540557622909546,-0.008744474480849362,-0.06476843357086182,0.048001646995544434,-0.01170249188224659,-0.07238990068435669,0.05849635601043701,-0.015049670803350068,-0.036135971546173096,0.03664165735244751,-0.006863775643509484,-0.050722360610961914,0.05634033679962158,-0.00917142348269806,-0.05868750810623169,0.06877768039703369,-0.01050227971653328,-0.06558191776275635,0.07893955707550049,-0.012493475320738412,-0.030832529067993164,0.053908705711364746,-0.007749381455582238,-0.0421258807182312,0.06999397277832031,-0.009594261626702405,-0.048100173473358154,0.08025914430618286,-0.009835595245462514,-0.05336356163024902,0.08931511640548706,-0.010429110358458615,0.0,0.0,0.0,0.017456650733947754,-0.016541600227355957,-0.008335302290618074,0.036548227071762085,-0.02108907699584961,-0.014525662814378393,0.05176350474357605,-0.023486971855163574,-0.01929978438198532,0.06340056657791138,-0.028528928756713867,-0.024016672452091825,0.024145156145095825,0.010684311389923096,-0.01675752521038021,0.029920607805252075,0.03318154811859131,-0.021832566415071142,0.03508037328720093,0.04971891641616821,-0.024739578073024404,0.039850205183029175,0.06515282392501831,-0.02667326078295673,0.015047281980514526,0.03352999687194824,-0.015510214199423444,0.023081213235855103,0.06448161602020264,-0.017975715627073896,0.029873281717300415,0.08449161052703857,-0.01842761010408367,0.034799724817276,0.10151517391204834,-0.019900412936806333,0.008873701095581055,0.050684452056884766,-0.014391504866182458,0.017477095127105713,0.08157634735107422,-0.016887401868700636,0.023695826530456543,0.10046207904815674,-0.01723534398257698,0.02872750163078308,0.11715680360794067,-0.0180596259284016,0.006002068519592285,0.062142133712768555,-0.013888777871727598,0.014041155576705933,0.08990389108657837,-0.015880062882899892,0.019093096256256104,0.10652363300323486,-0.015708185439109457,0.023150116205215454,0.12139302492141724,-0.015979267363547933
african beer,-0.0,0.0,0.0,0.01682865619659424,-0.041790664196014404,-0.0013715675836323271,0.03588736057281494,-0.06057697534561157,-0.0025582907060055504,0.052208781242370605,-0.06547003984451294,-0.0036853034784911642,0.0645020604133606,-0.07151621580123901,-0.005190507023584701,0.0435519814491272,-0.01590704917907715,-0.005057440585446216,0.05909806489944458,0.003574371337890625,-0.008912659230631448,0.06543248891830444,0.014377593994140625,-0.012642717900675393,0.07111269235610962,0.024341166019439697,-0.015389012153249837,0.04045635461807251,0.013552725315093994,-0.0060292756920574675,0.0560641884803772,0.03540557622909546,-0.008744474480849362,0.06476843357086182,0.048001646995544434,-0.01170249188224659,0.07238990068435669,0.05849635601043701,-0.015049670803350068,0.036135971546173096,0.03664165735244751,-0.006863775643509484,0.050722360610961914,0.05634033679962158,-0.00917142348269806,0.05868750810623169,0.06877768039703369,-0.01050227971653328,0.06558191776275635,0.07893955707550049,-0.012493475320738412,0.030832529067993164,0.053908705711364746,-0.007749381455582238,0.0421258807182312,0.06999397277832031,-0.009594261626702405,0.048100173473358154,0.08025914430618286,-0.009835595245462514,0.05336356163024902,0.08931511640548706,-0.010429110358458615,-0.0,0.0,0.0,-0.017456650733947754,-0.016541600227355957,-0.008335302290618074,-0.036548227071762085,-0.02108907699584961,-0.014525662814378393,-0.05176350474357605,-0.023486971855163574,-0.01929978438198532,-0.06340056657791138,-0.028528928756713867,-0.024016672452091825,-0.024145156145095825,0.010684311389923096,-0.01675752521038021,-0.029920607805252075,0.03318154811859131,-0.021832566415071142,-0.03508037328720093,0.04971891641616821,-0.024739578073024404,-0.039850205183029175,0.06515282392501831,-0.02667326078295673,-0.015047281980514526,0.03352999687194824,-0.015510214199423444,-0.023081213235855103,0.06448161602020264,-0.017975715627073896,-0.029873281717300415,0.08449161052703857,-0.01842761010408367,-0.034799724817276,0.10151517391204834,-0.019900412936806333,-0.008873701095581055,0.050684452056884766,-0.014391504866182458,-0.017477095127105713,0.08157634735107422,-0.016887401868700636,-0.023695826530456543,0.10046207904815674,-0.01723534398257698,-0.02872750163078308,0.11715680360794067,-0.0180596259284016,-0.006002068519592285,0.062142133712768555,-0.013888777871727598,-0.014041155576705933,0.08990389108657837,-0.015880062882899892,-0.019093096256256104,0.10652363300323486,-0.015708185439109457,-0.023150116205215454,0.12139302492141724,-0.015979267363547933
hello,0.0,0.0,0.0,0.014792084693908691,-0.029907047748565674,-0.0032625368814365174,0.021521180868148804,-0.06286722421646118,-0.004476170802433899,0.024654388427734375,-0.08467656373977661,-0.006501433720757177,0.0292818546295166,-0.10453319549560547,-0.008723466938306501,0.005226820707321167,-0.09609538316726685,0.00043454470397819023,0.005954086780548096,-0.12736544013023376,-0.006000522339661529,0.008852481842041016,-0.14868661761283875,-0.012020306942929437,0.012412458658218384,-0.16740623116493225,-0.016342744512428453,-0.0016608238220214844,-0.09149640798568726,-0.0025206162146673705,-0.0017568469047546387,-0.12321403622627258,-0.00870196270005863,0.0017066001892089844,-0.14645928144454956,-0.014403310885597875,0.006377041339874268,-0.16811612248420715,-0.018533375395406892,-0.008152157068252563,-0.08214488625526428,-0.006652345230747869,-0.009806305170059204,-0.11218661069869995,-0.013022015152444055,-0.006798774003982544,-0.13349080085754395,-0.01668070098565977,-0.0025748908519744873,-0.15222486853599548,-0.018898083178271463,-0.01429051160812378,-0.06852376461029053,-0.011395196711589506,-0.016531795263290405,-0.09164410829544067,-0.01704221433209341,-0.014243662357330322,-0.10833632946014404,-0.019410003257860353,-0.011074572801589966,-0.12266373634338379,-0.020798700211514642,0,0,0,0,0,0,0,0,0,0,0,0,0,0,0,0,0,0,0,0,0,0,0,0,0,0,0,0,0,0,0,0,0,0,0,0,0,0,0,0,0,0,0,0,0,0,0,0,0,0,0,0,0,0,0,0,0,0,0,0,0,0,0
hello,-0.0,0.0,0.0,-0.014792084693908691,-0.029907047748565674,-0.0032625368814365174,-0.021521180868148804,-0.06286722421646118,-0.004476170802433899,-0.024654388427734375,-0.08467656373977661,-0.006501433720757177,-0.0292818546295166,-0.10453319549560547,-0.008723466938306501,-0.005226820707321167,-0.09609538316726685,0.00043454470397819023,-0.005954086780548096,-0.12736544013023376,-0.006000522339661529,-0.008852481842041016,-0.14868661761283875,-0.012020306942929437,-0.012412458658218384,-0.16740623116493225,-0.016342744512428453,0.0016608238220214844,-0.09149640798568726,-0.0025206162146673705,0.0017568469047546387,-0.12321403622627258,-0.00870196270005863,-0.0017066001892089844,-0.14645928144454956,-0.014403310885597875,-0.006377041339874268,-0.16811612248420715,-0.018533375395406892,0.008152157068252563,-0.08214488625526428,-0.006652345230747869,0.009806305170059204,-0.11218661069869995,-0.013022015152444055,0.006798774003982544,-0.13349080085754395,-0.01668070098565977,0.0025748908519744873,-0.15222486853599548,-0.018898083178271463,0.01429051160812378,-0.06852376461029053,-0.011395196711589506,0.016531795263290405,-0.09164410829544067,-0.01704221433209341,0.014243662357330322,-0.10833632946014404,-0.019410003257860353,0.011074572801589966,-0.12266373634338379,-0.020798700211514642,0,0,0,0,0,0,0,0,0,0,0,0,0,0,0,0,0,0,0,0,0,0,0,0,0,0,0,0,0,0,0,0,0,0,0,0,0,0,0,0,0,0,0,0,0,0,0,0,0,0,0,0,0,0,0,0,0,0,0,0,0,0,0
hello,0.0,0.0,0.0,0.013569533824920654,-0.002150297164916992,-0.002096676282153709,0.026530206203460693,-0.02075493335723877,-0.0023486670251351427,0.03440028429031372,-0.03284826874732971,-0.0033942063018095325,0.04200345277786255,-0.04138225317001343,-0.004771346706466062,0.031041055917739868,-0.06672999262809753,0.0006879950961682368,0.04086881875991821,-0.09015098214149475,-0.0038198521505456995,0.04814022779464722,-0.10585090517997742,-0.008600482265965326,0.05408191680908203,-0.12016040086746216,-0.012293029125348909,0.026630103588104248,-0.07224395871162415,-0.0021567687071275543,0.0374273955821991,-0.09843888878822327,-0.006343948203639371,0.04622343182563782,-0.11761823296546936,-0.011038733195082528,0.05378234386444092,-0.13531389832496643,-0.014685223359183652,0.02090272307395935,-0.07353729009628296,-0.00581453835176049,0.03126981854438782,-0.09974372386932373,-0.010248165126458986,0.03988268971443176,-0.11618104577064514,-0.013971019085065706,0.04728314280509949,-0.13076555728912354,-0.016549990992562158,0.013212710618972778,-0.07075023651123047,-0.009894498172716482,0.020017772912979126,-0.0935434103012085,-0.014429938528255803,0.026560693979263306,-0.10820311307907104,-0.016886850367800577,0.03238794207572937,-0.1203867495059967,-0.018544367994682176,0,0,0,0,0,0,0,0,0,0,0,0,0,0,0,0,0,0,0,0,0,0,0,0,0,0,0,0,0,0,0,0,0,0,0,0,0,0,0,0,0,0,0,0,0,0,0,0,0,0,0,0,0,0,0,0,0,0,0,0,0,0,0
hello,-0.0,0.0,0.0,-0.013569533824920654,-0.002150297164916992,-0.002096676282153709,-0.026530206203460693,-0.02075493335723877,-0.0023486670251351427,-0.03440028429031372,-0.03284826874732971,-0.0033942063018095325,-0.04200345277786255,-0.04138225317001343,-0.004771346706466062,-0.031041055917739868,-0.06672999262809753,0.0006879950961682368,-0.04086881875991821,-0.09015098214149475,-0.0038198521505456995,-0.04814022779464722,-0.10585090517997742,-0.008600482265965326,-0.05408191680908203,-0.12016040086746216,-0.012293029125348909,-0.026630103588104248,-0.07224395871162415,-0.0021567687071275543,-0.0374273955821991,-0.09843888878822327,-0.006343948203639371,-0.04622343182563782,-0.11761823296546936,-0.011038733195082528,-0.05378234386444092,-0.13531389832496643,-0.014685223359183652,-0.02090272307395935,-0.07353729009628296,-0.00581453835176049,-0.03126981854438782,-0.09974372386932373,-0.010248165126458986,-0.03988268971443176,-0.11618104577064514,-0.013971019085065706,-0.04728314280509949,-0.13076555728912354,-0.016549990992562158,-0.013212710618972778,-0.07075023651123047,-0.009894498172716482,-0.020017772912979126,-0.0935434103012085,-0.014429938528255803,-0.026560693979263306,-0.10820311307907104,-0.016886850367800577,-0.03238794207572937,-0.1203867495059967,-0.018544367994682176,0,0,0,0,0,0,0,0,0,0,0,0,0,0,0,0,0,0,0,0,0,0,0,0,0,0,0,0,0,0,0,0,0,0,0,0,0,0,0,0,0,0,0,0,0,0,0,0,0,0,0,0,0,0,0,0,0,0,0,0,0,0,0
hello,0.0,0.0,0.0,0.01455920934677124,0.0024702250957489014,0.00018158984874450113,0.02858993411064148,-0.013693034648895264,0.0016098631951360076,0.0371931791305542,-0.024005889892578125,0.001924405636764881,0.04512718319892883,-0.03097018599510193,0.0018342962195498913,0.035918235778808594,-0.056503862142562866,0.003635470586396572,0.04770275950431824,-0.07992666959762573,0.00010055533328401367,0.05689811706542969,-0.09567537903785706,-0.0038641001390891105,0.06399407982826233,-0.10982057452201843,-0.006934537488468173,0.03304171562194824,-0.06222739815711975,0.00027383745162357087,0.04623398184776306,-0.08752796053886414,-0.0030632847281770736,0.056972622871398926,-0.10534238815307617,-0.0071228592949585945,0.06575137376785278,-0.12143263220787048,-0.01025050546178985,0.028562813997268677,-0.06521517038345337,-0.003779661777861598,0.0419633686542511,-0.09010452032089233,-0.007437711052097562,0.05188658833503723,-0.10580030083656311,-0.011034377321101907,0.06012457609176636,-0.12018099427223206,-0.013517212524511102,0.021752655506134033,-0.06506764888763428,-0.008045314281679872,0.031006306409835815,-0.08695092797279358,-0.012135697930552247,0.038761138916015625,-0.10060510039329529,-0.014569312735893014,0.04557141661643982,-0.11246511340141296,-0.016207186907030824,0,0,0,0,0,0,0,0,0,0,0,0,0,0,0,0,0,0,0,0,0,0,0,0,0,0,0,0,0,0,0,0,0,0,0,0,0,0,0,0,0,0,0,0,0,0,0,0,0,0,0,0,0,0,0,0,0,0,0,0,0,0,0
hello,-0.0,0.0,0.0,-0.01455920934677124,0.0024702250957489014,0.00018158984874450113,-0.02858993411064148,-0.013693034648895264,0.0016098631951360076,-0.0371931791305542,-0.024005889892578125,0.001924405636764881,-0.04512718319892883,-0.03097018599510193,0.0018342962195498913,-0.035918235778808594,-0.056503862142562866,0.003635470586396572,-0.04770275950431824,-0.07992666959762573,0.00010055533328401367,-0.05689811706542969,-0.09567537903785706,-0.0038641001390891105,-0.06399407982826233,-0.10982057452201843,-0.006934537488468173,-0.03304171562194824,-0.06222739815711975,0.00027383745162357087,-0.04623398184776306,-0.08752796053886414,-0.0030632847281770736,-0.056972622871398926,-0.10534238815307617,-0.0071228592949585945,-0.06575137376785278,-0.12143263220787048,-0.01025050546178985,-0.028562813997268677,-0.06521517038345337,-0.003779661777861598,-0.0419633686542511,-0.09010452032089233,-0.007437711052097562,-0.05188658833503723,-0.10580030083656311,-0.011034377321101907,-0.06012457609176636,-0.12018099427223206,-0.013517212524511102,-0.021752655506134033,-0.06506764888763428,-0.008045314281679872,-0.031006306409835815,-0.08695092797279358,-0.012135697930552247,-0.038761138916015625,-0.10060510039329529,-0.014569312735893014,-0.04557141661643982,-0.11246511340141296,-0.016207186907030824,0,0,0,0,0,0,0,0,0,0,0,0,0,0,0,0,0,0,0,0,0,0,0,0,0,0,0,0,0,0,0,0,0,0,0,0,0,0,0,0,0,0,0,0,0,0,0,0,0,0,0,0,0,0,0,0,0,0,0,0,0,0,0
hello,0.0,0.0,0.0,0.01666507124900818,0.003192991018295288,0.002165453782007276,0.03066849708557129,-0.012800812721252441,0.004585268249437391,0.039666563272476196,-0.022189319133758545,0.005300262750759899,0.04806363582611084,-0.029332607984542847,0.005558544112071573,0.03601306676864624,-0.05302691459655762,0.008353795664087116,0.04728254675865173,-0.0758582055568695,0.005402092164084493,0.057160258293151855,-0.09189209342002869,0.0014058961939813486,0.06512081623077393,-0.10636201500892639,-0.001829002361111165,0.03472638130187988,-0.058265477418899536,0.003916533006057321,0.047972142696380615,-0.08327233791351318,0.0011763882764430633,0.059073179960250854,-0.10211232304573059,-0.0032585570181904444,0.06846082210540771,-0.11914610862731934,-0.006723746383860529,0.03211739659309387,-0.06180289387702942,-0.0012936130690572867,0.04634585976600647,-0.08666229248046875,-0.004550139611884774,0.05637440085411072,-0.10422167181968689,-0.00836906135670823,0.06469303369522095,-0.1200706958770752,-0.010955636581703843,0.02746102213859558,-0.062108784914016724,-0.006633098429366768,0.03773263096809387,-0.0832352340221405,-0.009924435248896302,0.045655399560928345,-0.09629371762275696,-0.01191718988709134,0.052567124366760254,-0.10753163695335388,-0.0133028060256688,0,0,0,0,0,0,0,0,0,0,0,0,0,0,0,0,0,0,0,0,0,0,0,0,0,0,0,0,0,0,0,0,0,0,0,0,0,0,0,0,0,0,0,0,0,0,0,0,0,0,0,0,0,0,0,0,0,0,0,0,0,0,0
hello,-0.0,0.0,0.0,-0.01666507124900818,0.003192991018295288,0.002165453782007276,-0.03066849708557129,-0.012800812721252441,0.004585268249437391,-0.039666563272476196,-0.022189319133758545,0.005300262750759899,-0.04806363582611084,-0.029332607984542847,0.005558544112071573,-0.03601306676864624,-0.05302691459655762,0.008353795664087116,-0.04728254675865173,-0.0758582055568695,0.005402092164084493,-0.057160258293151855,-0.09189209342002869,0.0014058961939813486,-0.06512081623077393,-0.10636201500892639,-0.001829002361111165,-0.03472638130187988,-0.058265477418899536,0.003916533006057321,-0.047972142696380615,-0.08327233791351318,0.0011763882764430633,-0.059073179960250854,-0.10211232304573059,-0.0032585570181904444,-0.06846082210540771,-0.11914610862731934,-0.006723746383860529,-0.03211739659309387,-0.06180289387702942,-0.0012936130690572867,-0.04634585976600647,-0.08666229248046875,-0.004550139611884774,-0.05637440085411072,-0.10422167181968689,-0.00836906135670823,-0.06469303369522095,-0.1200706958770752,-0.010955636581703843,-0.02746102213859558,-0.062108784914016724,-0.006633098429366768,-0.03773263096809387,-0.0832352340221405,-0.009924435248896302,-0.045655399560928345,-0.09629371762275696,-0.01191718988709134,-0.052567124366760254,-0.10753163695335388,-0.0133028060256688,0,0,0,0,0,0,0,0,0,0,0,0,0,0,0,0,0,0,0,0,0,0,0,0,0,0,0,0,0,0,0,0,0,0,0,0,0,0,0,0,0,0,0,0,0,0,0,0,0,0,0,0,0,0,0,0,0,0,0,0,0,0,0
hello,0.0,0.0,0.0,0.018791884183883667,-0.0062236487865448,0.002735672762253394,0.03435033559799194,-0.029819637537002563,0.004169370524221172,0.043950796127319336,-0.044795483350753784,0.0033174851086075208,0.04934147000312805,-0.04536694288253784,0.002177144644417872,0.0369737446308136,-0.07314574718475342,0.0076969312612051866,0.04894837737083435,-0.09981399774551392,0.004491430252426376,0.05768248438835144,-0.11490762233734131,0.0005626951568844518,0.06517437100410461,-0.12655311822891235,-0.0027046792566691735,0.03186866641044617,-0.0795958936214447,0.0018154220996509096,0.04463467001914978,-0.11136838793754578,-0.001127202402233074,0.05462712049484253,-0.1268012672662735,-0.004685541604078303,0.062116146087646484,-0.1365230679512024,-0.007573168713963518,0.025549113750457764,-0.08171522617340088,-0.00493256420678545,0.03755784034729004,-0.11254215240478516,-0.008511586103952418,0.04715952277183533,-0.1276395171880722,-0.011051627796507368,0.05435463786125183,-0.1372687816619873,-0.012967031438267718,0.0183391273021698,-0.0792246162891388,-0.011932787474608908,0.027904242277145386,-0.10354146361351013,-0.015284587618327627,0.035698652267456055,-0.11660350859165192,-0.016628487956142912,0.041876375675201416,-0.12547831237316132,-0.017776255485034476,0,0,0,0,0,0,0,0,0,0,0,0,0,0,0,0,0,0,0,0,0,0,0,0,0,0,0,0,0,0,0,0,0,0,0,0,0,0,0,0,0,0,0,0,0,0,0,0,0,0,0,0,0,0,0,0,0,0,0,0,0,0,0
hello,-0.0,0.0,0.0,-0.018791884183883667,-0.0062236487865448,0.002735672762253394,-0.03435033559799194,-0.029819637537002563,0.004169370524221172,-0.043950796127319336,-0.044795483350753784,0.0033174851086075208,-0.04934147000312805,-0.04536694288253784,0.002177144644417872,-0.0369737446308136,-0.07314574718475342,0.0076969312612051866,-0.04894837737083435,-0.09981399774551392,0.004491430252426376,-0.05768248438835144,-0.11490762233734131,0.0005626951568844518,-0.06517437100410461,-0.12655311822891235,-0.0027046792566691735,-0.03186866641044617,-0.0795958936214447,0.0018154220996509096,-0.04463467001914978,-0.11136838793754578,-0.001127202402233074,-0.05462712049484253,-0.1268012672662735,-0.004685541604078303,-0.062116146087646484,-0.1365230679512024,-0.007573168713963518,-0.025549113750457764,-0.08171522617340088,-0.00493256420678545,-0.03755784034729004,-0.11254215240478516,-0.008511586103952418,-0.04715952277183533,-0.1276395171880722,-0.011051627796507368,-0.05435463786125183,-0.1372687816619873,-0.012967031438267718,-0.0183391273021698,-0.0792246162891388,-0.011932787474608908,-0.027904242277145386,-0.10354146361351013,-0.015284587618327627,-0.035698652267456055,-0.11660350859165192,-0.016628487956142912,-0.041876375675201416,-0.12547831237316132,-0.017776255485034476,0,0,0,0,0,0,0,0,0,0,0,0,0,0,0,0,0,0,0,0,0,0,0,0,0,0,0,0,0,0,0,0,0,0,0,0,0,0,0,0,0,0,0,0,0,0,0,0,0,0,0,0,0,0,0,0,0,0,0,0,0,0,0
hello,0.0,0.0,0.0,0.01497262716293335,-0.01938524842262268,-0.0033630488551388282,0.023246943950653076,-0.05259975790977478,-0.004559914313180258,0.027042031288146973,-0.07460218667984009,-0.006221151642424871,0.03005233407020569,-0.09211477637290955,-0.00833836683250766,0.012067973613739014,-0.09645569324493408,-0.0027420455235223073,0.012576669454574585,-0.1322012096643448,-0.008652442332280685,0.012638360261917114,-0.15476584434509277,-0.014040597911847641,0.011416822671890259,-0.17439541220664978,-0.01800994129098754,0.0043649375438690186,-0.09467259049415588,-0.005776961531413605,0.004855453968048096,-0.13437741994857788,-0.011099827673209717,0.005206048488616943,-0.16005229949951172,-0.016346088807953407,0.004915088415145874,-0.18188202381134033,-0.020433199789298584,-0.003397911787033081,-0.0856814980506897,-0.009646713931036999,-0.0031839609146118164,-0.12387408316135406,-0.01513704118497472,-0.002791076898574829,-0.1483519822359085,-0.01960013174630504,-0.002547621726989746,-0.16963578760623932,-0.02277402692653041,-0.011467278003692627,-0.07070451974868774,-0.013893935095442345,-0.01281803846359253,-0.09884488582611084,-0.019455614697111656,-0.01271405816078186,-0.11812353134155273,-0.022449153672827293,-0.012785375118255615,-0.1361600011587143,-0.024520027648581078,0,0,0,0,0,0,0,0,0,0,0,0,0,0,0,0,0,0,0,0,0,0,0,0,0,0,0,0,0,0,0,0,0,0,0,0,0,0,0,0,0,0,0,0,0,0,0,0,0,0,0,0,0,0,0,0,0,0,0,0,0,0,0
hello,-0.0,0.0,0.0,-0.01497262716293335,-0.01938524842262268,-0.0033630488551388282,-0.023246943950653076,-0.05259975790977478,-0.004559914313180258,-0.027042031288146973,-0.07460218667984009,-0.006221151642424871,-0.03005233407020569,-0.09211477637290955,-0.00833836683250766,-0.012067973613739014,-0.09645569324493408,-0.0027420455235223073,-0.012576669454574585,-0.1322012096643448,-0.008652442332280685,-0.012638360261917114,-0.15476584434509277,-0.014040597911847641,-0.011416822671890259,-0.17439541220664978,-0.01800994129098754,-0.0043649375438690186,-0.09467259049415588,-0.005776961531413605,-0.004855453968048096,-0.13437741994857788,-0.011099827673209717,-0.005206048488616943,-0.16005229949951172,-0.016346088807953407,-0.004915088415145874,-0.18188202381134033,-0.020433199789298584,0.003397911787033081,-0.0856814980506897,-0.009646713931036999,0.0031839609146118164,-0.12387408316135406,-0.01513704118497472,0.002791076898574829,-0.1483519822359085,-0.01960013174630504,0.002547621726989746,-0.16963578760623932,-0.02277402692653041,0.011467278003692627,-0.07070451974868774,-0.013893935095442345,0.01281803846359253,-0.09884488582611084,-0.019455614697111656,0.01271405816078186,-0.11812353134155273,-0.022449153672827293,0.012785375118255615,-0.1361600011587143,-0.024520027648581078,0,0,0,0,0,0,0,0,0,0,0,0,0,0,0,0,0,0,0,0,0,0,0,0,0,0,0,0,0,0,0,0,0,0,0,0,0,0,0,0,0,0,0,0,0,0,0,0,0,0,0,0,0,0,0,0,0,0,0,0,0,0,0
hello,0.0,0.0,0.0,0.013685524463653564,-0.021282166242599487,-0.0032870245402705223,0.020188450813293457,-0.05444958806037903,-0.004929307825307205,0.0228579044342041,-0.07682356238365173,-0.006988216634283617,0.02569839358329773,-0.09408026933670044,-0.009470673720727518,0.007369577884674072,-0.0977964997291565,-0.0038925301985841543,0.0068356990814208984,-0.13293877243995667,-0.009856448020229891,0.006314605474472046,-0.15547102689743042,-0.015048495005260065,0.0049755871295928955,-0.17558243870735168,-0.018995103869031027,-0.0005139708518981934,-0.09453490376472473,-0.007032843283752754,-0.00041666626930236816,-0.13299158215522766,-0.012549080397377566,-0.0006276071071624756,-0.15895594656467438,-0.01761262256223972,-0.001689821481704712,-0.1818828284740448,-0.02158872920591648,-0.008084654808044434,-0.08382028341293335,-0.010861571389625624,-0.008487343788146973,-0.12140730023384094,-0.016337684798429564,-0.008375942707061768,-0.145096093416214,-0.020316367480347708,-0.008735448122024536,-0.16616760194301605,-0.023256407562087134,-0.015926867723464966,-0.06705522537231445,-0.015046569961498335,-0.018674373626708984,-0.09398320317268372,-0.020807370054910734,-0.01907709240913391,-0.11295923590660095,-0.02366665888149555,-0.019739121198654175,-0.13103778660297394,-0.025596830505321577,0,0,0,0,0,0,0,0,0,0,0,0,0,0,0,0,0,0,0,0,0,0,0,0,0,0,0,0,0,0,0,0,0,0,0,0,0,0,0,0,0,0,0,0,0,0,0,0,0,0,0,0,0,0,0,0,0,0,0,0,0,0,0
hello,-0.0,0.0,0.0,-0.013685524463653564,-0.021282166242599487,-0.0032870245402705223,-0.020188450813293457,-0.05444958806037903,-0.004929307825307205,-0.0228579044342041,-0.07682356238365173,-0.006988216634283617,-0.02569839358329773,-0.09408026933670044,-0.009470673720727518,-0.007369577884674072,-0.0977964997291565,-0.0038925301985841543,-0.0068356990814208984,-0.13293877243995667,-0.009856448020229891,-0.006314605474472046,-0.15547102689743042,-0.015048495005260065,-0.0049755871295928955,-0.17558243870735168,-0.018995103869031027,0.0005139708518981934,-0.09453490376472473,-0.007032843283752754,0.00041666626930236816,-0.13299158215522766,-0.012549080397377566,0.0006276071071624756,-0.15895594656467438,-0.01761262256223972,0.001689821481704712,-0.1818828284740448,-0.02158872920591648,0.008084654808044434,-0.08382028341293335,-0.010861571389625624,0.008487343788146973,-0.12140730023384094,-0.016337684798429564,0.008375942707061768,-0.145096093416214,-0.020316367480347708,0.008735448122024536,-0.16616760194301605,-0.023256407562087134,0.015926867723464966,-0.06705522537231445,-0.015046569961498335,0.018674373626708984,-0.09398320317268372,-0.020807370054910734,0.01907709240913391,-0.11295923590660095,-0.02366665888149555,0.019739121198654175,-0.13103778660297394,-0.025596830505321577,0,0,0,0,0,0,0,0,0,0,0,0,0,0,0,0,0,0,0,0,0,0,0,0,0,0,0,0,0,0,0,0,0,0,0,0,0,0,0,0,0,0,0,0,0,0,0,0,0,0,0,0,0,0,0,0,0,0,0,0,0,0,0
hello,0.0,0.0,0.0,0.014419645071029663,-0.020397990942001343,-0.002974837877204095,0.021593064069747925,-0.05485531687736511,-0.003991919661288534,0.025152862071990967,-0.07766881585121155,-0.005425780171876227,0.027468830347061157,-0.09485670924186707,-0.0073736120000233996,0.009296506643295288,-0.09753793478012085,-0.0034133872002115595,0.009823232889175415,-0.13299813866615295,-0.009135841017936741,0.010092765092849731,-0.15552613139152527,-0.014296835845684086,0.009094387292861938,-0.17527616024017334,-0.01822690907714275,0.0018368363380432129,-0.09475809335708618,-0.006573495081042324,0.0017978549003601074,-0.1338118314743042,-0.011803718841051136,0.001755356788635254,-0.15983079373836517,-0.016751468738888775,0.0010180771350860596,-0.182573139667511,-0.020687584391211544,-0.005537927150726318,-0.08415859937667847,-0.01044440604594854,-0.005898863077163696,-0.12148502469062805,-0.015775174459790264,-0.005569547414779663,-0.14528179168701172,-0.020007242074584042,-0.005512744188308716,-0.16678886115550995,-0.023148215001796757,-0.013163268566131592,-0.06709685921669006,-0.014633167161022698,-0.015462249517440796,-0.09396469593048096,-0.02025356385705379,-0.015426069498062134,-0.11274117231369019,-0.023226991853093182,-0.015519767999649048,-0.130933940410614,-0.025332715919589077,0,0,0,0,0,0,0,0,0,0,0,0,0,0,0,0,0,0,0,0,0,0,0,0,0,0,0,0,0,0,0,0,0,0,0,0,0,0,0,0,0,0,0,0,0,0,0,0,0,0,0,0,0,0,0,0,0,0,0,0,0,0,0
hello,-0.0,0.0,0.0,-0.014419645071029663,-0.020397990942001343,-0.002974837877204095,-0.021593064069747925,-0.05485531687736511,-0.003991919661288534,-0.025152862071990967,-0.07766881585121155,-0.005425780171876227,-0.027468830347061157,-0.09485670924186707,-0.0073736120000233996,-0.009296506643295288,-0.09753793478012085,-0.0034133872002115595,-0.009823232889175415,-0.13299813866615295,-0.009135841017936741,-0.010092765092849731,-0.15552613139152527,-0.014296835845684086,-0.009094387292861938,-0.17527616024017334,-0.01822690907714275,-0.0018368363380432129,-0.09475809335708618,-0.006573495081042324,-0.0017978549003601074,-0.1338118314743042,-0.011803718841051136,-0.001755356788635254,-0.15983079373836517,-0.016751468738888775,-0.0010180771350860596,-0.182573139667511,-0.020687584391211544,0.005537927150726318,-0.08415859937667847,-0.01044440604594854,0.005898863077163696,-0.12148502469062805,-0.015775174459790264,0.005569547414779663,-0.14528179168701172,-0.020007242074584042,0.005512744188308716,-0.16678886115550995,-0.023148215001796757,0.013163268566131592,-0.06709685921669006,-0.014633167161022698,0.015462249517440796,-0.09396469593048096,-0.02025356385705379,0.015426069498062134,-0.11274117231369019,-0.023226991853093182,0.015519767999649048,-0.130933940410614,-0.025332715919589077,0,0,0,0,0,0,0,0,0,0,0,0,0,0,0,0,0,0,0,0,0,0,0,0,0,0,0,0,0,0,0,0,0,0,0,0,0,0,0,0,0,0,0,0,0,0,0,0,0,0,0,0,0,0,0,0,0,0,0,0,0,0,0
hello,0.0,0.0,0.0,0.015619993209838867,-0.02279379963874817,-0.003161618842447922,0.023195654153823853,-0.056649744510650635,-0.004587173818315193,0.026595234870910645,-0.07893481850624084,-0.006493656321133301,0.029963016510009766,-0.09722235798835754,-0.008894393576944992,0.010870873928070068,-0.09961536526679993,-0.0035426087050538513,0.011287152767181396,-0.1353258490562439,-0.009630841559435055,0.011168062686920166,-0.15745168924331665,-0.015358484706545994,0.009777158498764038,-0.17772045731544495,-0.01973824052389972,0.0032772421836853027,-0.09646373987197876,-0.00678046362724416,0.003659158945083618,-0.1353456676006317,-0.011981643161441013,0.00363314151763916,-0.16096177697181702,-0.017160801573361084,0.0026710927486419678,-0.18373537063598633,-0.021450916661585495,-0.004271388053894043,-0.08545947074890137,-0.010809407925869152,-0.004276156425476074,-0.12321299314498901,-0.016052862985695526,-0.0036453306674957275,-0.1465516984462738,-0.020471878706182167,-0.0035487115383148193,-0.1678849160671234,-0.023922577856744454,-0.012030959129333496,-0.06811526417732239,-0.01521438488986604,-0.013634532690048218,-0.09469172358512878,-0.02076546883460395,-0.013444691896438599,-0.11355409026145935,-0.023842092959846184,-0.013753622770309448,-0.13159087300300598,-0.02614249510940425,0,0,0,0,0,0,0,0,0,0,0,0,0,0,0,0,0,0,0,0,0,0,0,0,0,0,0,0,0,0,0,0,0,0,0,0,0,0,0,0,0,0,0,0,0,0,0,0,0,0,0,0,0,0,0,0,0,0,0,0,0,0,0
hello,-0.0,0.0,0.0,-0.015619993209838867,-0.02279379963874817,-0.003161618842447922,-0.023195654153823853,-0.056649744510650635,-0.004587173818315193,-0.026595234870910645,-0.07893481850624084,-0.006493656321133301,-0.029963016510009766,-0.09722235798835754,-0.008894393576944992,-0.010870873928070068,-0.09961536526679993,-0.0035426087050538513,-0.011287152767181396,-0.1353258490562439,-0.009630841559435055,-0.011168062686920166,-0.15745168924331665,-0.015358484706545994,-0.009777158498764038,-0.17772045731544495,-0.01973824052389972,-0.0032772421836853027,-0.09646373987197876,-0.00678046362724416,-0.003659158945083618,-0.1353456676006317,-0.011981643161441013,-0.00363314151763916,-0.16096177697181702,-0.017160801573361084,-0.0026710927486419678,-0.18373537063598633,-0.021450916661585495,0.004271388053894043,-0.08545947074890137,-0.010809407925869152,0.004276156425476074,-0.12321299314498901,-0.016052862985695526,0.0036453306674957275,-0.1465516984462738,-0.020471878706182167,0.0035487115383148193,-0.1678849160671234,-0.023922577856744454,0.012030959129333496,-0.06811526417732239,-0.01521438488986604,0.013634532690048218,-0.09469172358512878,-0.02076546883460395,0.013444691896438599,-0.11355409026145935,-0.023842092959846184,0.013753622770309448,-0.13159087300300598,-0.02614249510940425,0,0,0,0,0,0,0,0,0,0,0,0,0,0,0,0,0,0,0,0,0,0,0,0,0,0,0,0,0,0,0,0,0,0,0,0,0,0,0,0,0,0,0,0,0,0,0,0,0,0,0,0,0,0,0,0,0,0,0,0,0,0,0
hello,0.0,0.0,0.0,0.015726804733276367,-0.021935760974884033,-0.003833807496437913,0.02359187602996826,-0.054860711097717285,-0.005619884891519433,0.0270233154296875,-0.07752734422683716,-0.007732117505828029,0.03027445077896118,-0.09606897830963135,-0.010308652607808,0.011534959077835083,-0.09817051887512207,-0.004135352516630775,0.011920273303985596,-0.13347813487052917,-0.010414378209123498,0.012029767036437988,-0.15536203980445862,-0.01615707059771765,0.010924428701400757,-0.17549249529838562,-0.020462817004034406,0.003766775131225586,-0.09528633952140808,-0.007013171402821428,0.0041422247886657715,-0.1343616247177124,-0.012470039030620939,0.00450548529624939,-0.16024187207221985,-0.017709190448830014,0.004039674997329712,-0.18328307569026947,-0.02194889118344534,-0.003948867321014404,-0.08459010720252991,-0.01070635994345892,-0.00370025634765625,-0.12201541662216187,-0.01624852088660944,-0.0028386712074279785,-0.14522916078567505,-0.020612555047581083,-0.0024740397930145264,-0.16631600260734558,-0.02386946273417223,-0.011846393346786499,-0.06755191087722778,-0.014808489432642347,-0.013108164072036743,-0.0939871072769165,-0.020539107224056607,-0.012751996517181396,-0.11240682005882263,-0.023521716198036557,-0.013011753559112549,-0.13007575273513794,-0.02563093272418726,0,0,0,0,0,0,0,0,0,0,0,0,0,0,0,0,0,0,0,0,0,0,0,0,0,0,0,0,0,0,0,0,0,0,0,0,0,0,0,0,0,0,0,0,0,0,0,0,0,0,0,0,0,0,0,0,0,0,0,0,0,0,0
hello,-0.0,0.0,0.0,-0.015726804733276367,-0.021935760974884033,-0.003833807496437913,-0.02359187602996826,-0.054860711097717285,-0.005619884891519433,-0.0270233154296875,-0.07752734422683716,-0.007732117505828029,-0.03027445077896118,-0.09606897830963135,-0.010308652607808,-0.011534959077835083,-0.09817051887512207,-0.004135352516630775,-0.011920273303985596,-0.13347813487052917,-0.010414378209123498,-0.012029767036437988,-0.15536203980445862,-0.01615707059771765,-0.010924428701400757,-0.17549249529838562,-0.020462817004034406,-0.003766775131225586,-0.09528633952140808,-0.007013171402821428,-0.0041422247886657715,-0.1343616247177124,-0.012470039030620939,-0.00450548529624939,-0.16024187207221985,-0.017709190448830014,-0.004039674997329712,-0.18328307569026947,-0.02194889118344534,0.003948867321014404,-0.08459010720252991,-0.01070635994345892,0.00370025634765625,-0.12201541662216187,-0.01624852088660944,0.0028386712074279785,-0.14522916078567505,-0.020612555047581083,0.0024740397930145264,-0.16631600260734558,-0.02386946273417223,0.011846393346786499,-0.06755191087722778,-0.014808489432642347,0.013108164072036743,-0.0939871072769165,-0.020539107224056607,0.012751996517181396,-0.11240682005882263,-0.023521716198036557,0.013011753559112549,-0.13007575273513794,-0.02563093272418726,0,0,0,0,0,0,0,0,0,0,0,0,0,0,0,0,0,0,0,0,0,0,0,0,0,0,0,0,0,0,0,0,0,0,0,0,0,0,0,0,0,0,0,0,0,0,0,0,0,0,0,0,0,0,0,0,0,0,0,0,0,0,0
hello,0.0,0.0,0.0,0.015392124652862549,-0.02173486351966858,-0.0032003577411003903,0.02333661913871765,-0.055376797914505005,-0.004787793577072819,0.02670881152153015,-0.0774974524974823,-0.006860531594959696,0.03018936514854431,-0.09556150436401367,-0.009430056166259249,0.011979162693023682,-0.09868639707565308,-0.00414965693688174,0.012686192989349365,-0.1339801549911499,-0.010413878325728376,0.01260349154472351,-0.1557273268699646,-0.01617265931179901,0.011258512735366821,-0.17595313489437103,-0.02057421645930191,0.004328280687332153,-0.09529086947441101,-0.00746952808311363,0.005264461040496826,-0.13414564728736877,-0.012745051373151739,0.005448490381240845,-0.1596936285495758,-0.017914841611293753,0.00457426905632019,-0.18266327679157257,-0.02225711076369663,-0.003380417823791504,-0.08411884307861328,-0.011550209213403662,-0.0028409361839294434,-0.12187895178794861,-0.016944330845383604,-0.0021241307258605957,-0.14475995302200317,-0.021340706114081343,-0.0019693970680236816,-0.16587337851524353,-0.024783259917406042,-0.011451363563537598,-0.0669499933719635,-0.015999757413176496,-0.012614130973815918,-0.09384575486183167,-0.0217576443295755,-0.012310206890106201,-0.11321699619293213,-0.024977930549887617,-0.012591958045959473,-0.1316654086112976,-0.027385216866044004,0,0,0,0,0,0,0,0,0,0,0,0,0,0,0,0,0,0,0,0,0,0,0,0,0,0,0,0,0,0,0,0,0,0,0,0,0,0,0,0,0,0,0,0,0,0,0,0,0,0,0,0,0,0,0,0,0,0,0,0,0,0,0
hello,-0.0,0.0,0.0,-0.015392124652862549,-0.02173486351966858,-0.0032003577411003903,-0.02333661913871765,-0.055376797914505005,-0.004787793577072819,-0.02670881152153015,-0.0774974524974823,-0.006860531594959696,-0.03018936514854431,-0.09556150436401367,-0.009430056166259249,-0.011979162693023682,-0.09868639707565308,-0.00414965693688174,-0.012686192989349365,-0.1339801549911499,-0.010413878325728376,-0.01260349154472351,-0.1557273268699646,-0.01617265931179901,-0.011258512735366821,-0.17595313489437103,-0.02057421645930191,-0.004328280687332153,-0.09529086947441101,-0.00746952808311363,-0.005264461040496826,-0.13414564728736877,-0.012745051373151739,-0.005448490381240845,-0.1596936285495758,-0.017914841611293753,-0.00457426905632019,-0.18266327679157257,-0.02225711076369663,0.003380417823791504,-0.08411884307861328,-0.011550209213403662,0.0028409361839294434,-0.12187895178794861,-0.016944330845383604,0.0021241307258605957,-0.14475995302200317,-0.021340706114081343,0.0019693970680236816,-0.16587337851524353,-0.024783259917406042,0.011451363563537598,-0.0669499933719635,-0.015999757413176496,0.012614130973815918,-0.09384575486183167,-0.0217576443295755,0.012310206890106201,-0.11321699619293213,-0.024977930549887617,0.012591958045959473,-0.1316654086112976,-0.027385216866044004,0,0,0,0,0,0,0,0,0,0,0,0,0,0,0,0,0,0,0,0,0,0,0,0,0,0,0,0,0,0,0,0,0,0,0,0,0,0,0,0,0,0,0,0,0,0,0,0,0,0,0,0,0,0,0,0,0,0,0,0,0,0,0
hello,0.0,0.0,0.0,0.01747193932533264,-0.021316170692443848,-0.0022104346921807405,0.030382663011550903,-0.05064612627029419,-0.0036068567337608215,0.03811162710189819,-0.0726422667503357,-0.00617155728695451,0.04172524809837341,-0.09154075384140015,-0.008608361406452048,0.019767671823501587,-0.09115755558013916,3.6188380825308286e-05,0.02716618776321411,-0.12311017513275146,-0.007039741313285219,0.03516888618469238,-0.12635880708694458,-0.012869901655442106,0.04146227240562439,-0.11928272247314453,-0.015951254105395662,0.01036381721496582,-0.09014615416526794,-0.002667819315767872,0.017144203186035156,-0.11928090453147888,-0.008782856797999727,0.02764037251472473,-0.11746042966842651,-0.012957186138457644,0.03597456216812134,-0.10627838969230652,-0.015522125808722365,0.0009154677391052246,-0.08382469415664673,-0.006394977381653177,0.008268982172012329,-0.10534742474555969,-0.01245854671878277,0.01845771074295044,-0.09807294607162476,-0.014495731963044989,0.025657355785369873,-0.08394333720207214,-0.015205347610837805,-0.009007006883621216,-0.07321533560752869,-0.010618173217601168,-0.002738267183303833,-0.08991292119026184,-0.01524744245988785,0.005631804466247559,-0.0851132869720459,-0.016175907736844408,0.012243419885635376,-0.07497444748878479,-0.016204212492532122,0,0,0,0,0,0,0,0,0,0,0,0,0,0,0,0,0,0,0,0,0,0,0,0,0,0,0,0,0,0,0,0,0,0,0,0,0,0,0,0,0,0,0,0,0,0,0,0,0,0,0,0,0,0,0,0,0,0,0,0,0,0,0
hello,-0.0,0.0,0.0,-0.01747193932533264,-0.021316170692443848,-0.0022104346921807405,-0.030382663011550903,-0.05064612627029419,-0.0036068567337608215,-0.03811162710189819,-0.0726422667503357,-0.00617155728695451,-0.04172524809837341,-0.09154075384140015,-0.008608361406452048,-0.019767671823501587,-0.09115755558013916,3.6188380825308286e-05,-0.02716618776321411,-0.12311017513275146,-0.007039741313285219,-0.03516888618469238,-0.12635880708694458,-0.012869901655442106,-0.04146227240562439,-0.11928272247314453,-0.015951254105395662,-0.01036381721496582,-0.09014615416526794,-0.002667819315767872,-0.017144203186035156,-0.11928090453147888,-0.008782856797999727,-0.02764037251472473,-0.11746042966842651,-0.012957186138457644,-0.03597456216812134,-0.10627838969230652,-0.015522125808722365,-0.0009154677391052246,-0.08382469415664673,-0.006394977381653177,-0.008268982172012329,-0.10534742474555969,-0.01245854671878277,-0.01845771074295044,-0.09807294607162476,-0.014495731963044989,-0.025657355785369873,-0.08394333720207214,-0.015205347610837805,0.009007006883621216,-0.07321533560752869,-0.010618173217601168,0.002738267183303833,-0.08991292119026184,-0.01524744245988785,-0.005631804466247559,-0.0851132869720459,-0.016175907736844408,-0.012243419885635376,-0.07497444748878479,-0.016204212492532122,0,0,0,0,0,0,0,0,0,0,0,0,0,0,0,0,0,0,0,0,0,0,0,0,0,0,0,0,0,0,0,0,0,0,0,0,0,0,0,0,0,0,0,0,0,0,0,0,0,0,0,0,0,0,0,0,0,0,0,0,0,0,0
hello,0.0,0.0,0.0,0.02207803726196289,-0.017370760440826416,-0.001168103751670202,0.04289829730987549,-0.03027421236038208,-0.004860907772499701,0.0552675724029541,-0.03580057621002197,-0.008964444955754658,0.0578976571559906,-0.035450637340545654,-0.01246112350182571,0.036003053188323975,-0.0624561607837677,-0.009140887742805859,0.05065259337425232,-0.0421198308467865,-0.014838491080272576,0.05243927240371704,-0.023979604244232178,-0.01719892907695808,0.05193564295768738,-0.015253424644470215,-0.018716109430361172,0.0255429744720459,-0.05151236057281494,-0.012538570424485584,0.04117599129676819,-0.02829033136367798,-0.017320133259463688,0.04265862703323364,-0.012547612190246582,-0.01682683218078651,0.0421520471572876,-0.008348345756530762,-0.017160411437917134,0.01574137806892395,-0.036450088024139404,-0.015910036375689884,0.033226221799850464,-0.012878835201263428,-0.02035110954003372,0.03330257534980774,-0.0011260509490966797,-0.0169993056710247,0.03143802285194397,-0.00019156932830810547,-0.014773650539982697,0.0070670247077941895,-0.019126474857330322,-0.019473127534556767,0.024318933486938477,0.0009568333625793457,-0.021269451340604206,0.02488178014755249,0.00818324089050293,-0.017915373181867977,0.022164523601531982,0.00595933198928833,-0.015617447419035813,0,0,0,0,0,0,0,0,0,0,0,0,0,0,0,0,0,0,0,0,0,0,0,0,0,0,0,0,0,0,0,0,0,0,0,0,0,0,0,0,0,0,0,0,0,0,0,0,0,0,0,0,0,0,0,0,0,0,0,0,0,0,0
hello,-0.0,0.0,0.0,-0.02207803726196289,-0.017370760440826416,-0.001168103751670202,-0.04289829730987549,-0.03027421236038208,-0.004860907772499701,-0.0552675724029541,-0.03580057621002197,-0.008964444955754658,-0.0578976571559906,-0.035450637340545654,-0.01246112350182571,-0.036003053188323975,-0.0624561607837677,-0.009140887742805859,-0.05065259337425232,-0.0421198308467865,-0.014838491080272576,-0.05243927240371704,-0.023979604244232178,-0.01719892907695808,-0.05193564295768738,-0.015253424644470215,-0.018716109430361172,-0.0255429744720459,-0.05151236057281494,-0.012538570424485584,-0.04117599129676819,-0.02829033136367798,-0.017320133259463688,-0.04265862703323364,-0.012547612190246582,-0.01682683218078651,-0.0421520471572876,-0.008348345756530762,-0.017160411437917134,-0.01574137806892395,-0.036450088024139404,-0.015910036375689884,-0.033226221799850464,-0.012878835201263428,-0.02035110954003372,-0.03330257534980774,-0.0011260509490966797,-0.0169993056710247,-0.03143802285194397,-0.00019156932830810547,-0.014773650539982697,-0.0070670247077941895,-0.019126474857330322,-0.019473127534556767,-0.024318933486938477,0.0009568333625793457,-0.021269451340604206,-0.02488178014755249,0.00818324089050293,-0.017915373181867977,-0.022164523601531982,0.00595933198928833,-0.015617447419035813,0,0,0,0,0,0,0,0,0,0,0,0,0,0,0,0,0,0,0,0,0,0,0,0,0,0,0,0,0,0,0,0,0,0,0,0,0,0,0,0,0,0,0,0,0,0,0,0,0,0,0,0,0,0,0,0,0,0,0,0,0,0,0
hello,0.0,0.0,0.0,0.05129465460777283,0.0006888508796691895,-0.010573612190666992,0.0919610857963562,-0.03941488265991211,-0.011799594052019913,0.11209717392921448,-0.08485358953475952,-0.013502801433089573,0.11717647314071655,-0.12018921971321106,-0.01608930867153724,0.08916240930557251,-0.12725019454956055,-0.003255071015912492,0.11044833064079285,-0.18786489963531494,-0.013192210942390759,0.12147355079650879,-0.22102323174476624,-0.023711688481155235,0.13111096620559692,-0.2501671314239502,-0.03244469467538913,0.06656518578529358,-0.14395377039909363,-0.007241474594804842,0.08936277031898499,-0.209392249584198,-0.016181045807782013,0.10410353541374207,-0.2464858591556549,-0.027573037557187874,0.11647942662239075,-0.277641162276268,-0.037389764226857025,0.041697293519973755,-0.1473829448223114,-0.013432815335574944,0.062109172344207764,-0.2092171013355255,-0.024226126856985886,0.0756278932094574,-0.2444295883178711,-0.03469503078598102,0.08777567744255066,-0.2738022804260254,-0.04269186932581981,0.014260053634643555,-0.14132440090179443,-0.020840443335357506,0.026264578104019165,-0.1909639537334442,-0.032244039364043076,0.03659263253211975,-0.2209358513355255,-0.039432165808859665,0.04770728945732117,-0.24774102866649628,-0.044974447823944885,0,0,0,0,0,0,0,0,0,0,0,0,0,0,0,0,0,0,0,0,0,0,0,0,0,0,0,0,0,0,0,0,0,0,0,0,0,0,0,0,0,0,0,0,0,0,0,0,0,0,0,0,0,0,0,0,0,0,0,0,0,0,0
hello,-0.0,0.0,0.0,-0.05129465460777283,0.0006888508796691895,-0.010573612190666992,-0.0919610857963562,-0.03941488265991211,-0.011799594052019913,-0.11209717392921448,-0.08485358953475952,-0.013502801433089573,-0.11717647314071655,-0.12018921971321106,-0.01608930867153724,-0.08916240930557251,-0.12725019454956055,-0.003255071015912492,-0.11044833064079285,-0.18786489963531494,-0.013192210942390759,-0.12147355079650879,-0.22102323174476624,-0.023711688481155235,-0.13111096620559692,-0.2501671314239502,-0.03244469467538913,-0.06656518578529358,-0.14395377039909363,-0.007241474594804842,-0.08936277031898499,-0.209392249584198,-0.016181045807782013,-0.10410353541374207,-0.2464858591556549,-0.027573037557187874,-0.11647942662239075,-0.277641162276268,-0.037389764226857025,-0.041697293519973755,-0.1473829448223114,-0.013432815335574944,-0.062109172344207764,-0.2092171013355255,-0.024226126856985886,-0.0756278932094574,-0.2444295883178711,-0.03469503078598102,-0.08777567744255066,-0.2738022804260254,-0.04269186932581981,-0.014260053634643555,-0.14132440090179443,-0.020840443335357506,-0.026264578104019165,-0.1909639537334442,-0.032244039364043076,-0.03659263253211975,-0.2209358513355255,-0.039432165808859665,-0.04770728945732117,-0.24774102866649628,-0.044974447823944885,0,0,0,0,0,0,0,0,0,0,0,0,0,0,0,0,0,0,0,0,0,0,0,0,0,0,0,0,0,0,0,0,0,0,0,0,0,0,0,0,0,0,0,0,0,0,0,0,0,0,0,0,0,0,0,0,0,0,0,0,0,0,0
hello,0.0,0.0,0.0,0.050002872943878174,0.005218625068664551,-0.010448533305124297,0.09084376692771912,-0.03368338942527771,-0.010683828228310599,0.11261641979217529,-0.07676255702972412,-0.01115405020226623,0.11761903762817383,-0.10881409049034119,-0.012639680140809073,0.08928516507148743,-0.12161901593208313,-0.0019279964819260975,0.11074414849281311,-0.17939838767051697,-0.010699881435529246,0.12157785892486572,-0.21217840909957886,-0.020640179709688677,0.1303335726261139,-0.24123802781105042,-0.029091356516973033,0.06682512164115906,-0.13864243030548096,-0.0053052238274076124,0.08996966481208801,-0.2010895013809204,-0.013191139520303263,0.10382723808288574,-0.23641657829284668,-0.023832498313085093,0.11472955346107483,-0.2663622796535492,-0.03301818129529144,0.04179158806800842,-0.14304888248443604,-0.010909602240816607,0.06318238377571106,-0.20259928703308105,-0.02100529727448608,0.0768992006778717,-0.23695355653762817,-0.031138614014879717,0.08864036202430725,-0.2665134221315384,-0.038829924733535304,0.013854682445526123,-0.13836026191711426,-0.01767935995866443,0.026961177587509155,-0.18513965606689453,-0.0283837189983287,0.03803175687789917,-0.21258598566055298,-0.035209616840974345,0.050169020891189575,-0.23726901412010193,-0.040532464356318965,0,0,0,0,0,0,0,0,0,0,0,0,0,0,0,0,0,0,0,0,0,0,0,0,0,0,0,0,0,0,0,0,0,0,0,0,0,0,0,0,0,0,0,0,0,0,0,0,0,0,0,0,0,0,0,0,0,0,0,0,0,0,0
hello,-0.0,0.0,0.0,-0.050002872943878174,0.005218625068664551,-0.010448533305124297,-0.09084376692771912,-0.03368338942527771,-0.010683828228310599,-0.11261641979217529,-0.07676255702972412,-0.01115405020226623,-0.11761903762817383,-0.10881409049034119,-0.012639680140809073,-0.08928516507148743,-0.12161901593208313,-0.0019279964819260975,-0.11074414849281311,-0.17939838767051697,-0.010699881435529246,-0.12157785892486572,-0.21217840909957886,-0.020640179709688677,-0.1303335726261139,-0.24123802781105042,-0.029091356516973033,-0.06682512164115906,-0.13864243030548096,-0.0053052238274076124,-0.08996966481208801,-0.2010895013809204,-0.013191139520303263,-0.10382723808288574,-0.23641657829284668,-0.023832498313085093,-0.11472955346107483,-0.2663622796535492,-0.03301818129529144,-0.04179158806800842,-0.14304888248443604,-0.010909602240816607,-0.06318238377571106,-0.20259928703308105,-0.02100529727448608,-0.0768992006778717,-0.23695355653762817,-0.031138614014879717,-0.08864036202430725,-0.2665134221315384,-0.038829924733535304,-0.013854682445526123,-0.13836026191711426,-0.01767935995866443,-0.026961177587509155,-0.18513965606689453,-0.0283837189983287,-0.03803175687789917,-0.21258598566055298,-0.035209616840974345,-0.050169020891189575,-0.23726901412010193,-0.040532464356318965,0,0,0,0,0,0,0,0,0,0,0,0,0,0,0,0,0,0,0,0,0,0,0,0,0,0,0,0,0,0,0,0,0,0,0,0,0,0,0,0,0,0,0,0,0,0,0,0,0,0,0,0,0,0,0,0,0,0,0,0,0,0,0
hello,0.0,0.0,0.0,0.04922756552696228,-0.014386594295501709,-0.017130972768136132,0.08784559369087219,-0.06388586759567261,-0.019157970274754632,0.10945647954940796,-0.11138159036636353,-0.020321384022899736,0.11701956391334534,-0.1508558690547943,-0.02196939470893966,0.06617391109466553,-0.15742826461791992,-0.004995202130594123,0.07893478870391846,-0.22146913409233093,-0.014180978710719216,0.08506220579147339,-0.25860708951950073,-0.02469624015218841,0.09016269445419312,-0.29242783784866333,-0.03344489442832099,0.041104525327682495,-0.16937720775604248,-0.0059912958619676715,0.054579466581344604,-0.24034133553504944,-0.014168523202606309,0.06303781270980835,-0.28311243653297424,-0.025828713501759637,0.06991961598396301,-0.3200838565826416,-0.03568124952442275,0.014289438724517822,-0.16758298873901367,-0.010035828637846578,0.025212466716766357,-0.23500165343284607,-0.021140055681534875,0.033639609813690186,-0.2761501371860504,-0.03271191748506652,0.04211241006851196,-0.31264638900756836,-0.0410631354404174,-0.01447904109954834,-0.15572264790534973,-0.01590601349897014,-0.006902337074279785,-0.21053370833396912,-0.027602195690342057,-0.00109785795211792,-0.24401643872261047,-0.03512038844353782,0.006051361560821533,-0.27475157380104065,-0.0406518708420478,0,0,0,0,0,0,0,0,0,0,0,0,0,0,0,0,0,0,0,0,0,0,0,0,0,0,0,0,0,0,0,0,0,0,0,0,0,0,0,0,0,0,0,0,0,0,0,0,0,0,0,0,0,0,0,0,0,0,0,0,0,0,0
hello,-0.0,0.0,0.0,-0.04922756552696228,-0.014386594295501709,-0.017130972768136132,-0.08784559369087219,-0.06388586759567261,-0.019157970274754632,-0.10945647954940796,-0.11138159036636353,-0.020321384022899736,-0.11701956391334534,-0.1508558690547943,-0.02196939470893966,-0.06617391109466553,-0.15742826461791992,-0.004995202130594123,-0.07893478870391846,-0.22146913409233093,-0.014180978710719216,-0.08506220579147339,-0.25860708951950073,-0.02469624015218841,-0.09016269445419312,-0.29242783784866333,-0.03344489442832099,-0.041104525327682495,-0.16937720775604248,-0.0059912958619676715,-0.054579466581344604,-0.24034133553504944,-0.014168523202606309,-0.06303781270980835,-0.28311243653297424,-0.025828713501759637,-0.06991961598396301,-0.3200838565826416,-0.03568124952442275,-0.014289438724517822,-0.16758298873901367,-0.010035828637846578,-0.025212466716766357,-0.23500165343284607,-0.021140055681534875,-0.033639609813690186,-0.2761501371860504,-0.03271191748506652,-0.04211241006851196,-0.31264638900756836,-0.0410631354404174,0.01447904109954834,-0.15572264790534973,-0.01590601349897014,0.006902337074279785,-0.21053370833396912,-0.027602195690342057,0.00109785795211792,-0.24401643872261047,-0.03512038844353782,-0.006051361560821533,-0.27475157380104065,-0.0406518708420478,0,0,0,0,0,0,0,0,0,0,0,0,0,0,0,0,0,0,0,0,0,0,0,0,0,0,0,0,0,0,0,0,0,0,0,0,0,0,0,0,0,0,0,0,0,0,0,0,0,0,0,0,0,0,0,0,0,0,0,0,0,0,0
hello,0.0,0.0,0.0,0.0863877534866333,-0.023792386054992676,-0.020058545320637222,0.13980478048324585,-0.07376271486282349,-0.02277495808840513,0.1628662347793579,-0.11838319897651672,-0.026892949863679405,0.17265546321868896,-0.15299558639526367,-0.032050640358932014,0.09418478608131409,-0.1527177095413208,-0.00014311201113059724,0.10609009861946106,-0.21120959520339966,-0.01762624740541696,0.11244246363639832,-0.24566441774368286,-0.03733227871299505,0.11774623394012451,-0.2770683765411377,-0.053461265786893364,0.05452379584312439,-0.15907734632492065,-0.007705326694406267,0.06558263301849365,-0.22443032264709473,-0.023412321730859276,0.07417953014373779,-0.26510560512542725,-0.04384084515214681,0.08079369366168976,-0.300082266330719,-0.060548243149526115,0.014527678489685059,-0.15202876925468445,-0.0199744338536334,0.021974071860313416,-0.21533328294754028,-0.03845957763434171,0.02920803427696228,-0.2536117732524872,-0.0562450597429347,0.036753520369529724,-0.2870047688484192,-0.06922090522886037,-0.027599945664405823,-0.13372206687927246,-0.03486397586704015,-0.02803976833820343,-0.1830826997756958,-0.054036491587169166,-0.024418964982032776,-0.2133059799671173,-0.06484848730207204,-0.01929803192615509,-0.24064761400222778,-0.07243495158792257,0,0,0,0,0,0,0,0,0,0,0,0,0,0,0,0,0,0,0,0,0,0,0,0,0,0,0,0,0,0,0,0,0,0,0,0,0,0,0,0,0,0,0,0,0,0,0,0,0,0,0,0,0,0,0,0,0,0,0,0,0,0,0
hello,-0.0,0.0,0.0,-0.0863877534866333,-0.023792386054992676,-0.020058545320637222,-0.13980478048324585,-0.07376271486282349,-0.02277495808840513,-0.1628662347793579,-0.11838319897651672,-0.026892949863679405,-0.17265546321868896,-0.15299558639526367,-0.032050640358932014,-0.09418478608131409,-0.1527177095413208,-0.00014311201113059724,-0.10609009861946106,-0.21120959520339966,-0.01762624740541696,-0.11244246363639832,-0.24566441774368286,-0.03733227871299505,-0.11774623394012451,-0.2770683765411377,-0.053461265786893364,-0.05452379584312439,-0.15907734632492065,-0.007705326694406267,-0.06558263301849365,-0.22443032264709473,-0.023412321730859276,-0.07417953014373779,-0.26510560512542725,-0.04384084515214681,-0.08079369366168976,-0.300082266330719,-0.060548243149526115,-0.014527678489685059,-0.15202876925468445,-0.0199744338536334,-0.021974071860313416,-0.21533328294754028,-0.03845957763434171,-0.02920803427696228,-0.2536117732524872,-0.0562450597429347,-0.036753520369529724,-0.2870047688484192,-0.06922090522886037,0.027599945664405823,-0.13372206687927246,-0.03486397586704015,0.02803976833820343,-0.1830826997756958,-0.054036491587169166,0.024418964982032776,-0.2133059799671173,-0.06484848730207204,0.01929803192615509,-0.24064761400222778,-0.07243495158792257,0,0,0,0,0,0,0,0,0,0,0,0,0,0,0,0,0,0,0,0,0,0,0,0,0,0,0,0,0,0,0,0,0,0,0,0,0,0,0,0,0,0,0,0,0,0,0,0,0,0,0,0,0,0,0,0,0,0,0,0,0,0,0
hello,0.0,0.0,0.0,0.07166458666324615,-0.009174644947052002,-0.020255184943081872,0.12491030991077423,-0.03872716426849365,-0.02249539943993284,0.15016086399555206,-0.07198995351791382,-0.023781757081152932,0.1561317890882492,-0.09923070669174194,-0.02577254662871553,0.0993688553571701,-0.10422146320343018,-0.0034181629086305065,0.11626861989498138,-0.14787712693214417,-0.014155836055280702,0.12238304316997528,-0.17374128103256226,-0.028274900490643518,0.12767861783504486,-0.1978074312210083,-0.04038794266641332,0.06511180102825165,-0.11485165357589722,-0.005358386529835002,0.08344511687755585,-0.1632482409477234,-0.01321070289820625,0.09419114887714386,-0.1919170320034027,-0.028592360416652696,0.10371066629886627,-0.21694684028625488,-0.042574907863738076,0.029448047280311584,-0.11509627103805542,-0.010937168473603265,0.04359857738018036,-0.1611182689666748,-0.021782200062872903,0.054564133286476135,-0.187566876411438,-0.036255276972653405,0.06578446924686432,-0.21086251735687256,-0.048098034436108605,-0.009356692433357239,-0.10756859183311462,-0.018898337358834283,-0.005906462669372559,-0.14388462901115417,-0.030979472423197763,-0.0007735341787338257,-0.16515380144119263,-0.03930140587151243,0.007059201598167419,-0.1850493848323822,-0.04620578440487577,0,0,0,0,0,0,0,0,0,0,0,0,0,0,0,0,0,0,0,0,0,0,0,0,0,0,0,0,0,0,0,0,0,0,0,0,0,0,0,0,0,0,0,0,0,0,0,0,0,0,0,0,0,0,0,0,0,0,0,0,0,0,0
hello,-0.0,0.0,0.0,-0.07166458666324615,-0.009174644947052002,-0.020255184943081872,-0.12491030991077423,-0.03872716426849365,-0.02249539943993284,-0.15016086399555206,-0.07198995351791382,-0.023781757081152932,-0.1561317890882492,-0.09923070669174194,-0.02577254662871553,-0.0993688553571701,-0.10422146320343018,-0.0034181629086305065,-0.11626861989498138,-0.14787712693214417,-0.014155836055280702,-0.12238304316997528,-0.17374128103256226,-0.028274900490643518,-0.12767861783504486,-0.1978074312210083,-0.04038794266641332,-0.06511180102825165,-0.11485165357589722,-0.005358386529835002,-0.08344511687755585,-0.1632482409477234,-0.01321070289820625,-0.09419114887714386,-0.1919170320034027,-0.028592360416652696,-0.10371066629886627,-0.21694684028625488,-0.042574907863738076,-0.029448047280311584,-0.11509627103805542,-0.010937168473603265,-0.04359857738018036,-0.1611182689666748,-0.021782200062872903,-0.054564133286476135,-0.187566876411438,-0.036255276972653405,-0.06578446924686432,-0.21086251735687256,-0.048098034436108605,0.009356692433357239,-0.10756859183311462,-0.018898337358834283,0.005906462669372559,-0.14388462901115417,-0.030979472423197763,0.0007735341787338257,-0.16515380144119263,-0.03930140587151243,-0.007059201598167419,-0.1850493848323822,-0.04620578440487577,0,0,0,0,0,0,0,0,0,0,0,0,0,0,0,0,0,0,0,0,0,0,0,0,0,0,0,0,0,0,0,0,0,0,0,0,0,0,0,0,0,0,0,0,0,0,0,0,0,0,0,0,0,0,0,0,0,0,0,0,0,0,0
hello,0.0,0.0,0.0,0.0654151439666748,-0.0065930187702178955,-0.015543241994315338,0.11243721842765808,-0.03290101885795593,-0.019771198751264762,0.13715440034866333,-0.05840665102005005,-0.024414082066947174,0.1428077518939972,-0.082762211561203,-0.03029584606164093,0.0903005301952362,-0.09358611702919006,-0.0076034041213333126,0.10698562860488892,-0.1329725682735443,-0.021391511903935623,0.11583656072616577,-0.15534085035324097,-0.03584428411894436,0.12434670329093933,-0.17562299966812134,-0.048138129534059715,0.061469584703445435,-0.09981444478034973,-0.013544037947291088,0.0802469551563263,-0.1438806653022766,-0.026238712491327476,0.09327787160873413,-0.16892200708389282,-0.042034781547123146,0.10619091987609863,-0.19028416275978088,-0.05566788745098705,0.030688583850860596,-0.09713578224182129,-0.022507934840255928,0.04524272680282593,-0.1404799520969391,-0.038076921375328254,0.057882487773895264,-0.1661560833454132,-0.05333983805947895,0.07173800468444824,-0.18832579255104065,-0.06517096516662235,-0.0014778077602386475,-0.08771407604217529,-0.0331114037054121,0.002165764570236206,-0.12043362855911255,-0.049101973892980766,0.009195178747177124,-0.14050701260566711,-0.059208623142772865,0.019010871648788452,-0.15946611762046814,-0.067300288947159,0.0,0.0,0.0,-0.04738849401473999,-0.03782743215560913,-0.0007228834044354926,-0.11018264293670654,-0.04743391275405884,-0.011083312642497845,-0.16109591722488403,-0.04145878553390503,-0.0186965915679167,-0.19790297746658325,-0.030992984771728516,-0.026347019088191814,-0.09874147176742554,-0.026253044605255127,-0.05379504368893606,-0.17815029621124268,-0.008073568344116211,-0.06919949905268652,-0.1803939938545227,-0.014253199100494385,-0.06735156134955389,-0.16312146186828613,-0.02080482244491577,-0.06109897823326094,-0.08703726530075073,0.004106462001800537,-0.05761719898573858,-0.16980063915252686,0.020730018615722656,-0.06731725142590506,-0.18263208866119385,0.010371029376983643,-0.05628242747179968,-0.17154419422149658,0.0014472007751464844,-0.0480053353428076,-0.07606828212738037,0.030498743057250977,-0.058506705176753826,-0.15490204095840454,0.04430115222930908,-0.06393789158455832,-0.17061078548431396,0.0342441201210022,-0.04947765947572691,-0.16270101070404053,0.02345961332321167,-0.038765538793725796,-0.06471055746078491,0.05166733264923096,-0.058594651830119915,-0.12803709506988525,0.06452333927154541,-0.0628460686027239,-0.14608758687973022,0.05595076084136963,-0.0548095333694647,-0.14424574375152588,0.04503786563873291,-0.04709363387219412
hello,-0.0,0.0,0.0,-0.0654151439666748,-0.0065930187702178955,-0.015543241994315338,-0.11243721842765808,-0.03290101885795593,-0.019771198751264762,-0.13715440034866333,-0.05840665102005005,-0.024414082066947174,-0.1428077518939972,-0.082762211561203,-0.03029584606164093,-0.0903005301952362,-0.09358611702919006,-0.0076034041213333126,-0.10698562860488892,-0.1329725682735443,-0.021391511903935623,-0.11583656072616577,-0.15534085035324097,-0.03584428411894436,-0.12434670329093933,-0.17562299966812134,-0.048138129534059715,-0.061469584703445435,-0.09981444478034973,-0.013544037947291088,-0.0802469551563263,-0.1438806653022766,-0.026238712491327476,-0.09327787160873413,-0.16892200708389282,-0.042034781547123146,-0.10619091987609863,-0.19028416275978088,-0.05566788745098705,-0.030688583850860596,-0.09713578224182129,-0.022507934840255928,-0.04524272680282593,-0.1404799520969391,-0.038076921375328254,-0.057882487773895264,-0.1661560833454132,-0.05333983805947895,-0.07173800468444824,-0.18832579255104065,-0.06517096516662235,0.0014778077602386475,-0.08771407604217529,-0.0331114037054121,-0.002165764570236206,-0.12043362855911255,-0.049101973892980766,-0.009195178747177124,-0.14050701260566711,-0.059208623142772865,-0.019010871648788452,-0.15946611762046814,-0.067300288947159,-0.0,0.0,0.0,0.04738849401473999,-0.03782743215560913,-0.0007228834044354926,0.11018264293670654,-0.04743391275405884,-0.011083312642497845,0.16109591722488403,-0.04145878553390503,-0.0186965915679167,0.19790297746658325,-0.030992984771728516,-0.026347019088191814,0.09874147176742554,-0.026253044605255127,-0.05379504368893606,0.17815029621124268,-0.008073568344116211,-0.06919949905268652,0.1803939938545227,-0.014253199100494385,-0.06735156134955389,0.16312146186828613,-0.02080482244491577,-0.06109897823326094,0.08703726530075073,0.004106462001800537,-0.05761719898573858,0.16980063915252686,0.020730018615722656,-0.06731725142590506,0.18263208866119385,0.010371029376983643,-0.05628242747179968,0.17154419422149658,0.0014472007751464844,-0.0480053353428076,0.07606828212738037,0.030498743057250977,-0.058506705176753826,0.15490204095840454,0.04430115222930908,-0.06393789158455832,0.17061078548431396,0.0342441201210022,-0.04947765947572691,0.16270101070404053,0.02345961332321167,-0.038765538793725796,0.06471055746078491,0.05166733264923096,-0.058594651830119915,0.12803709506988525,0.06452333927154541,-0.0628460686027239,0.14608758687973022,0.05595076084136963,-0.0548095333694647,0.14424574375152588,0.04503786563873291,-0.04709363387219412
hello,0.0,0.0,0.0,0.06061944365501404,-0.016229361295700073,-0.013439953987933961,0.09933894872665405,-0.05025064945220947,-0.013908184794225065,0.11507001519203186,-0.08065176010131836,-0.014592024227120248,0.10833489894866943,-0.10348063707351685,-0.01622637799892601,0.06942054629325867,-0.1005696952342987,0.00047767812201726656,0.07754495739936829,-0.1388726830482483,-0.008813417246081201,0.08029937744140625,-0.16099372506141663,-0.021415666406490175,0.08260205388069153,-0.18145841360092163,-0.032197358747460214,0.040846437215805054,-0.10550236701965332,-0.0031155710662531533,0.04795116186141968,-0.14768990874290466,-0.010204451819397775,0.052913516759872437,-0.172695130109787,-0.023469603349902002,0.05754491686820984,-0.1943662166595459,-0.035474314083792535,0.012415587902069092,-0.10174474120140076,-0.009573881243802873,0.01585865020751953,-0.1419539749622345,-0.018675750782229272,0.020859360694885254,-0.16514325141906738,-0.030890230750181047,0.02654626965522766,-0.18483790755271912,-0.04097599788520512,-0.017510712146759033,-0.09092888236045837,-0.017852791314460603,-0.020361721515655518,-0.12250274419784546,-0.02760737827930626,-0.019273072481155396,-0.14134788513183594,-0.034437055428959695,-0.015893280506134033,-0.15845075249671936,-0.04041754706714329,0.0,0.0,0.0,-0.055688053369522095,-0.024792253971099854,0.018509364646106974,-0.11124172806739807,-0.027286767959594727,0.020286044996410624,-0.1459345817565918,-0.010095477104187012,0.016698916401892916,-0.16389814019203186,0.011800229549407959,0.011616932187408224,-0.14368048310279846,-0.0356563925743103,0.00930436323973538,-0.20399093627929688,-0.012519598007202148,0.008256137330263869,-0.21185234189033508,0.007230401039123535,0.00770609775203468,-0.20815253257751465,0.018156349658966064,0.006939637899577633,-0.14084437489509583,-0.013120651245117188,-0.003277016611590966,-0.18579718470573425,0.017743229866027832,-0.0015468940081149185,-0.16753467917442322,0.023751437664031982,0.002416327787742034,-0.14772307872772217,0.01668405532836914,0.00240523550304772,-0.13039568066596985,0.011381328105926514,-0.013980506960123762,-0.1694645881652832,0.03333127498626709,-0.01212954618391393,-0.15156289935112,0.03503018617630005,-0.005679650738656505,-0.1331861913204193,0.027884185314178467,-0.00441245785337685,-0.1158144474029541,0.03480172157287598,-0.023279084864824995,-0.14423534274101257,0.045358121395111084,-0.021153626072972997,-0.12928622961044312,0.04451209306716919,-0.012475159991353735,-0.11254188418388367,0.038420796394348145,-0.006951939355403169
hello,-0.0,0.0,0.0,-0.06061944365501404,-0.016229361295700073,-0.013439953987933961,-0.09933894872665405,-0.05025064945220947,-0.013908184794225065,-0.11507001519203186,-0.08065176010131836,-0.014592024227120248,-0.10833489894866943,-0.10348063707351685,-0.01622637799892601,-0.06942054629325867,-0.1005696952342987,0.00047767812201726656,-0.07754495739936829,-0.1388726830482483,-0.008813417246081201,-0.08029937744140625,-0.16099372506141663,-0.021415666406490175,-0.08260205388069153,-0.18145841360092163,-0.032197358747460214,-0.040846437215805054,-0.10550236701965332,-0.0031155710662531533,-0.04795116186141968,-0.14768990874290466,-0.010204451819397775,-0.052913516759872437,-0.172695130109787,-0.023469603349902002,-0.05754491686820984,-0.1943662166595459,-0.035474314083792535,-0.012415587902069092,-0.10174474120140076,-0.009573881243802873,-0.01585865020751953,-0.1419539749622345,-0.018675750782229272,-0.020859360694885254,-0.16514325141906738,-0.030890230750181047,-0.02654626965522766,-0.18483790755271912,-0.04097599788520512,0.017510712146759033,-0.09092888236045837,-0.017852791314460603,0.020361721515655518,-0.12250274419784546,-0.02760737827930626,0.019273072481155396,-0.14134788513183594,-0.034437055428959695,0.015893280506134033,-0.15845075249671936,-0.04041754706714329,-0.0,0.0,0.0,0.055688053369522095,-0.024792253971099854,0.018509364646106974,0.11124172806739807,-0.027286767959594727,0.020286044996410624,0.1459345817565918,-0.010095477104187012,0.016698916401892916,0.16389814019203186,0.011800229549407959,0.011616932187408224,0.14368048310279846,-0.0356563925743103,0.00930436323973538,0.20399093627929688,-0.012519598007202148,0.008256137330263869,0.21185234189033508,0.007230401039123535,0.00770609775203468,0.20815253257751465,0.018156349658966064,0.006939637899577633,0.14084437489509583,-0.013120651245117188,-0.003277016611590966,0.18579718470573425,0.017743229866027832,-0.0015468940081149185,0.16753467917442322,0.023751437664031982,0.002416327787742034,0.14772307872772217,0.01668405532836914,0.00240523550304772,0.13039568066596985,0.011381328105926514,-0.013980506960123762,0.1694645881652832,0.03333127498626709,-0.01212954618391393,0.15156289935112,0.03503018617630005,-0.005679650738656505,0.1331861913204193,0.027884185314178467,-0.00441245785337685,0.1158144474029541,0.03480172157287598,-0.023279084864824995,0.14423534274101257,0.045358121395111084,-0.021153626072972997,0.12928622961044312,0.04451209306716919,-0.012475159991353735,0.11254188418388367,0.038420796394348145,-0.006951939355403169
hello,0.0,0.0,0.0,0.06416216492652893,-0.019054651260375977,-0.012199787084856695,0.10098260641098022,-0.05564182996749878,-0.014208439399400419,0.11886781454086304,-0.08528107404708862,-0.018010388721624082,0.12638062238693237,-0.10677570104598999,-0.023367769678035444,0.06330487132072449,-0.11113473773002625,-0.0028069195215643106,0.06866112351417542,-0.15432104468345642,-0.01727717335979051,0.07237058877944946,-0.17937782406806946,-0.03236301209489412,0.0756790041923523,-0.2024247646331787,-0.04465285282293863,0.03430438041687012,-0.11288440227508545,-0.010372255590656465,0.03755256533622742,-0.160304993391037,-0.024029992182651227,0.041060954332351685,-0.19009125232696533,-0.03975366767207689,0.04473316669464111,-0.21660125255584717,-0.05276867713491029,0.005856335163116455,-0.10568463802337646,-0.02092225443283624,0.007766127586364746,-0.15102681517601013,-0.03605672310749597,0.01068827509880066,-0.17891636490821838,-0.04893068190375871,0.015035867691040039,-0.2034550905227661,-0.05838653038899011,-0.022850900888442993,-0.0915905237197876,-0.03318351473371095,-0.024440497159957886,-0.12755826115608215,-0.04796434532562799,-0.02085264027118683,-0.14995014667510986,-0.05602226745049066,-0.015887826681137085,-0.1703324317932129,-0.06192694943110055,0.0,0.0,0.0,-0.06650733947753906,-0.006883442401885986,-0.010350171003651099,-0.12030839920043945,0.020075619220733643,-0.022745043497693018,-0.1532289981842041,0.051243364810943604,-0.030759625595223383,-0.18295329809188843,0.07242858409881592,-0.0399186150097961,-0.0958452820777893,0.023553669452667236,-0.056884265031825976,-0.13349366188049316,0.06975722312927246,-0.07750930124164768,-0.15466326475143433,0.09556782245635986,-0.08338494085909076,-0.16790658235549927,0.11166542768478394,-0.08402631663919635,-0.06038963794708252,0.03951883316040039,-0.05844962083936878,-0.10420948266983032,0.0872465968132019,-0.07524690264106937,-0.1341305375099182,0.11169421672821045,-0.07435447209716983,-0.14963948726654053,0.12231004238128662,-0.07301125162483402,-0.029817402362823486,0.05335193872451782,-0.058222098734390215,-0.07454872131347656,0.09702479839324951,-0.07065122806669422,-0.1038818359375,0.11503767967224121,-0.06636317306400485,-0.12103420495986938,0.12054288387298584,-0.06176983052135654,-0.0026887059211730957,0.06401091814041138,-0.05768238985181995,-0.036705732345581055,0.10296857357025146,-0.06748149031044193,-0.06193804740905762,0.11662089824676514,-0.06579295032859989,-0.07938724756240845,0.11958974599838257,-0.062285004642021136
hello,-0.0,0.0,0.0,-0.06416216492652893,-0.019054651260375977,-0.012199787084856695,-0.10098260641098022,-0.05564182996749878,-0.014208439399400419,-0.11886781454086304,-0.08528107404708862,-0.018010388721624082,-0.12638062238693237,-0.10677570104598999,-0.023367769678035444,-0.06330487132072449,-0.11113473773002625,-0.0028069195215643106,-0.06866112351417542,-0.15432104468345642,-0.01727717335979051,-0.07237058877944946,-0.17937782406806946,-0.03236301209489412,-0.0756790041923523,-0.2024247646331787,-0.04465285282293863,-0.03430438041687012,-0.11288440227508545,-0.010372255590656465,-0.03755256533622742,-0.160304993391037,-0.024029992182651227,-0.041060954332351685,-0.19009125232696533,-0.03975366767207689,-0.04473316669464111,-0.21660125255584717,-0.05276867713491029,-0.005856335163116455,-0.10568463802337646,-0.02092225443283624,-0.007766127586364746,-0.15102681517601013,-0.03605672310749597,-0.01068827509880066,-0.17891636490821838,-0.04893068190375871,-0.015035867691040039,-0.2034550905227661,-0.05838653038899011,0.022850900888442993,-0.0915905237197876,-0.03318351473371095,0.024440497159957886,-0.12755826115608215,-0.04796434532562799,0.02085264027118683,-0.14995014667510986,-0.05602226745049066,0.015887826681137085,-0.1703324317932129,-0.06192694943110055,-0.0,0.0,0.0,0.06650733947753906,-0.006883442401885986,-0.010350171003651099,0.12030839920043945,0.020075619220733643,-0.022745043497693018,0.1532289981842041,0.051243364810943604,-0.030759625595223383,0.18295329809188843,0.07242858409881592,-0.0399186150097961,0.0958452820777893,0.023553669452667236,-0.056884265031825976,0.13349366188049316,0.06975722312927246,-0.07750930124164768,0.15466326475143433,0.09556782245635986,-0.08338494085909076,0.16790658235549927,0.11166542768478394,-0.08402631663919635,0.06038963794708252,0.03951883316040039,-0.05844962083936878,0.10420948266983032,0.0872465968132019,-0.07524690264106937,0.1341305375099182,0.11169421672821045,-0.07435447209716983,0.14963948726654053,0.12231004238128662,-0.07301125162483402,0.029817402362823486,0.05335193872451782,-0.058222098734390215,0.07454872131347656,0.09702479839324951,-0.07065122806669422,0.1038818359375,0.11503767967224121,-0.06636317306400485,0.12103420495986938,0.12054288387298584,-0.06176983052135654,0.0026887059211730957,0.06401091814041138,-0.05768238985181995,0.036705732345581055,0.10296857357025146,-0.06748149031044193,0.06193804740905762,0.11662089824676514,-0.06579295032859989,0.07938724756240845,0.11958974599838257,-0.062285004642021136
hello,0.0,0.0,0.0,0.08738510310649872,-0.024937152862548828,-0.01981288123869973,0.14292551577091217,-0.07136660814285278,-0.023139571063161668,0.16790027916431427,-0.11368632316589355,-0.027651262693048295,0.18322835862636566,-0.14569759368896484,-0.03302515972399789,0.10019581019878387,-0.14628779888153076,-0.0013630529771901934,0.11681495606899261,-0.20345303416252136,-0.01922844838345128,0.1256548911333084,-0.2345273494720459,-0.03828541863703805,0.13352333009243011,-0.26351773738861084,-0.0535297982766636,0.061090633273124695,-0.15097978711128235,-0.008332476243317899,0.07740499079227448,-0.21307209134101868,-0.024562879688978967,0.08838452398777008,-0.2504308819770813,-0.044255103208065805,0.09738446772098541,-0.2838590145111084,-0.06054624844336587,0.022266700863838196,-0.14420819282531738,-0.019926806203962144,0.03653706610202789,-0.2036719024181366,-0.03873503509903031,0.047154501080513,-0.2393295168876648,-0.05469292331481057,0.05754317343235016,-0.2709465026855469,-0.06627103988075334,-0.01917564868927002,-0.1284271478652954,-0.034135184474230584,-0.012959316372871399,-0.1770334541797638,-0.05283389169716912,-0.004219368100166321,-0.20730894804000854,-0.06264710728073197,0.005330786108970642,-0.23555007576942444,-0.06959752295160371,0,0,0,0,0,0,0,0,0,0,0,0,0,0,0,0,0,0,0,0,0,0,0,0,0,0,0,0,0,0,0,0,0,0,0,0,0,0,0,0,0,0,0,0,0,0,0,0,0,0,0,0,0,0,0,0,0,0,0,0,0,0,0
hello,-0.0,0.0,0.0,-0.08738510310649872,-0.024937152862548828,-0.01981288123869973,-0.14292551577091217,-0.07136660814285278,-0.023139571063161668,-0.16790027916431427,-0.11368632316589355,-0.027651262693048295,-0.18322835862636566,-0.14569759368896484,-0.03302515972399789,-0.10019581019878387,-0.14628779888153076,-0.0013630529771901934,-0.11681495606899261,-0.20345303416252136,-0.01922844838345128,-0.1256548911333084,-0.2345273494720459,-0.03828541863703805,-0.13352333009243011,-0.26351773738861084,-0.0535297982766636,-0.061090633273124695,-0.15097978711128235,-0.008332476243317899,-0.07740499079227448,-0.21307209134101868,-0.024562879688978967,-0.08838452398777008,-0.2504308819770813,-0.044255103208065805,-0.09738446772098541,-0.2838590145111084,-0.06054624844336587,-0.022266700863838196,-0.14420819282531738,-0.019926806203962144,-0.03653706610202789,-0.2036719024181366,-0.03873503509903031,-0.047154501080513,-0.2393295168876648,-0.05469292331481057,-0.05754317343235016,-0.2709465026855469,-0.06627103988075334,0.01917564868927002,-0.1284271478652954,-0.034135184474230584,0.012959316372871399,-0.1770334541797638,-0.05283389169716912,0.004219368100166321,-0.20730894804000854,-0.06264710728073197,-0.005330786108970642,-0.23555007576942444,-0.06959752295160371,0,0,0,0,0,0,0,0,0,0,0,0,0,0,0,0,0,0,0,0,0,0,0,0,0,0,0,0,0,0,0,0,0,0,0,0,0,0,0,0,0,0,0,0,0,0,0,0,0,0,0,0,0,0,0,0,0,0,0,0,0,0,0
hello,0.0,0.0,0.0,0.07039311528205872,-0.013056427240371704,-0.012315831411932265,0.11662662029266357,-0.045310646295547485,-0.01253939912125901,0.13694855570793152,-0.07704117894172668,-0.013855983767960822,0.13892266154289246,-0.09951832890510559,-0.01646927770629958,0.08332780003547668,-0.10580742359161377,0.000958973800926799,0.09936362504959106,-0.14941775798797607,-0.010440380577300346,0.10595837235450745,-0.1739782691001892,-0.024163764234934604,0.1102662980556488,-0.19681820273399353,-0.03565724779323176,0.051826149225234985,-0.11308416724205017,-0.005461518451873815,0.06753501296043396,-0.16136017441749573,-0.014809676710818565,0.07667756080627441,-0.19041910767555237,-0.029676309120212352,0.083457350730896,-0.21594902873039246,-0.04263136003569201,0.019967108964920044,-0.11031582951545715,-0.014876971286092555,0.031248480081558228,-0.15669485926628113,-0.026296798404608523,0.04023131728172302,-0.18376493453979492,-0.03907878164604739,0.048874497413635254,-0.2073477804660797,-0.0493002033646448,-0.014470666646957397,-0.0993216335773468,-0.02601115618303851,-0.012317657470703125,-0.13595914840698242,-0.03801754702285365,-0.0068652331829071045,-0.15806645154953003,-0.044911647480283534,0.00036397576332092285,-0.17849671840667725,-0.050522910695825374,0,0,0,0,0,0,0,0,0,0,0,0,0,0,0,0,0,0,0,0,0,0,0,0,0,0,0,0,0,0,0,0,0,0,0,0,0,0,0,0,0,0,0,0,0,0,0,0,0,0,0,0,0,0,0,0,0,0,0,0,0,0,0
hello,-0.0,0.0,0.0,-0.07039311528205872,-0.013056427240371704,-0.012315831411932265,-0.11662662029266357,-0.045310646295547485,-0.01253939912125901,-0.13694855570793152,-0.07704117894172668,-0.013855983767960822,-0.13892266154289246,-0.09951832890510559,-0.01646927770629958,-0.08332780003547668,-0.10580742359161377,0.000958973800926799,-0.09936362504959106,-0.14941775798797607,-0.010440380577300346,-0.10595837235450745,-0.1739782691001892,-0.024163764234934604,-0.1102662980556488,-0.19681820273399353,-0.03565724779323176,-0.051826149225234985,-0.11308416724205017,-0.005461518451873815,-0.06753501296043396,-0.16136017441749573,-0.014809676710818565,-0.07667756080627441,-0.19041910767555237,-0.029676309120212352,-0.083457350730896,-0.21594902873039246,-0.04263136003569201,-0.019967108964920044,-0.11031582951545715,-0.014876971286092555,-0.031248480081558228,-0.15669485926628113,-0.026296798404608523,-0.04023131728172302,-0.18376493453979492,-0.03907878164604739,-0.048874497413635254,-0.2073477804660797,-0.0493002033646448,0.014470666646957397,-0.0993216335773468,-0.02601115618303851,0.012317657470703125,-0.13595914840698242,-0.03801754702285365,0.0068652331829071045,-0.15806645154953003,-0.044911647480283534,-0.00036397576332092285,-0.17849671840667725,-0.050522910695825374,0,0,0,0,0,0,0,0,0,0,0,0,0,0,0,0,0,0,0,0,0,0,0,0,0,0,0,0,0,0,0,0,0,0,0,0,0,0,0,0,0,0,0,0,0,0,0,0,0,0,0,0,0,0,0,0,0,0,0,0,0,0,0
hello,0.0,0.0,0.0,0.08694595098495483,0.008577585220336914,-0.031894806565972544,0.16848808526992798,-0.05036425590515137,-0.04073309132668612,0.23132365942001343,-0.0988229513168335,-0.0475441364369118,0.28362447023391724,-0.12398070096969604,-0.055666301192971446,0.16215455532073975,-0.20268210768699646,-0.027063848244281985,0.21335476636886597,-0.2927689552307129,-0.046078018637629725,0.24213409423828125,-0.34684067964553833,-0.06304977441045878,0.268831729888916,-0.3953179866075516,-0.07858019674036143,0.12648767232894897,-0.24106258153915405,-0.030354270505043246,0.16803252696990967,-0.35813474655151367,-0.04862210878941653,0.19530081748962402,-0.42683573067188263,-0.07051916027280924,0.21999257802963257,-0.4868433177471161,-0.09000382924291728,0.08141639828681946,-0.25187036395072937,-0.03785813951704142,0.1102064847946167,-0.3670935034751892,-0.061862706931563594,0.13125407695770264,-0.43860292434692383,-0.08651371652099726,0.15092217922210693,-0.5001845955848694,-0.10572813058111308,0.03153449296951294,-0.23868995904922485,-0.04802621135327456,0.035520344972610474,-0.33045709133148193,-0.07421452158901332,0.04156804084777832,-0.3917669206857681,-0.0928176974675381,0.0511588454246521,-0.44751301407814026,-0.1071129774472439,0,0,0,0,0,0,0,0,0,0,0,0,0,0,0,0,0,0,0,0,0,0,0,0,0,0,0,0,0,0,0,0,0,0,0,0,0,0,0,0,0,0,0,0,0,0,0,0,0,0,0,0,0,0,0,0,0,0,0,0,0,0,0
hello,-0.0,0.0,0.0,-0.08694595098495483,0.008577585220336914,-0.031894806565972544,-0.16848808526992798,-0.05036425590515137,-0.04073309132668612,-0.23132365942001343,-0.0988229513168335,-0.0475441364369118,-0.28362447023391724,-0.12398070096969604,-0.055666301192971446,-0.16215455532073975,-0.20268210768699646,-0.027063848244281985,-0.21335476636886597,-0.2927689552307129,-0.046078018637629725,-0.24213409423828125,-0.34684067964553833,-0.06304977441045878,-0.268831729888916,-0.3953179866075516,-0.07858019674036143,-0.12648767232894897,-0.24106258153915405,-0.030354270505043246,-0.16803252696990967,-0.35813474655151367,-0.04862210878941653,-0.19530081748962402,-0.42683573067188263,-0.07051916027280924,-0.21999257802963257,-0.4868433177471161,-0.09000382924291728,-0.08141639828681946,-0.25187036395072937,-0.03785813951704142,-0.1102064847946167,-0.3670935034751892,-0.061862706931563594,-0.13125407695770264,-0.43860292434692383,-0.08651371652099726,-0.15092217922210693,-0.5001845955848694,-0.10572813058111308,-0.03153449296951294,-0.23868995904922485,-0.04802621135327456,-0.035520344972610474,-0.33045709133148193,-0.07421452158901332,-0.04156804084777832,-0.3917669206857681,-0.0928176974675381,-0.0511588454246521,-0.44751301407814026,-0.1071129774472439,0,0,0,0,0,0,0,0,0,0,0,0,0,0,0,0,0,0,0,0,0,0,0,0,0,0,0,0,0,0,0,0,0,0,0,0,0,0,0,0,0,0,0,0,0,0,0,0,0,0,0,0,0,0,0,0,0,0,0,0,0,0,0
how,0.0,0.0,0.0,-0.007748514413833618,-0.03412008285522461,-0.01123064478286473,-0.007807880640029907,-0.07357800006866455,-0.020135414799534956,-0.00656929612159729,-0.10156261920928955,-0.028089123790943304,-0.0044723451137542725,-0.1226506233215332,-0.0363076897467014,0.017363518476486206,-0.06938278675079346,-0.018983262603962103,0.0293484628200531,-0.09921479225158691,-0.02963877749987809,0.03598621487617493,-0.11440080404281616,-0.037165389409148375,0.041161954402923584,-0.12387818098068237,-0.04199599941619603,0.030615121126174927,-0.0409393310546875,-0.020263110300385634,0.048089027404785156,-0.054359257221221924,-0.029143623089277426,0.05816546082496643,-0.06602579355239868,-0.034599808057629744,0.06594565510749817,-0.07461148500442505,-0.03860646580704419,0.03816312551498413,-0.013764381408691406,-0.022532434215628783,0.05519267916679382,-0.01598072052001953,-0.032043960889660994,0.06674176454544067,-0.023959815502166748,-0.03520258610495297,0.07568895816802979,-0.030628323554992676,-0.03679928650506703,0.04076772928237915,0.010743260383605957,-0.025466092875086943,0.054390281438827515,0.011802196502685547,-0.03353281413563458,0.06476259231567383,0.00746607780456543,-0.03441658710488049,0.07250869274139404,0.0020515918731689453,-0.03429113795407979,0.0,0.0,0.0,-0.018556982278823853,-0.01615685224533081,-0.003502423431136492,-0.03386664390563965,-0.04732394218444824,-0.006271605401643399,-0.04549705982208252,-0.06979602575302124,-0.00966352040261853,-0.05704119801521301,-0.08507305383682251,-0.01309058351755965,-0.027027398347854614,-0.0878632664680481,-0.00046658468630056404,-0.03651714324951172,-0.11846989393234253,-0.008592466845520619,-0.04616093635559082,-0.13140088319778442,-0.016375326573260907,-0.05634155869483948,-0.13651412725448608,-0.021370626076468113,-0.018242865800857544,-0.08998823165893555,-0.003669695019134167,-0.027351200580596924,-0.12246286869049072,-0.00998658409655917,-0.03712204098701477,-0.13662052154541016,-0.01574099159181941,-0.04753243923187256,-0.14341294765472412,-0.019624863772996548,-0.007795244455337524,-0.08453243970870972,-0.008123106344946507,-0.015535444021224976,-0.115550696849823,-0.013856364435859803,-0.02430543303489685,-0.12886422872543335,-0.017037275269039753,-0.033783555030822754,-0.1370551586151123,-0.019210216611035946,0.0038875937461853027,-0.0724000334739685,-0.013142675183125618,0.0016855597496032715,-0.09317457675933838,-0.017878566890367154,-0.0030257105827331543,-0.10152310132980347,-0.019024957924493435,-0.009000062942504883,-0.10657167434692383,-0.019580227344640377
how,-0.0,0.0,0.0,0.007748514413833618,-0.03412008285522461,-0.01123064478286473,0.007807880640029907,-0.07357800006866455,-0.020135414799534956,0.00656929612159729,-0.10156261920928955,-0.028089123790943304,0.0044723451137542725,-0.1226506233215332,-0.0363076897467014,-0.017363518476486206,-0.06938278675079346,-0.018983262603962103,-0.0293484628200531,-0.09921479225158691,-0.02963877749987809,-0.03598621487617493,-0.11440080404281616,-0.037165389409148375,-0.041161954402923584,-0.12387818098068237,-0.04199599941619603,-0.030615121126174927,-0.0409393310546875,-0.020263110300385634,-0.048089027404785156,-0.054359257221221924,-0.029143623089277426,-0.05816546082496643,-0.06602579355239868,-0.034599808057629744,-0.06594565510749817,-0.07461148500442505,-0.03860646580704419,-0.03816312551498413,-0.013764381408691406,-0.022532434215628783,-0.05519267916679382,-0.01598072052001953,-0.032043960889660994,-0.06674176454544067,-0.023959815502166748,-0.03520258610495297,-0.07568895816802979,-0.030628323554992676,-0.03679928650506703,-0.04076772928237915,0.010743260383605957,-0.025466092875086943,-0.054390281438827515,0.011802196502685547,-0.03353281413563458,-0.06476259231567383,0.00746607780456543,-0.03441658710488049,-0.07250869274139404,0.0020515918731689453,-0.03429113795407979,-0.0,0.0,0.0,0.018556982278823853,-0.01615685224533081,-0.003502423431136492,0.03386664390563965,-0.04732394218444824,-0.006271605401643399,0.04549705982208252,-0.06979602575302124,-0.00966352040261853,0.05704119801521301,-0.08507305383682251,-0.01309058351755965,0.027027398347854614,-0.0878632664680481,-0.00046658468630056404,0.03651714324951172,-0.11846989393234253,-0.008592466845520619,0.04616093635559082,-0.13140088319778442,-0.016375326573260907,0.05634155869483948,-0.13651412725448608,-0.021370626076468113,0.018242865800857544,-0.08998823165893555,-0.003669695019134167,0.027351200580596924,-0.12246286869049072,-0.00998658409655917,0.03712204098701477,-0.13662052154541016,-0.01574099159181941,0.04753243923187256,-0.14341294765472412,-0.019624863772996548,0.007795244455337524,-0.08453243970870972,-0.008123106344946507,0.015535444021224976,-0.115550696849823,-0.013856364435859803,0.02430543303489685,-0.12886422872543335,-0.017037275269039753,0.033783555030822754,-0.1370551586151123,-0.019210216611035946,-0.0038875937461853027,-0.0724000334739685,-0.013142675183125618,-0.0016855597496032715,-0.09317457675933838,-0.017878566890367154,0.0030257105827331543,-0.10152310132980347,-0.019024957924493435,0.009000062942504883,-0.10657167434692383,-0.019580227344640377
how,0.0,0.0,0.0,-0.017950981855392456,-0.02054274082183838,0.0004578879727787921,-0.027515679597854614,-0.041807353496551514,-0.002486158309430664,-0.03802862763404846,-0.053244829177856445,-0.006262655517012661,-0.047493696212768555,-0.06002849340438843,-0.011151304615587776,-0.010736256837844849,-0.07459115982055664,-0.009552942736000603,-0.013411194086074829,-0.11471682786941528,-0.015009853204638546,-0.017221063375473022,-0.14163094758987427,-0.019132222196013515,-0.021451175212860107,-0.16298425197601318,-0.022446426710040157,-0.010702937841415405,-0.06890636682510376,-0.014577390773148124,-0.014588594436645508,-0.10808855295181274,-0.019089902898222988,-0.019693493843078613,-0.13213366270065308,-0.023008194899112766,-0.02437111735343933,-0.15275448560714722,-0.026659553086311405,-0.013358473777770996,-0.05524718761444092,-0.0191183287258454,-0.020203709602355957,-0.08657634258270264,-0.023849704449922626,-0.025847524404525757,-0.1072765588760376,-0.02805368151322085,-0.03063979744911194,-0.12415450811386108,-0.031829497924000805,-0.019742757081985474,-0.03763085603713989,-0.023391538446695392,-0.029865652322769165,-0.05236726999282837,-0.028178497364670818,-0.038316547870635986,-0.05985492467880249,-0.030498544832617824,-0.04543042182922363,-0.06458336114883423,-0.032619088103921,0.0,0.0,0.0,-0.0009695291519165039,-0.038197994232177734,-0.004895661578370181,-0.00025466084480285645,-0.08017683029174805,-0.010627452836228457,-9.238719940185547e-07,-0.1157379150390625,-0.01646615154374942,-0.005224257707595825,-0.1456107497215271,-0.022182458632482138,0.004114300012588501,-0.07151949405670166,-0.01218949592937335,0.005446821451187134,-0.0973406434059143,-0.02191879189838275,0.005582183599472046,-0.11253988742828369,-0.028215033554328528,0.006333082914352417,-0.12701386213302612,-0.03243757187653884,0.007246971130371094,-0.0534670352935791,-0.014782243960393515,0.007279396057128906,-0.07064700126647949,-0.02435586377312049,0.0072130560874938965,-0.0818246603012085,-0.0286560352825056,0.009077668190002441,-0.09438520669937134,-0.03201826437641486,0.011554837226867676,-0.03217017650604248,-0.017924707003725615,0.0141448974609375,-0.044762611389160156,-0.028764552988899794,0.015079200267791748,-0.05387413501739502,-0.03107207603086337,0.016762495040893555,-0.06507009267807007,-0.03198005034853324,0.015948504209518433,-0.00957566499710083,-0.02124285101224288,0.02502259612083435,-0.014834105968475342,-0.029649415605558005,0.03045251965522766,-0.017135798931121826,-0.0315378919177185,0.03572660684585571,-0.02265554666519165,-0.03260949029852256
how,-0.0,0.0,0.0,0.017950981855392456,-0.02054274082183838,0.0004578879727787921,0.027515679597854614,-0.041807353496551514,-0.002486158309430664,0.03802862763404846,-0.053244829177856445,-0.006262655517012661,0.047493696212768555,-0.06002849340438843,-0.011151304615587776,0.010736256837844849,-0.07459115982055664,-0.009552942736000603,0.013411194086074829,-0.11471682786941528,-0.015009853204638546,0.017221063375473022,-0.14163094758987427,-0.019132222196013515,0.021451175212860107,-0.16298425197601318,-0.022446426710040157,0.010702937841415405,-0.06890636682510376,-0.014577390773148124,0.014588594436645508,-0.10808855295181274,-0.019089902898222988,0.019693493843078613,-0.13213366270065308,-0.023008194899112766,0.02437111735343933,-0.15275448560714722,-0.026659553086311405,0.013358473777770996,-0.05524718761444092,-0.0191183287258454,0.020203709602355957,-0.08657634258270264,-0.023849704449922626,0.025847524404525757,-0.1072765588760376,-0.02805368151322085,0.03063979744911194,-0.12415450811386108,-0.031829497924000805,0.019742757081985474,-0.03763085603713989,-0.023391538446695392,0.029865652322769165,-0.05236726999282837,-0.028178497364670818,0.038316547870635986,-0.05985492467880249,-0.030498544832617824,0.04543042182922363,-0.06458336114883423,-0.032619088103921,-0.0,0.0,0.0,0.0009695291519165039,-0.038197994232177734,-0.004895661578370181,0.00025466084480285645,-0.08017683029174805,-0.010627452836228457,9.238719940185547e-07,-0.1157379150390625,-0.01646615154374942,0.005224257707595825,-0.1456107497215271,-0.022182458632482138,-0.004114300012588501,-0.07151949405670166,-0.01218949592937335,-0.005446821451187134,-0.0973406434059143,-0.02191879189838275,-0.005582183599472046,-0.11253988742828369,-0.028215033554328528,-0.006333082914352417,-0.12701386213302612,-0.03243757187653884,-0.007246971130371094,-0.0534670352935791,-0.014782243960393515,-0.007279396057128906,-0.07064700126647949,-0.02435586377312049,-0.0072130560874938965,-0.0818246603012085,-0.0286560352825056,-0.009077668190002441,-0.09438520669937134,-0.03201826437641486,-0.011554837226867676,-0.03217017650604248,-0.017924707003725615,-0.0141448974609375,-0.044762611389160156,-0.028764552988899794,-0.015079200267791748,-0.05387413501739502,-0.03107207603086337,-0.016762495040893555,-0.06507009267807007,-0.03198005034853324,-0.015948504209518433,-0.00957566499710083,-0.02124285101224288,-0.02502259612083435,-0.014834105968475342,-0.029649415605558005,-0.03045251965522766,-0.017135798931121826,-0.0315378919177185,-0.03572660684585571,-0.02265554666519165,-0.03260949029852256
how,0.0,0.0,0.0,0.013700723648071289,-0.018721461296081543,-0.007168472274660331,0.022574007511138916,-0.0468827486038208,-0.012498410414426786,0.029091060161590576,-0.07289308309555054,-0.016917629163234693,0.038767457008361816,-0.08979719877243042,-0.021580904718010885,0.0034550130367279053,-0.04290968179702759,-0.016164131458371145,0.003647536039352417,-0.06459027528762817,-0.02311505749401377,0.005495429039001465,-0.07982242107391357,-0.02695954590615557,0.007785201072692871,-0.09652632474899292,-0.029953353102772695,-0.011600136756896973,-0.03987002372741699,-0.01612042262729929,-0.01658514142036438,-0.06186121702194214,-0.022734448309510213,-0.019060581922531128,-0.0769234299659729,-0.025565218176215154,-0.02095407247543335,-0.09264546632766724,-0.028617430474131567,-0.024530887603759766,-0.03652530908584595,-0.016301749269931776,-0.031860291957855225,-0.0624997615814209,-0.023402977730601293,-0.03552001714706421,-0.08075934648513794,-0.025769876311986906,-0.038383662700653076,-0.09807634353637695,-0.02778201549824999,-0.03424102067947388,-0.033055663108825684,-0.016838138918846113,-0.043093711137771606,-0.059337496757507324,-0.022998062889545423,-0.04885762929916382,-0.07743465900421143,-0.02561454101976679,-0.053669482469558716,-0.09476405382156372,-0.027825936670868856,0.0,0.0,0.0,0.011730283498764038,-0.02478206157684326,0.0023280258125808473,0.016171514987945557,-0.05537015199661255,0.00106706033211168,0.013518840074539185,-0.07817524671554565,-0.0001289063268856694,0.00843992829322815,-0.09406018257141113,-0.0026541990858319764,0.016463875770568848,-0.05635833740234375,-0.012160040268376804,0.012425720691680908,-0.09063637256622314,-0.015039175579026676,0.0050580501556396484,-0.1031944751739502,-0.015790583396032787,0.001966327428817749,-0.10953360795974731,-0.01689993573136661,0.007722824811935425,-0.055317699909210205,-0.016283616253808475,0.0037466585636138916,-0.0978083610534668,-0.019181206652596927,0.00018829107284545898,-0.1221814751625061,-0.020902722904160953,-0.0004597604274749756,-0.14224642515182495,-0.023358195850327945,-0.0028301477432250977,-0.052162349224090576,-0.019288174638226963,-0.0061845481395721436,-0.09042096138000488,-0.02381555719085071,-0.007303476333618164,-0.11864542961120605,-0.02867891995020244,-0.007045865058898926,-0.14356523752212524,-0.03309113515324924,-0.014764487743377686,-0.04716259241104126,-0.02110649442084167,-0.027717381715774536,-0.0685732364654541,-0.026459650898054576,-0.03629326820373535,-0.08497774600982666,-0.02915661951310966,-0.042849838733673096,-0.10059040784835815,-0.03148677555628154
how,-0.0,0.0,0.0,-0.013700723648071289,-0.018721461296081543,-0.007168472274660331,-0.022574007511138916,-0.0468827486038208,-0.012498410414426786,-0.029091060161590576,-0.07289308309555054,-0.016917629163234693,-0.038767457008361816,-0.08979719877243042,-0.021580904718010885,-0.0034550130367279053,-0.04290968179702759,-0.016164131458371145,-0.003647536039352417,-0.06459027528762817,-0.02311505749401377,-0.005495429039001465,-0.07982242107391357,-0.02695954590615557,-0.007785201072692871,-0.09652632474899292,-0.029953353102772695,0.011600136756896973,-0.03987002372741699,-0.01612042262729929,0.01658514142036438,-0.06186121702194214,-0.022734448309510213,0.019060581922531128,-0.0769234299659729,-0.025565218176215154,0.02095407247543335,-0.09264546632766724,-0.028617430474131567,0.024530887603759766,-0.03652530908584595,-0.016301749269931776,0.031860291957855225,-0.0624997615814209,-0.023402977730601293,0.03552001714706421,-0.08075934648513794,-0.025769876311986906,0.038383662700653076,-0.09807634353637695,-0.02778201549824999,0.03424102067947388,-0.033055663108825684,-0.016838138918846113,0.043093711137771606,-0.059337496757507324,-0.022998062889545423,0.04885762929916382,-0.07743465900421143,-0.02561454101976679,0.053669482469558716,-0.09476405382156372,-0.027825936670868856,-0.0,0.0,0.0,-0.011730283498764038,-0.02478206157684326,0.0023280258125808473,-0.016171514987945557,-0.05537015199661255,0.00106706033211168,-0.013518840074539185,-0.07817524671554565,-0.0001289063268856694,-0.00843992829322815,-0.09406018257141113,-0.0026541990858319764,-0.016463875770568848,-0.05635833740234375,-0.012160040268376804,-0.012425720691680908,-0.09063637256622314,-0.015039175579026676,-0.0050580501556396484,-0.1031944751739502,-0.015790583396032787,-0.001966327428817749,-0.10953360795974731,-0.01689993573136661,-0.007722824811935425,-0.055317699909210205,-0.016283616253808475,-0.0037466585636138916,-0.0978083610534668,-0.019181206652596927,-0.00018829107284545898,-0.1221814751625061,-0.020902722904160953,0.0004597604274749756,-0.14224642515182495,-0.023358195850327945,0.0028301477432250977,-0.052162349224090576,-0.019288174638226963,0.0061845481395721436,-0.09042096138000488,-0.02381555719085071,0.007303476333618164,-0.11864542961120605,-0.02867891995020244,0.007045865058898926,-0.14356523752212524,-0.03309113515324924,0.014764487743377686,-0.04716259241104126,-0.02110649442084167,0.027717381715774536,-0.0685732364654541,-0.026459650898054576,0.03629326820373535,-0.08497774600982666,-0.02915661951310966,0.042849838733673096,-0.10059040784835815,-0.03148677555628154
how,0.0,0.0,0.0,-0.01116529107093811,-0.023673534393310547,-0.0052795978092419205,-0.024535536766052246,-0.05276787281036377,-0.011707193201111465,-0.04200980067253113,-0.07353246212005615,-0.017069281061814934,-0.0560133159160614,-0.08300447463989258,-0.02388660514883867,-0.005808830261230469,-0.05288475751876831,-0.022525706311391502,-0.012987703084945679,-0.08341002464294434,-0.027440336515830666,-0.02310127019882202,-0.09009218215942383,-0.0296327946537005,-0.028857678174972534,-0.09496217966079712,-0.031183348020242363,0.0015066862106323242,-0.05173182487487793,-0.022605863382743507,-0.009750187397003174,-0.09258478879928589,-0.027141212468670517,-0.016582190990447998,-0.11325258016586304,-0.030394460057543427,-0.022039681673049927,-0.13097184896469116,-0.034299042990134865,0.007007211446762085,-0.054617106914520264,-0.02152342999510637,-0.00031435489654541016,-0.09506136178970337,-0.025433157553599983,-0.003499448299407959,-0.11959916353225708,-0.030071102996991783,-0.0073569416999816895,-0.14187604188919067,-0.034520708938764244,0.010245710611343384,-0.05941206216812134,-0.02000905664794317,0.01020321249961853,-0.09579581022262573,-0.022958324273751884,0.009066492319107056,-0.12088865041732788,-0.02405810447566381,0.006222724914550781,-0.1444927453994751,-0.025813265686558395,0.0,0.0,0.0,0.014118582010269165,-0.014940440654754639,-0.008345603594220208,0.02578333020210266,-0.04016315937042236,-0.014091637568212079,0.03425350785255432,-0.06625425815582275,-0.018846823485231923,0.04451504349708557,-0.0821043848991394,-0.023858732195234822,0.006855279207229614,-0.03653472661972046,-0.018510524766183423,0.009017497301101685,-0.05601155757904053,-0.026587356464601086,0.01094469428062439,-0.0698007345199585,-0.031247342588043736,0.01374468207359314,-0.08622914552688599,-0.034921179176903294,-0.008931577205657959,-0.03728175163269043,-0.018038785667753743,-0.011600613594055176,-0.05597579479217529,-0.02600906102511935,-0.012852877378463745,-0.07022875547409058,-0.029434847296810673,-0.013131827116012573,-0.08598846197128296,-0.03314119821939521,-0.022084325551986694,-0.03826874494552612,-0.01791405549798064,-0.027565866708755493,-0.06184965372085571,-0.026436400251126813,-0.03050801157951355,-0.07955771684646606,-0.029160474078393506,-0.032317906618118286,-0.09706276655197144,-0.03155283129367881,-0.03232952952384949,-0.03919029235839844,-0.01821855513904147,-0.03827446699142456,-0.06400686502456665,-0.02536349801871829,-0.042590051889419556,-0.08206367492675781,-0.028514586971736477,-0.04589912295341492,-0.09935194253921509,-0.031276165159082936
how,-0.0,0.0,0.0,0.01116529107093811,-0.023673534393310547,-0.0052795978092419205,0.024535536766052246,-0.05276787281036377,-0.011707193201111465,0.04200980067253113,-0.07353246212005615,-0.017069281061814934,0.0560133159160614,-0.08300447463989258,-0.02388660514883867,0.005808830261230469,-0.05288475751876831,-0.022525706311391502,0.012987703084945679,-0.08341002464294434,-0.027440336515830666,0.02310127019882202,-0.09009218215942383,-0.0296327946537005,0.028857678174972534,-0.09496217966079712,-0.031183348020242363,-0.0015066862106323242,-0.05173182487487793,-0.022605863382743507,0.009750187397003174,-0.09258478879928589,-0.027141212468670517,0.016582190990447998,-0.11325258016586304,-0.030394460057543427,0.022039681673049927,-0.13097184896469116,-0.034299042990134865,-0.007007211446762085,-0.054617106914520264,-0.02152342999510637,0.00031435489654541016,-0.09506136178970337,-0.025433157553599983,0.003499448299407959,-0.11959916353225708,-0.030071102996991783,0.0073569416999816895,-0.14187604188919067,-0.034520708938764244,-0.010245710611343384,-0.05941206216812134,-0.02000905664794317,-0.01020321249961853,-0.09579581022262573,-0.022958324273751884,-0.009066492319107056,-0.12088865041732788,-0.02405810447566381,-0.006222724914550781,-0.1444927453994751,-0.025813265686558395,-0.0,0.0,0.0,-0.014118582010269165,-0.014940440654754639,-0.008345603594220208,-0.02578333020210266,-0.04016315937042236,-0.014091637568212079,-0.03425350785255432,-0.06625425815582275,-0.018846823485231923,-0.04451504349708557,-0.0821043848991394,-0.023858732195234822,-0.006855279207229614,-0.03653472661972046,-0.018510524766183423,-0.009017497301101685,-0.05601155757904053,-0.026587356464601086,-0.01094469428062439,-0.0698007345199585,-0.031247342588043736,-0.01374468207359314,-0.08622914552688599,-0.034921179176903294,0.008931577205657959,-0.03728175163269043,-0.018038785667753743,0.011600613594055176,-0.05597579479217529,-0.02600906102511935,0.012852877378463745,-0.07022875547409058,-0.029434847296810673,0.013131827116012573,-0.08598846197128296,-0.03314119821939521,0.022084325551986694,-0.03826874494552612,-0.01791405549798064,0.027565866708755493,-0.06184965372085571,-0.026436400251126813,0.03050801157951355,-0.07955771684646606,-0.029160474078393506,0.032317906618118286,-0.09706276655197144,-0.03155283129367881,0.03232952952384949,-0.03919029235839844,-0.01821855513904147,0.03827446699142456,-0.06400686502456665,-0.02536349801871829,0.042590051889419556,-0.08206367492675781,-0.028514586971736477,0.04589912295341492,-0.09935194253921509,-0.031276165159082936
how,0.0,0.0,0.0,-0.020675569772720337,-0.016190290451049805,-0.004742334705881035,-0.03592994809150696,-0.03465378284454346,-0.012073632904431975,-0.05047321319580078,-0.0495985746383667,-0.0191476527760841,-0.06327590346336365,-0.05843716859817505,-0.027560539187035715,-0.016214996576309204,-0.02892380952835083,-0.021676947937450564,-0.025548964738845825,-0.05181539058685303,-0.02802093291386143,-0.036606431007385254,-0.05794268846511841,-0.031480643541655695,-0.04399028420448303,-0.06461513042449951,-0.033719785154900705,-0.0010068416595458984,-0.03341352939605713,-0.02334217877789513,-0.010979533195495605,-0.06700444221496582,-0.028007721171817934,-0.017272204160690308,-0.08575773239135742,-0.031437966615996515,-0.022233039140701294,-0.10309714078903198,-0.03604896703465954,0.010662376880645752,-0.04185754060745239,-0.024076819063267862,0.0049450695514678955,-0.07782852649688721,-0.029519799740157282,0.000588834285736084,-0.09649813175201416,-0.034109830499730265,-0.00449293851852417,-0.11444950103759766,-0.03850437292560116,0.01845240592956543,-0.0533825159072876,-0.0244721226553537,0.020507454872131348,-0.08942586183547974,-0.028432717190227663,0.018831729888916016,-0.11231094598770142,-0.029548816026292002,0.014746904373168945,-0.13418292999267578,-0.03163047844275013,0.0,0.0,0.0,0.014630883932113647,-0.01519632339477539,-0.006655463196160838,0.026534587144851685,-0.038357675075531006,-0.011811531327488467,0.03504404425621033,-0.06406599283218384,-0.015831507921042487,0.04458734393119812,-0.08007949590682983,-0.02010156604629998,0.006513506174087524,-0.031801700592041016,-0.017080754220309302,0.008722096681594849,-0.05033063888549805,-0.023997657179656073,0.011215060949325562,-0.06410360336303711,-0.02821042406541352,0.014726608991622925,-0.08063143491744995,-0.03158910962921624,-0.00879862904548645,-0.03280925750732422,-0.016439277857365653,-0.011619716882705688,-0.05181777477264404,-0.02208258788270001,-0.012756109237670898,-0.06402391195297241,-0.02431853878480439,-0.012857228517532349,-0.07767421007156372,-0.027465230032625243,-0.021549075841903687,-0.035020530223846436,-0.01579313370567803,-0.02753150463104248,-0.05792534351348877,-0.021634118810119674,-0.030596166849136353,-0.07385319471359253,-0.02286437357944493,-0.032209932804107666,-0.08967453241348267,-0.02469993586820607,-0.03158450126647949,-0.03734016418457031,-0.015471194118084952,-0.03814658522605896,-0.059918999671936035,-0.02018199878913407,-0.04251423478126526,-0.0759546160697937,-0.021771906122388884,-0.04529103636741638,-0.09168636798858643,-0.02367216739040856
how,-0.0,0.0,0.0,0.020675569772720337,-0.016190290451049805,-0.004742334705881035,0.03592994809150696,-0.03465378284454346,-0.012073632904431975,0.05047321319580078,-0.0495985746383667,-0.0191476527760841,0.06327590346336365,-0.05843716859817505,-0.027560539187035715,0.016214996576309204,-0.02892380952835083,-0.021676947937450564,0.025548964738845825,-0.05181539058685303,-0.02802093291386143,0.036606431007385254,-0.05794268846511841,-0.031480643541655695,0.04399028420448303,-0.06461513042449951,-0.033719785154900705,0.0010068416595458984,-0.03341352939605713,-0.02334217877789513,0.010979533195495605,-0.06700444221496582,-0.028007721171817934,0.017272204160690308,-0.08575773239135742,-0.031437966615996515,0.022233039140701294,-0.10309714078903198,-0.03604896703465954,-0.010662376880645752,-0.04185754060745239,-0.024076819063267862,-0.0049450695514678955,-0.07782852649688721,-0.029519799740157282,-0.000588834285736084,-0.09649813175201416,-0.034109830499730265,0.00449293851852417,-0.11444950103759766,-0.03850437292560116,-0.01845240592956543,-0.0533825159072876,-0.0244721226553537,-0.020507454872131348,-0.08942586183547974,-0.028432717190227663,-0.018831729888916016,-0.11231094598770142,-0.029548816026292002,-0.014746904373168945,-0.13418292999267578,-0.03163047844275013,-0.0,0.0,0.0,-0.014630883932113647,-0.01519632339477539,-0.006655463196160838,-0.026534587144851685,-0.038357675075531006,-0.011811531327488467,-0.03504404425621033,-0.06406599283218384,-0.015831507921042487,-0.04458734393119812,-0.08007949590682983,-0.02010156604629998,-0.006513506174087524,-0.031801700592041016,-0.017080754220309302,-0.008722096681594849,-0.05033063888549805,-0.023997657179656073,-0.011215060949325562,-0.06410360336303711,-0.02821042406541352,-0.014726608991622925,-0.08063143491744995,-0.03158910962921624,0.00879862904548645,-0.03280925750732422,-0.016439277857365653,0.011619716882705688,-0.05181777477264404,-0.02208258788270001,0.012756109237670898,-0.06402391195297241,-0.02431853878480439,0.012857228517532349,-0.07767421007156372,-0.027465230032625243,0.021549075841903687,-0.035020530223846436,-0.01579313370567803,0.02753150463104248,-0.05792534351348877,-0.021634118810119674,0.030596166849136353,-0.07385319471359253,-0.02286437357944493,0.032209932804107666,-0.08967453241348267,-0.02469993586820607,0.03158450126647949,-0.03734016418457031,-0.015471194118084952,0.03814658522605896,-0.059918999671936035,-0.02018199878913407,0.04251423478126526,-0.0759546160697937,-0.021771906122388884,0.04529103636741638,-0.09168636798858643,-0.02367216739040856
how,0.0,0.0,0.0,-0.020146340131759644,-0.017909228801727295,-0.005925404215624042,-0.03491494059562683,-0.03698253631591797,-0.01337371378244967,-0.04953065514564514,-0.053237855434417725,-0.0203317681610784,-0.06265275180339813,-0.06255966424942017,-0.02875612660350413,-0.014416664838790894,-0.03174847364425659,-0.02216709016861529,-0.020609050989151,-0.05728626251220703,-0.02834703943731398,-0.02954009175300598,-0.06605535745620728,-0.03161809391381354,-0.03620380163192749,-0.07400387525558472,-0.03364922649266333,-0.00024276971817016602,-0.033957839012145996,-0.023065520292540498,-0.009602874517440796,-0.07022058963775635,-0.02800870484711737,-0.015244841575622559,-0.09088945388793945,-0.031818525707741685,-0.020426809787750244,-0.10997062921524048,-0.03640021181704611,0.010971546173095703,-0.04028427600860596,-0.023133050492425866,0.005529910326004028,-0.07672679424285889,-0.028316821745058007,0.0016201138496398926,-0.09608525037765503,-0.03296199611427397,-0.0034121274948120117,-0.11489951610565186,-0.03726995161773772,0.018998682498931885,-0.04994082450866699,-0.022996811038275666,0.021570563316345215,-0.08575797080993652,-0.02683845332862944,0.02031216025352478,-0.10895645618438721,-0.028052553376575418,0.01635846495628357,-0.13091880083084106,-0.03002950160803408,0.0,0.0,0.0,0.013380736112594604,-0.01681804656982422,-0.006091812335728974,0.024516254663467407,-0.04263806343078613,-0.011120964948862166,0.032435983419418335,-0.06904596090316772,-0.01516580785515842,0.042483121156692505,-0.08443695306777954,-0.019426671032636733,0.005622416734695435,-0.03287947177886963,-0.01669356710168657,0.007957547903060913,-0.05280190706253052,-0.02375801949652967,0.010008066892623901,-0.06850558519363403,-0.027673852805822463,0.012568384408950806,-0.08578348159790039,-0.030708077539532752,-0.009439915418624878,-0.03297865390777588,-0.016575214628904433,-0.013092070817947388,-0.05344659090042114,-0.02314352168592748,-0.014659762382507324,-0.06950736045837402,-0.02580591774436769,-0.015427738428115845,-0.08511155843734741,-0.028920862068265052,-0.022118210792541504,-0.03493696451187134,-0.016444885347812743,-0.029385894536972046,-0.05913740396499634,-0.023341658701031776,-0.03332605957984924,-0.07841372489929199,-0.025361565117567153,-0.03598153591156006,-0.09617453813552856,-0.027340649803011985,-0.031988054513931274,-0.03757566213607788,-0.01652920356842813,-0.03929704427719116,-0.06264883279800415,-0.0221859265014821,-0.04415905475616455,-0.08130264282226562,-0.024657474075286956,-0.0474143922328949,-0.09907126426696777,-0.02699303178939161
how,-0.0,0.0,0.0,0.020146340131759644,-0.017909228801727295,-0.005925404215624042,0.03491494059562683,-0.03698253631591797,-0.01337371378244967,0.04953065514564514,-0.053237855434417725,-0.0203317681610784,0.06265275180339813,-0.06255966424942017,-0.02875612660350413,0.014416664838790894,-0.03174847364425659,-0.02216709016861529,0.020609050989151,-0.05728626251220703,-0.02834703943731398,0.02954009175300598,-0.06605535745620728,-0.03161809391381354,0.03620380163192749,-0.07400387525558472,-0.03364922649266333,0.00024276971817016602,-0.033957839012145996,-0.023065520292540498,0.009602874517440796,-0.07022058963775635,-0.02800870484711737,0.015244841575622559,-0.09088945388793945,-0.031818525707741685,0.020426809787750244,-0.10997062921524048,-0.03640021181704611,-0.010971546173095703,-0.04028427600860596,-0.023133050492425866,-0.005529910326004028,-0.07672679424285889,-0.028316821745058007,-0.0016201138496398926,-0.09608525037765503,-0.03296199611427397,0.0034121274948120117,-0.11489951610565186,-0.03726995161773772,-0.018998682498931885,-0.04994082450866699,-0.022996811038275666,-0.021570563316345215,-0.08575797080993652,-0.02683845332862944,-0.02031216025352478,-0.10895645618438721,-0.028052553376575418,-0.01635846495628357,-0.13091880083084106,-0.03002950160803408,-0.0,0.0,0.0,-0.013380736112594604,-0.01681804656982422,-0.006091812335728974,-0.024516254663467407,-0.04263806343078613,-0.011120964948862166,-0.032435983419418335,-0.06904596090316772,-0.01516580785515842,-0.042483121156692505,-0.08443695306777954,-0.019426671032636733,-0.005622416734695435,-0.03287947177886963,-0.01669356710168657,-0.007957547903060913,-0.05280190706253052,-0.02375801949652967,-0.010008066892623901,-0.06850558519363403,-0.027673852805822463,-0.012568384408950806,-0.08578348159790039,-0.030708077539532752,0.009439915418624878,-0.03297865390777588,-0.016575214628904433,0.013092070817947388,-0.05344659090042114,-0.02314352168592748,0.014659762382507324,-0.06950736045837402,-0.02580591774436769,0.015427738428115845,-0.08511155843734741,-0.028920862068265052,0.022118210792541504,-0.03493696451187134,-0.016444885347812743,0.029385894536972046,-0.05913740396499634,-0.023341658701031776,0.03332605957984924,-0.07841372489929199,-0.025361565117567153,0.03598153591156006,-0.09617453813552856,-0.027340649803011985,0.031988054513931274,-0.03757566213607788,-0.01652920356842813,0.03929704427719116,-0.06264883279800415,-0.0221859265014821,0.04415905475616455,-0.08130264282226562,-0.024657474075286956,0.0474143922328949,-0.09907126426696777,-0.02699303178939161
how,0.0,0.0,0.0,0.011799991130828857,-0.02867048978805542,-0.0068226556418906625,0.018482983112335205,-0.056725919246673584,-0.013718874392516511,0.0214693546295166,-0.08178019523620605,-0.01910859273136367,0.019761502742767334,-0.10280555486679077,-0.024923176703460115,0.0024448633193969727,-0.04606127738952637,-0.024258089450604814,-0.008617579936981201,-0.07961821556091309,-0.03230377213419189,-0.014009058475494385,-0.10121351480484009,-0.035765680683262246,-0.017727166414260864,-0.12121880054473877,-0.03774486036360969,-0.012430042028427124,-0.03259122371673584,-0.024559478474266427,-0.029743462800979614,-0.07168734073638916,-0.0325028330212902,-0.036984771490097046,-0.09995239973068237,-0.03466238380730857,-0.040318578481674194,-0.12327587604522705,-0.03660638184607734,-0.02474924921989441,-0.024245798587799072,-0.024276546401388543,-0.041337430477142334,-0.061425626277923584,-0.030793746200806993,-0.046562761068344116,-0.08884561061859131,-0.031911946100599664,-0.04757946729660034,-0.11151754856109619,-0.032763018471605676,-0.033450931310653687,-0.019283771514892578,-0.024213767809278863,-0.0485856831073761,-0.048085033893585205,-0.029017671210176843,-0.052402645349502563,-0.06900876760482788,-0.029841010657555955,-0.05166882276535034,-0.08754938840866089,-0.030452109140760797,0.0,0.0,0.0,0.018250256776809692,-0.023169398307800293,-0.0021887788732541935,0.03060734272003174,-0.058825016021728516,-0.006657999632601275,0.0372614860534668,-0.09092909097671509,-0.010344858905021681,0.03788959980010986,-0.11825507879257202,-0.01474572594249679,0.025947093963623047,-0.04885894060134888,-0.020312638645712866,0.03915512561798096,-0.08861559629440308,-0.029700837721769346,0.04321327805519104,-0.11013197898864746,-0.03454215421313478,0.04492756724357605,-0.12388503551483154,-0.03747803687090112,0.014767974615097046,-0.0511593222618103,-0.023826548522059454,0.026678144931793213,-0.0939551591873169,-0.032576977899019255,0.030393391847610474,-0.11673694849014282,-0.03661211921805574,0.03268346190452576,-0.13082724809646606,-0.040201235254947676,0.001499563455581665,-0.05306810140609741,-0.026737192338053717,0.0043718814849853516,-0.09245020151138306,-0.03472681312793924,0.0068778395652771,-0.11581677198410034,-0.03850837393635942,0.010541349649429321,-0.13257229328155518,-0.041730627109949125,-0.012689650058746338,-0.05607247352600098,-0.02908045395249559,-0.016509562730789185,-0.08871585130691528,-0.03583842485183908,-0.01758667826652527,-0.10987603664398193,-0.03891703828210069,-0.0159837007522583,-0.12759876251220703,-0.04165162860387994
how,-0.0,0.0,0.0,-0.011799991130828857,-0.02867048978805542,-0.0068226556418906625,-0.018482983112335205,-0.056725919246673584,-0.013718874392516511,-0.0214693546295166,-0.08178019523620605,-0.01910859273136367,-0.019761502742767334,-0.10280555486679077,-0.024923176703460115,-0.0024448633193969727,-0.04606127738952637,-0.024258089450604814,0.008617579936981201,-0.07961821556091309,-0.03230377213419189,0.014009058475494385,-0.10121351480484009,-0.035765680683262246,0.017727166414260864,-0.12121880054473877,-0.03774486036360969,0.012430042028427124,-0.03259122371673584,-0.024559478474266427,0.029743462800979614,-0.07168734073638916,-0.0325028330212902,0.036984771490097046,-0.09995239973068237,-0.03466238380730857,0.040318578481674194,-0.12327587604522705,-0.03660638184607734,0.02474924921989441,-0.024245798587799072,-0.024276546401388543,0.041337430477142334,-0.061425626277923584,-0.030793746200806993,0.046562761068344116,-0.08884561061859131,-0.031911946100599664,0.04757946729660034,-0.11151754856109619,-0.032763018471605676,0.033450931310653687,-0.019283771514892578,-0.024213767809278863,0.0485856831073761,-0.048085033893585205,-0.029017671210176843,0.052402645349502563,-0.06900876760482788,-0.029841010657555955,0.05166882276535034,-0.08754938840866089,-0.030452109140760797,-0.0,0.0,0.0,-0.018250256776809692,-0.023169398307800293,-0.0021887788732541935,-0.03060734272003174,-0.058825016021728516,-0.006657999632601275,-0.0372614860534668,-0.09092909097671509,-0.010344858905021681,-0.03788959980010986,-0.11825507879257202,-0.01474572594249679,-0.025947093963623047,-0.04885894060134888,-0.020312638645712866,-0.03915512561798096,-0.08861559629440308,-0.029700837721769346,-0.04321327805519104,-0.11013197898864746,-0.03454215421313478,-0.04492756724357605,-0.12388503551483154,-0.03747803687090112,-0.014767974615097046,-0.0511593222618103,-0.023826548522059454,-0.026678144931793213,-0.0939551591873169,-0.032576977899019255,-0.030393391847610474,-0.11673694849014282,-0.03661211921805574,-0.03268346190452576,-0.13082724809646606,-0.040201235254947676,-0.001499563455581665,-0.05306810140609741,-0.026737192338053717,-0.0043718814849853516,-0.09245020151138306,-0.03472681312793924,-0.0068778395652771,-0.11581677198410034,-0.03850837393635942,-0.010541349649429321,-0.13257229328155518,-0.041730627109949125,0.012689650058746338,-0.05607247352600098,-0.02908045395249559,0.016509562730789185,-0.08871585130691528,-0.03583842485183908,0.01758667826652527,-0.10987603664398193,-0.03891703828210069,0.0159837007522583,-0.12759876251220703,-0.04165162860387994
how,0.0,0.0,0.0,0.021722376346588135,-0.00029969215393066406,-0.005517729536080651,0.0409524142742157,0.01315528154373169,-0.011696355395400815,0.057706594467163086,0.02062886953353882,-0.01736007721760302,0.07132354378700256,0.017394423484802246,-0.023451327324295335,0.03568756580352783,0.06404721736907959,-0.012085136935496621,0.0391257107257843,0.1047469973564148,-0.017501733243847184,0.03996318578720093,0.13031470775604248,-0.021168104350948624,0.04091203212738037,0.14945995807647705,-0.023553729966664605,0.019684165716171265,0.07676893472671509,-0.01321347614415913,0.019540607929229736,0.11853033304214478,-0.015920224577570252,0.019466102123260498,0.14287030696868896,-0.017683845922732644,0.019530802965164185,0.16193974018096924,-0.01937719711699515,0.004466980695724487,0.08158940076828003,-0.014451105125630193,0.0038133561611175537,0.12130945920944214,-0.01651525029578238,0.0035957694053649902,0.14338433742523193,-0.016237360403323464,0.0032780468463897705,0.16047906875610352,-0.016269988358402543,-0.00854840874671936,0.08077871799468994,-0.01611607612707644,-0.010222941637039185,0.11447727680206299,-0.017511558697009377,-0.01090124249458313,0.13501125574111938,-0.015794168204450898,-0.011387258768081665,0.151727557182312,-0.014208239481234841,0,0,0,0,0,0,0,0,0,0,0,0,0,0,0,0,0,0,0,0,0,0,0,0,0,0,0,0,0,0,0,0,0,0,0,0,0,0,0,0,0,0,0,0,0,0,0,0,0,0,0,0,0,0,0,0,0,0,0,0,0,0,0
how,-0.0,0.0,0.0,-0.021722376346588135,-0.00029969215393066406,-0.005517729536080651,-0.0409524142742157,0.01315528154373169,-0.011696355395400815,-0.057706594467163086,0.02062886953353882,-0.01736007721760302,-0.07132354378700256,0.017394423484802246,-0.023451327324295335,-0.03568756580352783,0.06404721736907959,-0.012085136935496621,-0.0391257107257843,0.1047469973564148,-0.017501733243847184,-0.03996318578720093,0.13031470775604248,-0.021168104350948624,-0.04091203212738037,0.14945995807647705,-0.023553729966664605,-0.019684165716171265,0.07676893472671509,-0.01321347614415913,-0.019540607929229736,0.11853033304214478,-0.015920224577570252,-0.019466102123260498,0.14287030696868896,-0.017683845922732644,-0.019530802965164185,0.16193974018096924,-0.01937719711699515,-0.004466980695724487,0.08158940076828003,-0.014451105125630193,-0.0038133561611175537,0.12130945920944214,-0.01651525029578238,-0.0035957694053649902,0.14338433742523193,-0.016237360403323464,-0.0032780468463897705,0.16047906875610352,-0.016269988358402543,0.00854840874671936,0.08077871799468994,-0.01611607612707644,0.010222941637039185,0.11447727680206299,-0.017511558697009377,0.01090124249458313,0.13501125574111938,-0.015794168204450898,0.011387258768081665,0.151727557182312,-0.014208239481234841,0,0,0,0,0,0,0,0,0,0,0,0,0,0,0,0,0,0,0,0,0,0,0,0,0,0,0,0,0,0,0,0,0,0,0,0,0,0,0,0,0,0,0,0,0,0,0,0,0,0,0,0,0,0,0,0,0,0,0,0,0,0,0
how,0.0,0.0,0.0,0.040586113929748535,-0.03504914045333862,-0.06518941418849522,0.10791897773742676,-0.04767793416976929,-0.11038191662751728,0.15774863958358765,-0.058580100536346436,-0.14647441403590733,0.21115642786026,-0.06492763757705688,-0.18124703364097172,0.09510904550552368,0.005356431007385254,-0.12414516554795796,0.10212123394012451,0.006318569183349609,-0.1925887395592838,0.07388204336166382,-0.010995686054229736,-0.23482330934726292,0.04838824272155762,-0.02945345640182495,-0.25826006428920323,0.048463404178619385,0.027310490608215332,-0.11941372649394566,0.043180644512176514,0.02578336000442505,-0.19204009370528752,0.013210594654083252,-0.0022049546241760254,-0.2224743892403751,-0.007674872875213623,-0.028161942958831787,-0.23824750678264195,0.0029597878456115723,0.038731515407562256,-0.11826900438987309,-0.0061206817626953125,0.03233450651168823,-0.18734905914985234,-0.03215634822845459,0.0037598609924316406,-0.19871821300708348,-0.04722696542739868,-0.023419499397277832,-0.1980813969823032,-0.03501981496810913,0.040362417697906494,-0.12059650616370732,-0.050842463970184326,0.03461050987243652,-0.17743182973586613,-0.07125353813171387,0.01518934965133667,-0.18803814844810063,-0.08332067728042603,-0.004322469234466553,-0.18927573458873326,0.0,0.0,0.0,-0.045687466859817505,-0.03208041191101074,-0.05770687662307239,-0.09798729419708252,-0.044941842555999756,-0.0981494327658794,-0.14355647563934326,-0.05775481462478638,-0.13132865630332446,-0.1901690661907196,-0.06887787580490112,-0.1664107283229015,-0.09727621078491211,0.015293300151824951,-0.10921187602225757,-0.09372872114181519,0.007163643836975098,-0.1663368483657024,-0.06133076548576355,-0.003509223461151123,-0.20296698712054706,-0.029512763023376465,-0.013882815837860107,-0.22389343284312702,-0.05167624354362488,0.038059115409851074,-0.10389151327554202,-0.036025822162628174,0.024483203887939453,-0.1613740762347362,-0.0035502612590789795,0.005612432956695557,-0.18663437567893482,0.024088650941848755,-0.01210707426071167,-0.20121119819823718,-0.0061158835887908936,0.04852187633514404,-0.1016272073263309,0.01766347885131836,0.031386494636535645,-0.15449549161139942,0.046193718910217285,0.007590591907501221,-0.16555336021129108,0.06550353765487671,-0.012409389019012451,-0.1676960577839992,0.034962356090545654,0.05008631944656372,-0.10328844838086582,0.0606532096862793,0.038614630699157715,-0.1437443634146831,0.08504140377044678,0.01855146884918213,-0.15046751402560687,0.09925442934036255,0.0009878873825073242,-0.15118159257117725
how,-0.0,0.0,0.0,-0.040586113929748535,-0.03504914045333862,-0.06518941418849522,-0.10791897773742676,-0.04767793416976929,-0.11038191662751728,-0.15774863958358765,-0.058580100536346436,-0.14647441403590733,-0.21115642786026,-0.06492763757705688,-0.18124703364097172,-0.09510904550552368,0.005356431007385254,-0.12414516554795796,-0.10212123394012451,0.006318569183349609,-0.1925887395592838,-0.07388204336166382,-0.010995686054229736,-0.23482330934726292,-0.04838824272155762,-0.02945345640182495,-0.25826006428920323,-0.048463404178619385,0.027310490608215332,-0.11941372649394566,-0.043180644512176514,0.02578336000442505,-0.19204009370528752,-0.013210594654083252,-0.0022049546241760254,-0.2224743892403751,0.007674872875213623,-0.028161942958831787,-0.23824750678264195,-0.0029597878456115723,0.038731515407562256,-0.11826900438987309,0.0061206817626953125,0.03233450651168823,-0.18734905914985234,0.03215634822845459,0.0037598609924316406,-0.19871821300708348,0.04722696542739868,-0.023419499397277832,-0.1980813969823032,0.03501981496810913,0.040362417697906494,-0.12059650616370732,0.050842463970184326,0.03461050987243652,-0.17743182973586613,0.07125353813171387,0.01518934965133667,-0.18803814844810063,0.08332067728042603,-0.004322469234466553,-0.18927573458873326,-0.0,0.0,0.0,0.045687466859817505,-0.03208041191101074,-0.05770687662307239,0.09798729419708252,-0.044941842555999756,-0.0981494327658794,0.14355647563934326,-0.05775481462478638,-0.13132865630332446,0.1901690661907196,-0.06887787580490112,-0.1664107283229015,0.09727621078491211,0.015293300151824951,-0.10921187602225757,0.09372872114181519,0.007163643836975098,-0.1663368483657024,0.06133076548576355,-0.003509223461151123,-0.20296698712054706,0.029512763023376465,-0.013882815837860107,-0.22389343284312702,0.05167624354362488,0.038059115409851074,-0.10389151327554202,0.036025822162628174,0.024483203887939453,-0.1613740762347362,0.0035502612590789795,0.005612432956695557,-0.18663437567893482,-0.024088650941848755,-0.01210707426071167,-0.20121119819823718,0.0061158835887908936,0.04852187633514404,-0.1016272073263309,-0.01766347885131836,0.031386494636535645,-0.15449549161139942,-0.046193718910217285,0.007590591907501221,-0.16555336021129108,-0.06550353765487671,-0.012409389019012451,-0.1676960577839992,-0.034962356090545654,0.05008631944656372,-0.10328844838086582,-0.0606532096862793,0.038614630699157715,-0.1437443634146831,-0.08504140377044678,0.01855146884918213,-0.15046751402560687,-0.09925442934036255,0.0009878873825073242,-0.15118159257117725
how,0.0,0.0,0.0,0.05048030614852905,-0.031678974628448486,-0.02124991318123648,0.0891217589378357,-0.038866281509399414,-0.031097624952963088,0.12209194898605347,-0.0321354866027832,-0.04123746467666933,0.15519613027572632,-0.024186015129089355,-0.0519317784710438,0.06168818473815918,0.004516124725341797,-0.010696538294723723,0.057677507400512695,0.000792384147644043,-0.033507233987620566,0.048660874366760254,-0.00908440351486206,-0.05695395780639956,0.040028929710388184,-0.016381442546844482,-0.07243388382630656,0.01896810531616211,0.01626342535018921,-0.012373366895189974,0.008147954940795898,0.0022277235984802246,-0.03341410545544932,-0.0009949207305908203,-0.009839415550231934,-0.05343352867203066,-0.005875051021575928,-0.017922937870025635,-0.06993340937333414,-0.015611827373504639,0.020584821701049805,-0.017488176505139563,-0.0286332368850708,0.004424750804901123,-0.04247416047292063,-0.03228437900543213,-0.0061533451080322266,-0.05285018546419451,-0.03207319974899292,-0.013868510723114014,-0.0592094944222481,-0.04322856664657593,0.019153296947479248,-0.024227738882473204,-0.0600627064704895,0.007729768753051758,-0.044079302380851004,-0.06464117765426636,0.0008885860443115234,-0.04766005886631319,-0.06689876317977905,-0.004263818264007568,-0.04948377473192522,0,0,0,0,0,0,0,0,0,0,0,0,0,0,0,0,0,0,0,0,0,0,0,0,0,0,0,0,0,0,0,0,0,0,0,0,0,0,0,0,0,0,0,0,0,0,0,0,0,0,0,0,0,0,0,0,0,0,0,0,0,0,0
how,-0.0,0.0,0.0,-0.05048030614852905,-0.031678974628448486,-0.02124991318123648,-0.0891217589378357,-0.038866281509399414,-0.031097624952963088,-0.12209194898605347,-0.0321354866027832,-0.04123746467666933,-0.15519613027572632,-0.024186015129089355,-0.0519317784710438,-0.06168818473815918,0.004516124725341797,-0.010696538294723723,-0.057677507400512695,0.000792384147644043,-0.033507233987620566,-0.048660874366760254,-0.00908440351486206,-0.05695395780639956,-0.040028929710388184,-0.016381442546844482,-0.07243388382630656,-0.01896810531616211,0.01626342535018921,-0.012373366895189974,-0.008147954940795898,0.0022277235984802246,-0.03341410545544932,0.0009949207305908203,-0.009839415550231934,-0.05343352867203066,0.005875051021575928,-0.017922937870025635,-0.06993340937333414,0.015611827373504639,0.020584821701049805,-0.017488176505139563,0.0286332368850708,0.004424750804901123,-0.04247416047292063,0.03228437900543213,-0.0061533451080322266,-0.05285018546419451,0.03207319974899292,-0.013868510723114014,-0.0592094944222481,0.04322856664657593,0.019153296947479248,-0.024227738882473204,0.0600627064704895,0.007729768753051758,-0.044079302380851004,0.06464117765426636,0.0008885860443115234,-0.04766005886631319,0.06689876317977905,-0.004263818264007568,-0.04948377473192522,0,0,0,0,0,0,0,0,0,0,0,0,0,0,0,0,0,0,0,0,0,0,0,0,0,0,0,0,0,0,0,0,0,0,0,0,0,0,0,0,0,0,0,0,0,0,0,0,0,0,0,0,0,0,0,0,0,0,0,0,0,0,0
how,0.0,0.0,0.0,0.045365095138549805,-0.02967292070388794,-0.04710933960345187,0.08813971281051636,-0.044174253940582275,-0.08079278118279376,0.12385904788970947,-0.05066204071044922,-0.10802732802298465,0.15692651271820068,-0.05551880598068237,-0.1362247059431354,0.05955725908279419,-0.004019558429718018,-0.09301903493073382,0.0431673526763916,0.008054494857788086,-0.145500097641019,0.02356058359146118,0.005500853061676025,-0.1839607546415607,0.0005565285682678223,-0.004728853702545166,-0.20730483926203647,0.017431318759918213,0.009400606155395508,-0.09105810172226825,-0.013771355152130127,0.007522761821746826,-0.14190209306147494,-0.03757059574127197,0.000459134578704834,-0.1704218278017322,-0.05735599994659424,-0.004197478294372559,-0.19174814618494906,-0.01693129539489746,0.016387999057769775,-0.0909870008316318,-0.04714536666870117,0.010555744171142578,-0.13910080886748233,-0.06757229566574097,0.001983821392059326,-0.15040865934756198,-0.0839923620223999,-0.005347728729248047,-0.15551416970160403,-0.04291796684265137,0.0176008939743042,-0.09362886495259204,-0.06221425533294678,0.013635337352752686,-0.13123405373957553,-0.07696163654327393,0.005802452564239502,-0.13591260112193027,-0.08886343240737915,-0.0012559294700622559,-0.13724431789782443,0.0,0.0,0.0,-0.03341153264045715,-0.009308040142059326,-0.025883488105282737,-0.06125423312187195,-0.015004634857177734,-0.04210553479348178,-0.08942347764968872,-0.020452499389648438,-0.05512349096094127,-0.1189618706703186,-0.022173404693603516,-0.06740889114295001,-0.02854570746421814,0.024506807327270508,-0.04321550366436,-0.002117663621902466,0.037414371967315674,-0.06425681126271243,0.01520991325378418,0.03693699836730957,-0.07848883581315036,0.02670791745185852,0.03081190586090088,-0.08707744044219012,0.009184807538986206,0.03029090166091919,-0.03925953221474643,0.03755849599838257,0.040084660053253174,-0.05628305462156291,0.05351331830024719,0.034557342529296875,-0.06523548972760196,0.06315764784812927,0.02615123987197876,-0.07494195711766238,0.03925061225891113,0.0284462571144104,-0.03574044791017528,0.06509596109390259,0.035273969173431396,-0.05395633143340106,0.0786895751953125,0.03017789125442505,-0.05438578662429805,0.08663374185562134,0.024035751819610596,-0.054868263872013046,0.06259724497795105,0.022087037563323975,-0.03411065203104968,0.08616617321968079,0.022060155868530273,-0.04299672854100223,0.09442803263664246,0.019734323024749756,-0.037709174425945235,0.09944984316825867,0.018987298011779785,-0.03458949712072368
how,-0.0,0.0,0.0,-0.045365095138549805,-0.02967292070388794,-0.04710933960345187,-0.08813971281051636,-0.044174253940582275,-0.08079278118279376,-0.12385904788970947,-0.05066204071044922,-0.10802732802298465,-0.15692651271820068,-0.05551880598068237,-0.1362247059431354,-0.05955725908279419,-0.004019558429718018,-0.09301903493073382,-0.0431673526763916,0.008054494857788086,-0.145500097641019,-0.02356058359146118,0.005500853061676025,-0.1839607546415607,-0.0005565285682678223,-0.004728853702545166,-0.20730483926203647,-0.017431318759918213,0.009400606155395508,-0.09105810172226825,0.013771355152130127,0.007522761821746826,-0.14190209306147494,0.03757059574127197,0.000459134578704834,-0.1704218278017322,0.05735599994659424,-0.004197478294372559,-0.19174814618494906,0.01693129539489746,0.016387999057769775,-0.0909870008316318,0.04714536666870117,0.010555744171142578,-0.13910080886748233,0.06757229566574097,0.001983821392059326,-0.15040865934756198,0.0839923620223999,-0.005347728729248047,-0.15551416970160403,0.04291796684265137,0.0176008939743042,-0.09362886495259204,0.06221425533294678,0.013635337352752686,-0.13123405373957553,0.07696163654327393,0.005802452564239502,-0.13591260112193027,0.08886343240737915,-0.0012559294700622559,-0.13724431789782443,-0.0,0.0,0.0,0.03341153264045715,-0.009308040142059326,-0.025883488105282737,0.06125423312187195,-0.015004634857177734,-0.04210553479348178,0.08942347764968872,-0.020452499389648438,-0.05512349096094127,0.1189618706703186,-0.022173404693603516,-0.06740889114295001,0.02854570746421814,0.024506807327270508,-0.04321550366436,0.002117663621902466,0.037414371967315674,-0.06425681126271243,-0.01520991325378418,0.03693699836730957,-0.07848883581315036,-0.02670791745185852,0.03081190586090088,-0.08707744044219012,-0.009184807538986206,0.03029090166091919,-0.03925953221474643,-0.03755849599838257,0.040084660053253174,-0.05628305462156291,-0.05351331830024719,0.034557342529296875,-0.06523548972760196,-0.06315764784812927,0.02615123987197876,-0.07494195711766238,-0.03925061225891113,0.0284462571144104,-0.03574044791017528,-0.06509596109390259,0.035273969173431396,-0.05395633143340106,-0.0786895751953125,0.03017789125442505,-0.05438578662429805,-0.08663374185562134,0.024035751819610596,-0.054868263872013046,-0.06259724497795105,0.022087037563323975,-0.03411065203104968,-0.08616617321968079,0.022060155868530273,-0.04299672854100223,-0.09442803263664246,0.019734323024749756,-0.037709174425945235,-0.09944984316825867,0.018987298011779785,-0.03458949712072368
how,0.0,0.0,0.0,-0.044454753398895264,-0.018474102020263672,-0.025294412641102326,-0.07881554961204529,-0.019969940185546875,-0.038986104322844994,-0.10805439949035645,-0.019935190677642822,-0.04979939271348144,-0.14263656735420227,-0.021857380867004395,-0.060176054729396355,-0.03710484504699707,0.027689814567565918,-0.03606964905398513,-0.03212454915046692,0.040656864643096924,-0.057447249783450616,-0.0279008150100708,0.033030807971954346,-0.0784521054162326,-0.021606147289276123,0.01879638433456421,-0.09319239367383148,0.012077391147613525,0.035291194915771484,-0.034578661216670525,0.023615658283233643,0.04994386434555054,-0.05028355379241134,0.027648329734802246,0.03832411766052246,-0.06280280162232543,0.026568323373794556,0.02190464735031128,-0.07784631360905792,0.052336812019348145,0.035847365856170654,-0.033930311693126214,0.0705873966217041,0.04633122682571411,-0.055837015403682244,0.07396093010902405,0.03727281093597412,-0.0578290026320758,0.07133418321609497,0.02617168426513672,-0.060753471000367654,0.08552876114845276,0.0302584171295166,-0.03531713296311523,0.10582232475280762,0.03493368625640869,-0.048585428638631356,0.11107945442199707,0.032306969165802,-0.043063252015286935,0.11051946878433228,0.029494822025299072,-0.04104301591056014,0,0,0,0,0,0,0,0,0,0,0,0,0,0,0,0,0,0,0,0,0,0,0,0,0,0,0,0,0,0,0,0,0,0,0,0,0,0,0,0,0,0,0,0,0,0,0,0,0,0,0,0,0,0,0,0,0,0,0,0,0,0,0
how,-0.0,0.0,0.0,0.044454753398895264,-0.018474102020263672,-0.025294412641102326,0.07881554961204529,-0.019969940185546875,-0.038986104322844994,0.10805439949035645,-0.019935190677642822,-0.04979939271348144,0.14263656735420227,-0.021857380867004395,-0.060176054729396355,0.03710484504699707,0.027689814567565918,-0.03606964905398513,0.03212454915046692,0.040656864643096924,-0.057447249783450616,0.0279008150100708,0.033030807971954346,-0.0784521054162326,0.021606147289276123,0.01879638433456421,-0.09319239367383148,-0.012077391147613525,0.035291194915771484,-0.034578661216670525,-0.023615658283233643,0.04994386434555054,-0.05028355379241134,-0.027648329734802246,0.03832411766052246,-0.06280280162232543,-0.026568323373794556,0.02190464735031128,-0.07784631360905792,-0.052336812019348145,0.035847365856170654,-0.033930311693126214,-0.0705873966217041,0.04633122682571411,-0.055837015403682244,-0.07396093010902405,0.03727281093597412,-0.0578290026320758,-0.07133418321609497,0.02617168426513672,-0.060753471000367654,-0.08552876114845276,0.0302584171295166,-0.03531713296311523,-0.10582232475280762,0.03493368625640869,-0.048585428638631356,-0.11107945442199707,0.032306969165802,-0.043063252015286935,-0.11051946878433228,0.029494822025299072,-0.04104301591056014,0,0,0,0,0,0,0,0,0,0,0,0,0,0,0,0,0,0,0,0,0,0,0,0,0,0,0,0,0,0,0,0,0,0,0,0,0,0,0,0,0,0,0,0,0,0,0,0,0,0,0,0,0,0,0,0,0,0,0,0,0,0,0
how,0.0,0.0,0.0,-0.04316896200180054,-0.006475925445556641,-0.048358196868377945,-0.07066676020622253,-0.0009581446647644043,-0.08373393724747302,-0.072287917137146,-0.0016617178916931152,-0.11436311761923434,-0.068534255027771,-0.00449061393737793,-0.1440934226948798,-0.03355729579925537,0.05957609415054321,-0.07025234262533786,-0.025478124618530273,0.03931468725204468,-0.11101179431267383,-0.015080481767654419,0.030533552169799805,-0.14089624445028903,-0.0043242573738098145,0.02728646993637085,-0.1594454632241309,0.010982990264892578,0.0646141767501831,-0.06367798010893466,0.02898523211479187,0.045809388160705566,-0.0982562438685477,0.036774635314941406,0.03680217266082764,-0.11720049987621906,0.0388866662979126,0.03262627124786377,-0.13034820417948367,0.04899752140045166,0.06162148714065552,-0.060642129286009094,0.06889653205871582,0.04623907804489136,-0.09390715370960834,0.07104042172431946,0.039920032024383545,-0.10503094504662158,0.06874656677246094,0.03901171684265137,-0.11000202457495334,0.08276045322418213,0.05232572555541992,-0.06131427968927028,0.10851806402206421,0.04363369941711426,-0.08505826304741504,0.11544561386108398,0.04126852750778198,-0.09084197740145328,0.11699420213699341,0.042975783348083496,-0.09299563477821948,0.0,0.0,0.0,0.04677999019622803,-0.011991024017333984,-0.03746739594604165,0.09743541479110718,-0.011505305767059326,-0.07305534376169831,0.13785481452941895,-0.012374043464660645,-0.10580559267069489,0.1771470308303833,-0.012632548809051514,-0.1408756096508661,0.06513708829879761,0.030911684036254883,-0.07917277707125336,0.0705382227897644,0.046269774436950684,-0.11682206584479005,0.05667608976364136,0.04618650674819946,-0.14480671478773743,0.03882920742034912,0.043764352798461914,-0.1640236992981592,0.016304314136505127,0.03772062063217163,-0.0810223837044397,0.015550315380096436,0.05628490447998047,-0.11854505731131226,0.006094872951507568,0.05488848686218262,-0.1409090180542627,-0.004752218723297119,0.047296345233917236,-0.15670350386168153,-0.025958120822906494,0.038130998611450195,-0.0840068031695047,-0.029618144035339355,0.05429619550704956,-0.11529153032566697,-0.03741806745529175,0.05655282735824585,-0.12918597651983887,-0.0431818962097168,0.05386555194854736,-0.13877436710859925,-0.06286090612411499,0.03185337781906128,-0.08990430279041917,-0.06940752267837524,0.04725384712219238,-0.11498974455858857,-0.07207655906677246,0.0522691011428833,-0.12463154835964829,-0.07318687438964844,0.054582059383392334,-0.1319201309826532
how,-0.0,0.0,0.0,0.04316896200180054,-0.006475925445556641,-0.048358196868377945,0.07066676020622253,-0.0009581446647644043,-0.08373393724747302,0.072287917137146,-0.0016617178916931152,-0.11436311761923434,0.068534255027771,-0.00449061393737793,-0.1440934226948798,0.03355729579925537,0.05957609415054321,-0.07025234262533786,0.025478124618530273,0.03931468725204468,-0.11101179431267383,0.015080481767654419,0.030533552169799805,-0.14089624445028903,0.0043242573738098145,0.02728646993637085,-0.1594454632241309,-0.010982990264892578,0.0646141767501831,-0.06367798010893466,-0.02898523211479187,0.045809388160705566,-0.0982562438685477,-0.036774635314941406,0.03680217266082764,-0.11720049987621906,-0.0388866662979126,0.03262627124786377,-0.13034820417948367,-0.04899752140045166,0.06162148714065552,-0.060642129286009094,-0.06889653205871582,0.04623907804489136,-0.09390715370960834,-0.07104042172431946,0.039920032024383545,-0.10503094504662158,-0.06874656677246094,0.03901171684265137,-0.11000202457495334,-0.08276045322418213,0.05232572555541992,-0.06131427968927028,-0.10851806402206421,0.04363369941711426,-0.08505826304741504,-0.11544561386108398,0.04126852750778198,-0.09084197740145328,-0.11699420213699341,0.042975783348083496,-0.09299563477821948,-0.0,0.0,0.0,-0.04677999019622803,-0.011991024017333984,-0.03746739594604165,-0.09743541479110718,-0.011505305767059326,-0.07305534376169831,-0.13785481452941895,-0.012374043464660645,-0.10580559267069489,-0.1771470308303833,-0.012632548809051514,-0.1408756096508661,-0.06513708829879761,0.030911684036254883,-0.07917277707125336,-0.0705382227897644,0.046269774436950684,-0.11682206584479005,-0.05667608976364136,0.04618650674819946,-0.14480671478773743,-0.03882920742034912,0.043764352798461914,-0.1640236992981592,-0.016304314136505127,0.03772062063217163,-0.0810223837044397,-0.015550315380096436,0.05628490447998047,-0.11854505731131226,-0.006094872951507568,0.05488848686218262,-0.1409090180542627,0.004752218723297119,0.047296345233917236,-0.15670350386168153,0.025958120822906494,0.038130998611450195,-0.0840068031695047,0.029618144035339355,0.05429619550704956,-0.11529153032566697,0.03741806745529175,0.05655282735824585,-0.12918597651983887,0.0431818962097168,0.05386555194854736,-0.13877436710859925,0.06286090612411499,0.03185337781906128,-0.08990430279041917,0.06940752267837524,0.04725384712219238,-0.11498974455858857,0.07207655906677246,0.0522691011428833,-0.12463154835964829,0.07318687438964844,0.054582059383392334,-0.1319201309826532
how,0.0,0.0,0.0,0.030979573726654053,-0.027131855487823486,-0.03113343684674419,0.08362430334091187,-0.04031682014465332,-0.06599119423628963,0.12753349542617798,-0.03958845138549805,-0.09827359138728298,0.167080819606781,-0.03977084159851074,-0.13135924308301128,0.08903539180755615,0.009165823459625244,-0.09030164896250881,0.08601057529449463,0.00971221923828125,-0.1345715311050526,0.06986188888549805,-0.008878946304321289,-0.16134578852654613,0.05039191246032715,-0.029920518398284912,-0.1775090482711903,0.05280745029449463,0.031653761863708496,-0.09155692278147853,0.03476548194885254,0.012294232845306396,-0.12977837889195598,0.016021907329559326,-0.015101015567779541,-0.14110540716649211,0.0010904669761657715,-0.03907632827758789,-0.15063353745938457,0.012944281101226807,0.041845619678497314,-0.0930763494849316,-0.005618393421173096,0.020025908946990967,-0.12698409824372447,-0.02080559730529785,-0.008218348026275635,-0.13408792881966747,-0.033501386642456055,-0.031123816967010498,-0.13738189010621227,-0.024518847465515137,0.045618414878845215,-0.09704559414387859,-0.03893190622329712,0.026090919971466064,-0.1177469056725613,-0.04915273189544678,0.0023345947265625,-0.12221621840001262,-0.0588841438293457,-0.017554938793182373,-0.12674506871701396,0.0,0.0,0.0,-0.028591156005859375,-0.03678673505783081,-0.023007248206369013,-0.047497838735580444,-0.05955696105957031,-0.041923029957644076,-0.07116088271141052,-0.06599551439285278,-0.05800457918488178,-0.09905830025672913,-0.06355702877044678,-0.07422345378839168,-0.034881800413131714,-0.0034847259521484375,-0.05116031938635501,-0.012058734893798828,-0.018930792808532715,-0.07744313278638515,0.004785895347595215,-0.04231053590774536,-0.09709436693631801,0.023582905530929565,-0.0633816123008728,-0.11143677183829936,0.007103651762008667,0.013886451721191406,-0.05512213209115657,0.03731873631477356,-0.00561368465423584,-0.07912053415023479,0.05734005570411682,-0.036990225315093994,-0.0916411975904623,0.06848466396331787,-0.06383854150772095,-0.10505808392011318,0.0425589382648468,0.025042831897735596,-0.05986171462976131,0.07462215423583984,0.0009001493453979492,-0.08650013306581172,0.09103238582611084,-0.029744267463684082,-0.090749169377915,0.10012778639793396,-0.05377751588821411,-0.09452015408717784,0.07379260659217834,0.029037058353424072,-0.06631438681327495,0.10337361693382263,0.006819546222686768,-0.08285312601768169,0.11387258768081665,-0.016584455966949463,-0.082320975749127,0.11652281880378723,-0.03645199537277222,-0.08435946950160655
how,-0.0,0.0,0.0,-0.030979573726654053,-0.027131855487823486,-0.03113343684674419,-0.08362430334091187,-0.04031682014465332,-0.06599119423628963,-0.12753349542617798,-0.03958845138549805,-0.09827359138728298,-0.167080819606781,-0.03977084159851074,-0.13135924308301128,-0.08903539180755615,0.009165823459625244,-0.09030164896250881,-0.08601057529449463,0.00971221923828125,-0.1345715311050526,-0.06986188888549805,-0.008878946304321289,-0.16134578852654613,-0.05039191246032715,-0.029920518398284912,-0.1775090482711903,-0.05280745029449463,0.031653761863708496,-0.09155692278147853,-0.03476548194885254,0.012294232845306396,-0.12977837889195598,-0.016021907329559326,-0.015101015567779541,-0.14110540716649211,-0.0010904669761657715,-0.03907632827758789,-0.15063353745938457,-0.012944281101226807,0.041845619678497314,-0.0930763494849316,0.005618393421173096,0.020025908946990967,-0.12698409824372447,0.02080559730529785,-0.008218348026275635,-0.13408792881966747,0.033501386642456055,-0.031123816967010498,-0.13738189010621227,0.024518847465515137,0.045618414878845215,-0.09704559414387859,0.03893190622329712,0.026090919971466064,-0.1177469056725613,0.04915273189544678,0.0023345947265625,-0.12221621840001262,0.0588841438293457,-0.017554938793182373,-0.12674506871701396,-0.0,0.0,0.0,0.028591156005859375,-0.03678673505783081,-0.023007248206369013,0.047497838735580444,-0.05955696105957031,-0.041923029957644076,0.07116088271141052,-0.06599551439285278,-0.05800457918488178,0.09905830025672913,-0.06355702877044678,-0.07422345378839168,0.034881800413131714,-0.0034847259521484375,-0.05116031938635501,0.012058734893798828,-0.018930792808532715,-0.07744313278638515,-0.004785895347595215,-0.04231053590774536,-0.09709436693631801,-0.023582905530929565,-0.0633816123008728,-0.11143677183829936,-0.007103651762008667,0.013886451721191406,-0.05512213209115657,-0.03731873631477356,-0.00561368465423584,-0.07912053415023479,-0.05734005570411682,-0.036990225315093994,-0.0916411975904623,-0.06848466396331787,-0.06383854150772095,-0.10505808392011318,-0.0425589382648468,0.025042831897735596,-0.05986171462976131,-0.07462215423583984,0.0009001493453979492,-0.08650013306581172,-0.09103238582611084,-0.029744267463684082,-0.090749169377915,-0.10012778639793396,-0.05377751588821411,-0.09452015408717784,-0.07379260659217834,0.029037058353424072,-0.06631438681327495,-0.10337361693382263,0.006819546222686768,-0.08285312601768169,-0.11387258768081665,-0.016584455966949463,-0.082320975749127,-0.11652281880378723,-0.03645199537277222,-0.08435946950160655
how,0.0,0.0,0.0,0.037630558013916016,-0.03982985019683838,-0.028743306159910276,0.07862317562103271,-0.08320212364196777,-0.05671226045483024,0.12055891752243042,-0.11527818441390991,-0.07997019401186378,0.16383874416351318,-0.13729512691497803,-0.10721472463005455,0.07589894533157349,-0.03517097234725952,-0.09535839220875175,0.04905903339385986,-0.06427639722824097,-0.1330605428516236,0.02150142192840576,-0.0908660888671875,-0.1567162703573075,-0.0028373003005981445,-0.11743313074111938,-0.17439627459638984,0.02704596519470215,-0.011067986488342285,-0.10111401787393959,-0.0008100271224975586,-0.04897874593734741,-0.13605353048437507,-0.0276830792427063,-0.08505088090896606,-0.15398260763281257,-0.0485876202583313,-0.11660885810852051,-0.17284224739664467,-0.021718740463256836,0.004686176776885986,-0.10576215198629768,-0.04898536205291748,-0.03051018714904785,-0.1373230945169297,-0.06811058521270752,-0.06671947240829468,-0.1485734563171235,-0.08019357919692993,-0.10015749931335449,-0.1600296180545655,-0.06761014461517334,0.013750195503234863,-0.11164805850380333,-0.09151661396026611,-0.013703525066375732,-0.138976601868805,-0.10235679149627686,-0.04057753086090088,-0.1486518811284867,-0.10671740770339966,-0.06627339124679565,-0.15884896925085457,0.0,0.0,0.0,-0.05798622965812683,-0.04111790657043457,-0.03706167911688851,-0.11862072348594666,-0.07094264030456543,-0.06073152547280358,-0.15748494863510132,-0.08948880434036255,-0.08165494253437089,-0.19238674640655518,-0.11494708061218262,-0.10143215855161714,-0.11383983492851257,-0.017072558403015137,-0.07248955865900086,-0.09680601954460144,-0.040616512298583984,-0.11696727474729585,-0.05845758318901062,-0.07046222686767578,-0.14431131531993913,-0.029048293828964233,-0.0969998836517334,-0.16026564588348435,-0.06773850321769714,0.014769792556762695,-0.0748865668992238,-0.03417158126831055,-0.018142879009246826,-0.12268033524553346,-0.0013833045959472656,-0.0612717866897583,-0.13879454781810807,0.020304471254348755,-0.09413611888885498,-0.14940912177364396,-0.019896775484085083,0.03373783826828003,-0.07986776431600617,0.013825446367263794,0.001023411750793457,-0.12906335940162705,0.038483113050460815,-0.04212826490402222,-0.1331608658055501,0.05097314715385437,-0.07444018125534058,-0.131442881129189,0.023941725492477417,0.039961934089660645,-0.08742841979066895,0.04912325739860535,0.014465868473052979,-0.1215479289511876,0.06403115391731262,-0.018323063850402832,-0.1217869733790593,0.07373151183128357,-0.04396694898605347,-0.11930205573837327
how,-0.0,0.0,0.0,-0.037630558013916016,-0.03982985019683838,-0.028743306159910276,-0.07862317562103271,-0.08320212364196777,-0.05671226045483024,-0.12055891752243042,-0.11527818441390991,-0.07997019401186378,-0.16383874416351318,-0.13729512691497803,-0.10721472463005455,-0.07589894533157349,-0.03517097234725952,-0.09535839220875175,-0.04905903339385986,-0.06427639722824097,-0.1330605428516236,-0.02150142192840576,-0.0908660888671875,-0.1567162703573075,0.0028373003005981445,-0.11743313074111938,-0.17439627459638984,-0.02704596519470215,-0.011067986488342285,-0.10111401787393959,0.0008100271224975586,-0.04897874593734741,-0.13605353048437507,0.0276830792427063,-0.08505088090896606,-0.15398260763281257,0.0485876202583313,-0.11660885810852051,-0.17284224739664467,0.021718740463256836,0.004686176776885986,-0.10576215198629768,0.04898536205291748,-0.03051018714904785,-0.1373230945169297,0.06811058521270752,-0.06671947240829468,-0.1485734563171235,0.08019357919692993,-0.10015749931335449,-0.1600296180545655,0.06761014461517334,0.013750195503234863,-0.11164805850380333,0.09151661396026611,-0.013703525066375732,-0.138976601868805,0.10235679149627686,-0.04057753086090088,-0.1486518811284867,0.10671740770339966,-0.06627339124679565,-0.15884896925085457,-0.0,0.0,0.0,0.05798622965812683,-0.04111790657043457,-0.03706167911688851,0.11862072348594666,-0.07094264030456543,-0.06073152547280358,0.15748494863510132,-0.08948880434036255,-0.08165494253437089,0.19238674640655518,-0.11494708061218262,-0.10143215855161714,0.11383983492851257,-0.017072558403015137,-0.07248955865900086,0.09680601954460144,-0.040616512298583984,-0.11696727474729585,0.05845758318901062,-0.07046222686767578,-0.14431131531993913,0.029048293828964233,-0.0969998836517334,-0.16026564588348435,0.06773850321769714,0.014769792556762695,-0.0748865668992238,0.03417158126831055,-0.018142879009246826,-0.12268033524553346,0.0013833045959472656,-0.0612717866897583,-0.13879454781810807,-0.020304471254348755,-0.09413611888885498,-0.14940912177364396,0.019896775484085083,0.03373783826828003,-0.07986776431600617,-0.013825446367263794,0.001023411750793457,-0.12906335940162705,-0.038483113050460815,-0.04212826490402222,-0.1331608658055501,-0.05097314715385437,-0.07444018125534058,-0.131442881129189,-0.023941725492477417,0.039961934089660645,-0.08742841979066895,-0.04912325739860535,0.014465868473052979,-0.1215479289511876,-0.06403115391731262,-0.018323063850402832,-0.1217869733790593,-0.07373151183128357,-0.04396694898605347,-0.11930205573837327
how,0.0,0.0,0.0,-0.04736456274986267,-0.05494886636734009,-0.038093533359784715,-0.10220584273338318,-0.08856469392776489,-0.06315084918620073,-0.14402279257774353,-0.10168462991714478,-0.08364335819365465,-0.18278488516807556,-0.12058663368225098,-0.10169381275059663,-0.13196837902069092,-0.025139689445495605,-0.08049065991522752,-0.11283361911773682,-0.040391623973846436,-0.12319711222531282,-0.07156413793563843,-0.061953067779541016,-0.15045790746094667,-0.03873521089553833,-0.0835232138633728,-0.16615750267388307,-0.10040464997291565,0.01040738821029663,-0.07820875569464647,-0.04377672076225281,-0.019759654998779297,-0.12004068865658724,-0.004746496677398682,-0.05370146036148071,-0.1332003809440323,0.025641024112701416,-0.0832829475402832,-0.14280438794972383,-0.06190326809883118,0.03137308359146118,-0.0774377398121544,-0.0023383796215057373,0.0010638833045959473,-0.1173835731971451,0.02849823236465454,-0.032772183418273926,-0.11810481920124971,0.05065542459487915,-0.0625733733177185,-0.11655470355631792,-0.02388530969619751,0.041726648807525635,-0.0800523348081299,0.027723610401153564,0.019972801208496094,-0.10909952595116579,0.050923287868499756,-0.006058156490325928,-0.11006675287367784,0.06780737638473511,-0.030602455139160156,-0.10825568809391939,0.0,0.0,0.0,0.03348261117935181,-0.03215038776397705,-0.043039031349934476,0.06390315294265747,-0.06118541955947876,-0.08468872683576478,0.09530121088027954,-0.08024060726165771,-0.11756717043451204,0.1331779956817627,-0.09309810400009155,-0.15153520184091462,0.06156033277511597,-0.014840900897979736,-0.1325569637351407,0.03248167037963867,-0.028738439083099365,-0.18137316780618562,0.007697641849517822,-0.04660063982009888,-0.20663290100625886,-0.018706142902374268,-0.06583237648010254,-0.22298866885236635,0.021613597869873047,0.01161181926727295,-0.12724222617677583,-0.020389318466186523,-0.012147367000579834,-0.17328276114992036,-0.04916578531265259,-0.03718382120132446,-0.18536188083223237,-0.07352864742279053,-0.06004440784454346,-0.1961512305074109,-0.017821907997131348,0.027228832244873047,-0.12006587909988298,-0.057761967182159424,0.0030362606048583984,-0.1588051952653302,-0.08218652009963989,-0.022516250610351562,-0.16935433822206392,-0.10230863094329834,-0.04680818319320679,-0.17621530967286958,-0.05220746994018555,0.03513598442077637,-0.11502427982620134,-0.08497393131256104,0.02032369375228882,-0.14215271549753083,-0.10302454233169556,0.0010821819305419922,-0.15324201064638032,-0.1190595030784607,-0.020655691623687744,-0.16307680683664216
how,-0.0,0.0,0.0,0.04736456274986267,-0.05494886636734009,-0.038093533359784715,0.10220584273338318,-0.08856469392776489,-0.06315084918620073,0.14402279257774353,-0.10168462991714478,-0.08364335819365465,0.18278488516807556,-0.12058663368225098,-0.10169381275059663,0.13196837902069092,-0.025139689445495605,-0.08049065991522752,0.11283361911773682,-0.040391623973846436,-0.12319711222531282,0.07156413793563843,-0.061953067779541016,-0.15045790746094667,0.03873521089553833,-0.0835232138633728,-0.16615750267388307,0.10040464997291565,0.01040738821029663,-0.07820875569464647,0.04377672076225281,-0.019759654998779297,-0.12004068865658724,0.004746496677398682,-0.05370146036148071,-0.1332003809440323,-0.025641024112701416,-0.0832829475402832,-0.14280438794972383,0.06190326809883118,0.03137308359146118,-0.0774377398121544,0.0023383796215057373,0.0010638833045959473,-0.1173835731971451,-0.02849823236465454,-0.032772183418273926,-0.11810481920124971,-0.05065542459487915,-0.0625733733177185,-0.11655470355631792,0.02388530969619751,0.041726648807525635,-0.0800523348081299,-0.027723610401153564,0.019972801208496094,-0.10909952595116579,-0.050923287868499756,-0.006058156490325928,-0.11006675287367784,-0.06780737638473511,-0.030602455139160156,-0.10825568809391939,-0.0,0.0,0.0,-0.03348261117935181,-0.03215038776397705,-0.043039031349934476,-0.06390315294265747,-0.06118541955947876,-0.08468872683576478,-0.09530121088027954,-0.08024060726165771,-0.11756717043451204,-0.1331779956817627,-0.09309810400009155,-0.15153520184091462,-0.06156033277511597,-0.014840900897979736,-0.1325569637351407,-0.03248167037963867,-0.028738439083099365,-0.18137316780618562,-0.007697641849517822,-0.04660063982009888,-0.20663290100625886,0.018706142902374268,-0.06583237648010254,-0.22298866885236635,-0.021613597869873047,0.01161181926727295,-0.12724222617677583,0.020389318466186523,-0.012147367000579834,-0.17328276114992036,0.04916578531265259,-0.03718382120132446,-0.18536188083223237,0.07352864742279053,-0.06004440784454346,-0.1961512305074109,0.017821907997131348,0.027228832244873047,-0.12006587909988298,0.057761967182159424,0.0030362606048583984,-0.1588051952653302,0.08218652009963989,-0.022516250610351562,-0.16935433822206392,0.10230863094329834,-0.04680818319320679,-0.17621530967286958,0.05220746994018555,0.03513598442077637,-0.11502427982620134,0.08497393131256104,0.02032369375228882,-0.14215271549753083,0.10302454233169556,0.0010821819305419922,-0.15324201064638032,0.1190595030784607,-0.020655691623687744,-0.16307680683664216
how,0.0,0.0,0.0,0.03784531354904175,-0.017301321029663086,-0.024861651033788235,0.08391177654266357,-0.014593541622161865,-0.05555719000163606,0.11789500713348389,-0.007901966571807861,-0.08352878925266793,0.14715886116027832,0.0019384026527404785,-0.1147108250564628,0.06870412826538086,0.0287855863571167,-0.09180862692060998,0.060771942138671875,0.03021836280822754,-0.13246050712528756,0.036857426166534424,0.013842582702636719,-0.16182321545544198,0.011656105518341064,-0.00748831033706665,-0.18181576070251992,0.026637673377990723,0.05075216293334961,-0.09526233610573343,0.008701741695404053,0.04416400194168091,-0.13213211533489755,-0.013859033584594727,0.020957887172698975,-0.14786193010273507,-0.03508824110031128,-0.004657268524169922,-0.16316917774143747,-0.010659754276275635,0.05753016471862793,-0.09638666597071222,-0.030078649520874023,0.05196034908294678,-0.12532523509922555,-0.045655250549316406,0.029036104679107666,-0.12755152818623117,-0.05897176265716553,0.003372013568878174,-0.13077268239918283,-0.042670249938964844,0.055173516273498535,-0.09985054519835046,-0.063027024269104,0.053228676319122314,-0.11550989237490228,-0.07596772909164429,0.03733605146408081,-0.11319379743996194,-0.0852811336517334,0.018277108669281006,-0.1148374849266105,0.0,0.0,0.0,-0.04724079370498657,-0.02968001365661621,-0.03620991379705174,-0.10005638003349304,-0.041520655155181885,-0.07073448122230275,-0.12908822298049927,-0.050243496894836426,-0.10099166155544026,-0.15192413330078125,-0.05555075407028198,-0.1328724724122594,-0.08326700329780579,0.00336301326751709,-0.09002664209094746,-0.07617774605751038,-0.0020093917846679688,-0.126179481751592,-0.056411296129226685,-0.022481322288513184,-0.14704554796901448,-0.04051768779754639,-0.04040956497192383,-0.16035823047843678,-0.041135191917419434,0.021764636039733887,-0.0871336710521291,-0.024159729480743408,0.0091208815574646,-0.11915779382673009,-0.006096959114074707,-0.013154149055480957,-0.12769335032191975,0.004035383462905884,-0.030091583728790283,-0.13671254635539754,-0.0026298165321350098,0.03009319305419922,-0.08458025277343495,0.011572659015655518,0.018212616443634033,-0.11718102068391545,0.025707483291625977,-0.00460129976272583,-0.12633287430492146,0.03305172920227051,-0.025491833686828613,-0.13177512109962208,0.02886781096458435,0.030571341514587402,-0.08419263631787999,0.045752882957458496,0.02191901206970215,-0.1098784607717107,0.055639803409576416,0.004022717475891113,-0.11727121741262181,0.05784839391708374,-0.014634847640991211,-0.123011457628877
how,-0.0,0.0,0.0,-0.03784531354904175,-0.017301321029663086,-0.024861651033788235,-0.08391177654266357,-0.014593541622161865,-0.05555719000163606,-0.11789500713348389,-0.007901966571807861,-0.08352878925266793,-0.14715886116027832,0.0019384026527404785,-0.1147108250564628,-0.06870412826538086,0.0287855863571167,-0.09180862692060998,-0.060771942138671875,0.03021836280822754,-0.13246050712528756,-0.036857426166534424,0.013842582702636719,-0.16182321545544198,-0.011656105518341064,-0.00748831033706665,-0.18181576070251992,-0.026637673377990723,0.05075216293334961,-0.09526233610573343,-0.008701741695404053,0.04416400194168091,-0.13213211533489755,0.013859033584594727,0.020957887172698975,-0.14786193010273507,0.03508824110031128,-0.004657268524169922,-0.16316917774143747,0.010659754276275635,0.05753016471862793,-0.09638666597071222,0.030078649520874023,0.05196034908294678,-0.12532523509922555,0.045655250549316406,0.029036104679107666,-0.12755152818623117,0.05897176265716553,0.003372013568878174,-0.13077268239918283,0.042670249938964844,0.055173516273498535,-0.09985054519835046,0.063027024269104,0.053228676319122314,-0.11550989237490228,0.07596772909164429,0.03733605146408081,-0.11319379743996194,0.0852811336517334,0.018277108669281006,-0.1148374849266105,-0.0,0.0,0.0,0.04724079370498657,-0.02968001365661621,-0.03620991379705174,0.10005638003349304,-0.041520655155181885,-0.07073448122230275,0.12908822298049927,-0.050243496894836426,-0.10099166155544026,0.15192413330078125,-0.05555075407028198,-0.1328724724122594,0.08326700329780579,0.00336301326751709,-0.09002664209094746,0.07617774605751038,-0.0020093917846679688,-0.126179481751592,0.056411296129226685,-0.022481322288513184,-0.14704554796901448,0.04051768779754639,-0.04040956497192383,-0.16035823047843678,0.041135191917419434,0.021764636039733887,-0.0871336710521291,0.024159729480743408,0.0091208815574646,-0.11915779382673009,0.006096959114074707,-0.013154149055480957,-0.12769335032191975,-0.004035383462905884,-0.030091583728790283,-0.13671254635539754,0.0026298165321350098,0.03009319305419922,-0.08458025277343495,-0.011572659015655518,0.018212616443634033,-0.11718102068391545,-0.025707483291625977,-0.00460129976272583,-0.12633287430492146,-0.03305172920227051,-0.025491833686828613,-0.13177512109962208,-0.02886781096458435,0.030571341514587402,-0.08419263631787999,-0.045752882957458496,0.02191901206970215,-0.1098784607717107,-0.055639803409576416,0.004022717475891113,-0.11727121741262181,-0.05784839391708374,-0.014634847640991211,-0.123011457628877
how,0.0,0.0,0.0,-0.04539757966995239,-0.04467332363128662,-0.046850006032400415,-0.1031484305858612,-0.06555849313735962,-0.076903561997824,-0.14277002215385437,-0.07500457763671875,-0.10203037684004812,-0.17885079979896545,-0.09276413917541504,-0.12703221564333944,-0.11197459697723389,0.008458137512207031,-0.09228211914341955,-0.10257664322853088,-0.0016328096389770508,-0.13983922724764852,-0.07520058751106262,-0.022056877613067627,-0.16986101393740682,-0.05073520541191101,-0.03889667987823486,-0.18612129514258413,-0.06797456741333008,0.040157198905944824,-0.08946477149765997,-0.03379029035568237,0.019428551197052002,-0.13900918786566763,-0.011177986860275269,-0.01042795181274414,-0.15631098573248892,0.010148048400878906,-0.036241114139556885,-0.16524110262434988,-0.02250009775161743,0.055723607540130615,-0.08847586338561086,0.01685553789138794,0.03320121765136719,-0.13428328459303884,0.038317203521728516,0.00020766258239746094,-0.13768670980971365,0.05381849408149719,-0.028223097324371338,-0.13458293204348593,0.018726468086242676,0.06213337182998657,-0.09144386922162084,0.05340099334716797,0.042881786823272705,-0.12322895501893072,0.06929939985275269,0.016552448272705078,-0.12346232210438757,0.07914632558822632,-0.007391095161437988,-0.11967669700425176,0.0,0.0,0.0,0.0512164831161499,-0.02976381778717041,-0.04543547441761575,0.10244369506835938,-0.05262809991836548,-0.09076744800012193,0.14532268047332764,-0.06900745630264282,-0.13135206436317048,0.1876237392425537,-0.08642882108688354,-0.17336266969840608,0.0939626693725586,-0.005260109901428223,-0.11495481168429933,0.10382586717605591,-0.0011483430862426758,-0.16043224667708955,0.07986724376678467,-0.016254425048828125,-0.1881883267084845,0.05473649501800537,-0.038667380809783936,-0.20587293540637575,0.04760104417800903,0.01667940616607666,-0.1126588109652289,0.03843313455581665,0.011100590229034424,-0.14789852236907564,0.017176389694213867,-0.008740067481994629,-0.15714877580802522,-0.0009582042694091797,-0.031068384647369385,-0.16715626155536256,0.0037429332733154297,0.02869361639022827,-0.11023592685859285,-0.00993800163269043,0.021873891353607178,-0.14043521618049226,-0.02756357192993164,-0.0015112757682800293,-0.14742205773990236,-0.04413264989852905,-0.02668219804763794,-0.1527051005284079,-0.03447824716567993,0.030640602111816406,-0.11151042317550264,-0.05217289924621582,0.026937246322631836,-0.12641441558997712,-0.06721949577331543,0.0072231292724609375,-0.12752730881373964,-0.08206260204315186,-0.013280093669891357,-0.13156001006763063
how,-0.0,0.0,0.0,0.04539757966995239,-0.04467332363128662,-0.046850006032400415,0.1031484305858612,-0.06555849313735962,-0.076903561997824,0.14277002215385437,-0.07500457763671875,-0.10203037684004812,0.17885079979896545,-0.09276413917541504,-0.12703221564333944,0.11197459697723389,0.008458137512207031,-0.09228211914341955,0.10257664322853088,-0.0016328096389770508,-0.13983922724764852,0.07520058751106262,-0.022056877613067627,-0.16986101393740682,0.05073520541191101,-0.03889667987823486,-0.18612129514258413,0.06797456741333008,0.040157198905944824,-0.08946477149765997,0.03379029035568237,0.019428551197052002,-0.13900918786566763,0.011177986860275269,-0.01042795181274414,-0.15631098573248892,-0.010148048400878906,-0.036241114139556885,-0.16524110262434988,0.02250009775161743,0.055723607540130615,-0.08847586338561086,-0.01685553789138794,0.03320121765136719,-0.13428328459303884,-0.038317203521728516,0.00020766258239746094,-0.13768670980971365,-0.05381849408149719,-0.028223097324371338,-0.13458293204348593,-0.018726468086242676,0.06213337182998657,-0.09144386922162084,-0.05340099334716797,0.042881786823272705,-0.12322895501893072,-0.06929939985275269,0.016552448272705078,-0.12346232210438757,-0.07914632558822632,-0.007391095161437988,-0.11967669700425176,-0.0,0.0,0.0,-0.0512164831161499,-0.02976381778717041,-0.04543547441761575,-0.10244369506835938,-0.05262809991836548,-0.09076744800012193,-0.14532268047332764,-0.06900745630264282,-0.13135206436317048,-0.1876237392425537,-0.08642882108688354,-0.17336266969840608,-0.0939626693725586,-0.005260109901428223,-0.11495481168429933,-0.10382586717605591,-0.0011483430862426758,-0.16043224667708955,-0.07986724376678467,-0.016254425048828125,-0.1881883267084845,-0.05473649501800537,-0.038667380809783936,-0.20587293540637575,-0.04760104417800903,0.01667940616607666,-0.1126588109652289,-0.03843313455581665,0.011100590229034424,-0.14789852236907564,-0.017176389694213867,-0.008740067481994629,-0.15714877580802522,0.0009582042694091797,-0.031068384647369385,-0.16715626155536256,-0.0037429332733154297,0.02869361639022827,-0.11023592685859285,0.00993800163269043,0.021873891353607178,-0.14043521618049226,0.02756357192993164,-0.0015112757682800293,-0.14742205773990236,0.04413264989852905,-0.02668219804763794,-0.1527051005284079,0.03447824716567993,0.030640602111816406,-0.11151042317550264,0.05217289924621582,0.026937246322631836,-0.12641441558997712,0.06721949577331543,0.0072231292724609375,-0.12752730881373964,0.08206260204315186,-0.013280093669891357,-0.13156001006763063
how,0.0,0.0,0.0,-0.06307244300842285,-0.03924351930618286,-0.01547220673201366,-0.12521466612815857,-0.051475584506988525,-0.024018425008037525,-0.16934776306152344,-0.04808992147445679,-0.03152034383056446,-0.18878677487373352,-0.04947459697723389,-0.03908775325653835,-0.11570477485656738,-0.01425403356552124,-0.034218150635936695,-0.1288532018661499,0.004919886589050293,-0.05810829948423191,-0.11466112732887268,-0.0021138787269592285,-0.0760809997820644,-0.10026568174362183,-0.015200257301330566,-0.08726218294141574,-0.07881692051887512,0.005298614501953125,-0.036760389318445164,-0.08460304141044617,0.021291613578796387,-0.060262966414668995,-0.06955128908157349,0.0032860636711120605,-0.07183573346374317,-0.05388110876083374,-0.015606582164764404,-0.08079615931747242,-0.044356465339660645,0.017306029796600342,-0.03968550961253925,-0.045436084270477295,0.027766048908233643,-0.06575969557998462,-0.03604212403297424,0.010014891624450684,-0.07225342791316791,-0.02739688754081726,-0.006192624568939209,-0.07503739695785328,-0.013234645128250122,0.022487103939056396,-0.043426200261095005,-0.006565958261489868,0.02704852819442749,-0.0624793576800613,0.0030235350131988525,0.013699173927307129,-0.0647882888817577,0.012191981077194214,0.000860750675201416,-0.0649846861862926,0.0,0.0,0.0,0.044635117053985596,-0.02907007932662964,-0.01906368477483511,0.08987456560134888,-0.033406853675842285,-0.03345960719724417,0.12380951642990112,-0.029049038887023926,-0.048334587050874234,0.14807391166687012,-0.02487891912460327,-0.06282903967638731,0.07798707485198975,0.010452508926391602,-0.02784705689390421,0.08916652202606201,0.022938847541809082,-0.059663362486560345,0.08078396320343018,0.012952864170074463,-0.08439982651015043,0.06611573696136475,-0.0033417940139770508,-0.09673785386820555,0.04144608974456787,0.024333417415618896,-0.03260046212216139,0.04820770025253296,0.03138589859008789,-0.0628036331965518,0.03313589096069336,0.020090460777282715,-0.0780026089980197,0.014188706874847412,0.0029504895210266113,-0.0859386247231555,0.008939743041992188,0.03277379274368286,-0.04004771230955839,0.007135629653930664,0.03832840919494629,-0.07222239641686201,-0.008909761905670166,0.025947928428649902,-0.07788546351929426,-0.023746609687805176,0.0072980523109436035,-0.07631538776894331,-0.02113032341003418,0.03624910116195679,-0.048460889293153286,-0.02815347909927368,0.043321073055267334,-0.07298771260519743,-0.04240530729293823,0.031011104583740234,-0.07323844699402571,-0.05528753995895386,0.011874735355377197,-0.06954723565121412
how,-0.0,0.0,0.0,0.06307244300842285,-0.03924351930618286,-0.01547220673201366,0.12521466612815857,-0.051475584506988525,-0.024018425008037525,0.16934776306152344,-0.04808992147445679,-0.03152034383056446,0.18878677487373352,-0.04947459697723389,-0.03908775325653835,0.11570477485656738,-0.01425403356552124,-0.034218150635936695,0.1288532018661499,0.004919886589050293,-0.05810829948423191,0.11466112732887268,-0.0021138787269592285,-0.0760809997820644,0.10026568174362183,-0.015200257301330566,-0.08726218294141574,0.07881692051887512,0.005298614501953125,-0.036760389318445164,0.08460304141044617,0.021291613578796387,-0.060262966414668995,0.06955128908157349,0.0032860636711120605,-0.07183573346374317,0.05388110876083374,-0.015606582164764404,-0.08079615931747242,0.044356465339660645,0.017306029796600342,-0.03968550961253925,0.045436084270477295,0.027766048908233643,-0.06575969557998462,0.03604212403297424,0.010014891624450684,-0.07225342791316791,0.02739688754081726,-0.006192624568939209,-0.07503739695785328,0.013234645128250122,0.022487103939056396,-0.043426200261095005,0.006565958261489868,0.02704852819442749,-0.0624793576800613,-0.0030235350131988525,0.013699173927307129,-0.0647882888817577,-0.012191981077194214,0.000860750675201416,-0.0649846861862926,-0.0,0.0,0.0,-0.044635117053985596,-0.02907007932662964,-0.01906368477483511,-0.08987456560134888,-0.033406853675842285,-0.03345960719724417,-0.12380951642990112,-0.029049038887023926,-0.048334587050874234,-0.14807391166687012,-0.02487891912460327,-0.06282903967638731,-0.07798707485198975,0.010452508926391602,-0.02784705689390421,-0.08916652202606201,0.022938847541809082,-0.059663362486560345,-0.08078396320343018,0.012952864170074463,-0.08439982651015043,-0.06611573696136475,-0.0033417940139770508,-0.09673785386820555,-0.04144608974456787,0.024333417415618896,-0.03260046212216139,-0.04820770025253296,0.03138589859008789,-0.0628036331965518,-0.03313589096069336,0.020090460777282715,-0.0780026089980197,-0.014188706874847412,0.0029504895210266113,-0.0859386247231555,-0.008939743041992188,0.03277379274368286,-0.04004771230955839,-0.007135629653930664,0.03832840919494629,-0.07222239641686201,0.008909761905670166,0.025947928428649902,-0.07788546351929426,0.023746609687805176,0.0072980523109436035,-0.07631538776894331,0.02113032341003418,0.03624910116195679,-0.048460889293153286,0.02815347909927368,0.043321073055267334,-0.07298771260519743,0.04240530729293823,0.031011104583740234,-0.07323844699402571,0.05528753995895386,0.011874735355377197,-0.06954723565121412
how are you,0.0,0.0,0.0,0.024036496877670288,-0.06551188230514526,-0.004207107091446005,0.061530739068984985,-0.11839419603347778,-0.0222144265120221,0.09081375598907471,-0.16751891374588013,-0.0406185880695773,0.09197193384170532,-0.20883941650390625,-0.057493072787423216,0.1530296802520752,-0.09978502988815308,-0.0296209965293599,0.21084019541740417,-0.08888781070709229,-0.029678677061696135,0.1857803463935852,-0.08065241575241089,-0.02415360216249951,0.15703687071800232,-0.08152413368225098,-0.02074963305344113,0.16323670744895935,-0.061708033084869385,-0.033789128849406325,0.21556821465492249,-0.05945926904678345,-0.02299642641295918,0.19383826851844788,-0.054765284061431885,-0.014420729914803587,0.1651027798652649,-0.051637470722198486,-0.015010847563047491,0.16309595108032227,-0.025103330612182617,-0.03586845550884732,0.20964545011520386,-0.03061455488204956,-0.01955814365496167,0.18877577781677246,-0.025898218154907227,-0.009221425132949435,0.16135454177856445,-0.022565901279449463,-0.011416650230188452,0.16009238362312317,0.008664906024932861,-0.0387940712665511,0.19845762848854065,-0.0027794837951660156,-0.02358418408979901,0.17742124199867249,-0.001947641372680664,-0.01122982133378514,0.1541537046432495,0.0013601183891296387,-0.00748292714555987,0.0,0.0,0.0,-0.02866208553314209,-0.0629463791847229,0.0062233016872284,-0.06845653057098389,-0.1165391206741333,-0.0019437194057303486,-0.08885073661804199,-0.16259819269180298,-0.011513730692726654,-0.08359980583190918,-0.1976063847541809,-0.022266415129465145,-0.1409071683883667,-0.09193223714828491,-0.023683392624420208,-0.21141576766967773,-0.08496755361557007,-0.028170357639950794,-0.1866634488105774,-0.08194494247436523,-0.028519776831430477,-0.1579042673110962,-0.08053863048553467,-0.028600161145490688,-0.1490064263343811,-0.05325502157211304,-0.03364436439709095,-0.21408545970916748,-0.054097890853881836,-0.02976231574551491,-0.19069969654083252,-0.05362749099731445,-0.023369665439290088,-0.1612682342529297,-0.05188173055648804,-0.02461353986994652,-0.14929795265197754,-0.01662653684616089,-0.040722259501976055,-0.20608395338058472,-0.02295154333114624,-0.03647142014936833,-0.18607109785079956,-0.022847294807434082,-0.023761513824624103,-0.15887397527694702,-0.020374000072479248,-0.02071869670884041,-0.14486265182495117,0.01578366756439209,-0.0470419537229958,-0.1967451572418213,0.004651367664337158,-0.04202950857118992,-0.17709946632385254,0.004833519458770752,-0.025565100084108394,-0.1527940034866333,0.0075264573097229,-0.015625869105619472
how are you,-0.0,0.0,0.0,-0.024036496877670288,-0.06551188230514526,-0.004207107091446005,-0.061530739068984985,-0.11839419603347778,-0.0222144265120221,-0.09081375598907471,-0.16751891374588013,-0.0406185880695773,-0.09197193384170532,-0.20883941650390625,-0.057493072787423216,-0.1530296802520752,-0.09978502988815308,-0.0296209965293599,-0.21084019541740417,-0.08888781070709229,-0.029678677061696135,-0.1857803463935852,-0.08065241575241089,-0.02415360216249951,-0.15703687071800232,-0.08152413368225098,-0.02074963305344113,-0.16323670744895935,-0.061708033084869385,-0.033789128849406325,-0.21556821465492249,-0.05945926904678345,-0.02299642641295918,-0.19383826851844788,-0.054765284061431885,-0.014420729914803587,-0.1651027798652649,-0.051637470722198486,-0.015010847563047491,-0.16309595108032227,-0.025103330612182617,-0.03586845550884732,-0.20964545011520386,-0.03061455488204956,-0.01955814365496167,-0.18877577781677246,-0.025898218154907227,-0.009221425132949435,-0.16135454177856445,-0.022565901279449463,-0.011416650230188452,-0.16009238362312317,0.008664906024932861,-0.0387940712665511,-0.19845762848854065,-0.0027794837951660156,-0.02358418408979901,-0.17742124199867249,-0.001947641372680664,-0.01122982133378514,-0.1541537046432495,0.0013601183891296387,-0.00748292714555987,-0.0,0.0,0.0,0.02866208553314209,-0.0629463791847229,0.0062233016872284,0.06845653057098389,-0.1165391206741333,-0.0019437194057303486,0.08885073661804199,-0.16259819269180298,-0.011513730692726654,0.08359980583190918,-0.1976063847541809,-0.022266415129465145,0.1409071683883667,-0.09193223714828491,-0.023683392624420208,0.21141576766967773,-0.08496755361557007,-0.028170357639950794,0.1866634488105774,-0.08194494247436523,-0.028519776831430477,0.1579042673110962,-0.08053863048553467,-0.028600161145490688,0.1490064263343811,-0.05325502157211304,-0.03364436439709095,0.21408545970916748,-0.054097890853881836,-0.02976231574551491,0.19069969654083252,-0.05362749099731445,-0.023369665439290088,0.1612682342529297,-0.05188173055648804,-0.02461353986994652,0.14929795265197754,-0.01662653684616089,-0.040722259501976055,0.20608395338058472,-0.02295154333114624,-0.03647142014936833,0.18607109785079956,-0.022847294807434082,-0.023761513824624103,0.15887397527694702,-0.020374000072479248,-0.02071869670884041,0.14486265182495117,0.01578366756439209,-0.0470419537229958,0.1967451572418213,0.004651367664337158,-0.04202950857118992,0.17709946632385254,0.004833519458770752,-0.025565100084108394,0.1527940034866333,0.0075264573097229,-0.015625869105619472
how are you,0.0,0.0,0.0,0.040217071771621704,-0.07155591249465942,-0.012159438057722127,0.0980241447687149,-0.12567228078842163,-0.03905586451190857,0.14401264488697052,-0.1764383316040039,-0.06571124046939758,0.15194685757160187,-0.2239454984664917,-0.09052664339441208,0.20902742445468903,-0.0955047607421875,-0.04875357374447731,0.28906162083148956,-0.1049957275390625,-0.061291123925627744,0.2566816657781601,-0.10219913721084595,-0.0629290074099913,0.21261753141880035,-0.09772568941116333,-0.06272463053363708,0.22542612254619598,-0.05157715082168579,-0.05340440496701149,0.30082903802394867,-0.06570816040039062,-0.053379609434784925,0.27283407747745514,-0.06815195083618164,-0.04842524528402237,0.23202024400234222,-0.06252026557922363,-0.05073006003993896,0.22687344253063202,-0.010618507862091064,-0.05593316554922012,0.2977626472711563,-0.0281105637550354,-0.04929302185672668,0.26986534893512726,-0.030824661254882812,-0.03849377408522514,0.2304627150297165,-0.02571052312850952,-0.039060662685812986,0.2209334522485733,0.025529146194458008,-0.05962493941086677,0.284970298409462,0.009299933910369873,-0.051613970844925916,0.2584141343832016,0.00263136625289917,-0.03706819862026123,0.22288672626018524,0.005163073539733887,-0.030016872285784757,0.0,0.0,0.0,-0.03136831521987915,-0.07267558574676514,0.0027565847389148246,-0.08532965183258057,-0.1341990828514099,-0.007577274157132052,-0.12981879711151123,-0.1825636625289917,-0.015586616168196343,-0.12578046321868896,-0.22149056196212769,-0.023089471901233338,-0.18516671657562256,-0.09859704971313477,-0.047590199554736756,-0.27250897884368896,-0.1051720380783081,-0.04652516886072888,-0.23005127906799316,-0.10404747724533081,-0.03788215636688008,-0.18760192394256592,-0.09955787658691406,-0.032106987828786515,-0.20077162981033325,-0.053918421268463135,-0.05291242494660153,-0.2779655456542969,-0.0694853663444519,-0.03926257758813634,-0.24067842960357666,-0.0703234076499939,-0.02377112738269105,-0.20334863662719727,-0.06466752290725708,-0.022156424517209672,-0.2042253017425537,-0.013792812824249268,-0.052855234289939546,-0.2722100019454956,-0.032147109508514404,-0.03950313448386922,-0.24148356914520264,-0.034163594245910645,-0.020486380601699494,-0.20622843503952026,-0.02826899290084839,-0.01667247123497262,-0.20114541053771973,0.02209317684173584,-0.05141837864595189,-0.26468199491500854,-0.00011217594146728516,-0.04192949801164403,-0.2363572120666504,-0.0034704208374023438,-0.02100906304496064,-0.2046380639076233,0.001453101634979248,-0.008914294349427365
how are you,-0.0,0.0,0.0,-0.040217071771621704,-0.07155591249465942,-0.012159438057722127,-0.0980241447687149,-0.12567228078842163,-0.03905586451190857,-0.14401264488697052,-0.1764383316040039,-0.06571124046939758,-0.15194685757160187,-0.2239454984664917,-0.09052664339441208,-0.20902742445468903,-0.0955047607421875,-0.04875357374447731,-0.28906162083148956,-0.1049957275390625,-0.061291123925627744,-0.2566816657781601,-0.10219913721084595,-0.0629290074099913,-0.21261753141880035,-0.09772568941116333,-0.06272463053363708,-0.22542612254619598,-0.05157715082168579,-0.05340440496701149,-0.30082903802394867,-0.06570816040039062,-0.053379609434784925,-0.27283407747745514,-0.06815195083618164,-0.04842524528402237,-0.23202024400234222,-0.06252026557922363,-0.05073006003993896,-0.22687344253063202,-0.010618507862091064,-0.05593316554922012,-0.2977626472711563,-0.0281105637550354,-0.04929302185672668,-0.26986534893512726,-0.030824661254882812,-0.03849377408522514,-0.2304627150297165,-0.02571052312850952,-0.039060662685812986,-0.2209334522485733,0.025529146194458008,-0.05962493941086677,-0.284970298409462,0.009299933910369873,-0.051613970844925916,-0.2584141343832016,0.00263136625289917,-0.03706819862026123,-0.22288672626018524,0.005163073539733887,-0.030016872285784757,-0.0,0.0,0.0,0.03136831521987915,-0.07267558574676514,0.0027565847389148246,0.08532965183258057,-0.1341990828514099,-0.007577274157132052,0.12981879711151123,-0.1825636625289917,-0.015586616168196343,0.12578046321868896,-0.22149056196212769,-0.023089471901233338,0.18516671657562256,-0.09859704971313477,-0.047590199554736756,0.27250897884368896,-0.1051720380783081,-0.04652516886072888,0.23005127906799316,-0.10404747724533081,-0.03788215636688008,0.18760192394256592,-0.09955787658691406,-0.032106987828786515,0.20077162981033325,-0.053918421268463135,-0.05291242494660153,0.2779655456542969,-0.0694853663444519,-0.03926257758813634,0.24067842960357666,-0.0703234076499939,-0.02377112738269105,0.20334863662719727,-0.06466752290725708,-0.022156424517209672,0.2042253017425537,-0.013792812824249268,-0.052855234289939546,0.2722100019454956,-0.032147109508514404,-0.03950313448386922,0.24148356914520264,-0.034163594245910645,-0.020486380601699494,0.20622843503952026,-0.02826899290084839,-0.01667247123497262,0.20114541053771973,0.02209317684173584,-0.05141837864595189,0.26468199491500854,-0.00011217594146728516,-0.04192949801164403,0.2363572120666504,-0.0034704208374023438,-0.02100906304496064,0.2046380639076233,0.001453101634979248,-0.008914294349427365
how are you,0.0,0.0,0.0,0.02777320146560669,-0.07583111524581909,-0.005571645985469331,0.08170142769813538,-0.13770771026611328,-0.020917649216130485,0.1218479573726654,-0.1884770393371582,-0.037191730759218444,0.12384721636772156,-0.23515838384628296,-0.051219881347492446,0.1604192554950714,-0.1020553708076477,-0.030549825004413833,0.2462441325187683,-0.11351758241653442,-0.04471546860702347,0.2115873396396637,-0.10930007696151733,-0.0492823764897139,0.17178189754486084,-0.10221672058105469,-0.04994978459842514,0.17571225762367249,-0.055892765522003174,-0.03591481672890495,0.25185489654541016,-0.07442879676818848,-0.03995523305900406,0.22386330366134644,-0.07402658462524414,-0.0363220952666552,0.18934452533721924,-0.06480586528778076,-0.03615752684243034,0.18088698387145996,-0.013730525970458984,-0.04007098527915787,0.24821943044662476,-0.036161065101623535,-0.03789099755056213,0.22337478399276733,-0.03785204887390137,-0.025760746396258583,0.19213935732841492,-0.030517518520355225,-0.021573948509171714,0.18198907375335693,0.023354530334472656,-0.04458411859639,0.24297526478767395,0.0017789006233215332,-0.03763499560125183,0.2210613489151001,-0.0032203197479248047,-0.021156056619361152,0.19360417127609253,0.0023553967475891113,-0.011197738184705486,0.0,0.0,0.0,-0.025539636611938477,-0.0716238021850586,-0.002618705916418662,-0.08087873458862305,-0.13960903882980347,-0.01704305323512756,-0.12446063756942749,-0.19499456882476807,-0.029278560604169,-0.11439394950866699,-0.23870790004730225,-0.041113871212317576,-0.14587408304214478,-0.10728031396865845,-0.05164388480336868,-0.25005799531936646,-0.11214739084243774,-0.062149155016257396,-0.2180042862892151,-0.10598021745681763,-0.059019143755747905,-0.18025660514831543,-0.103057861328125,-0.05544076773078643,-0.15989094972610474,-0.059727609157562256,-0.05682118895204269,-0.25756365060806274,-0.07146990299224854,-0.057563162471367946,-0.22552961111068726,-0.06855177879333496,-0.044262538726641765,-0.1897788643836975,-0.06561100482940674,-0.04116014304311477,-0.16715174913406372,-0.016996026039123535,-0.05860528263004028,-0.24908483028411865,-0.034796714782714844,-0.05834351393134796,-0.21921324729919434,-0.034721195697784424,-0.039264875526740184,-0.18449580669403076,-0.030947983264923096,-0.0320626861110469,-0.1704012155532837,0.020205974578857422,-0.05949779513032638,-0.23701715469360352,-0.0011230707168579102,-0.0575751355543872,-0.20729804039001465,-0.003740847110748291,-0.039824116106345286,-0.17542517185211182,-3.6954879760742188e-06,-0.0290718423828622
how are you,-0.0,0.0,0.0,-0.02777320146560669,-0.07583111524581909,-0.005571645985469331,-0.08170142769813538,-0.13770771026611328,-0.020917649216130485,-0.1218479573726654,-0.1884770393371582,-0.037191730759218444,-0.12384721636772156,-0.23515838384628296,-0.051219881347492446,-0.1604192554950714,-0.1020553708076477,-0.030549825004413833,-0.2462441325187683,-0.11351758241653442,-0.04471546860702347,-0.2115873396396637,-0.10930007696151733,-0.0492823764897139,-0.17178189754486084,-0.10221672058105469,-0.04994978459842514,-0.17571225762367249,-0.055892765522003174,-0.03591481672890495,-0.25185489654541016,-0.07442879676818848,-0.03995523305900406,-0.22386330366134644,-0.07402658462524414,-0.0363220952666552,-0.18934452533721924,-0.06480586528778076,-0.03615752684243034,-0.18088698387145996,-0.013730525970458984,-0.04007098527915787,-0.24821943044662476,-0.036161065101623535,-0.03789099755056213,-0.22337478399276733,-0.03785204887390137,-0.025760746396258583,-0.19213935732841492,-0.030517518520355225,-0.021573948509171714,-0.18198907375335693,0.023354530334472656,-0.04458411859639,-0.24297526478767395,0.0017789006233215332,-0.03763499560125183,-0.2210613489151001,-0.0032203197479248047,-0.021156056619361152,-0.19360417127609253,0.0023553967475891113,-0.011197738184705486,-0.0,0.0,0.0,0.025539636611938477,-0.0716238021850586,-0.002618705916418662,0.08087873458862305,-0.13960903882980347,-0.01704305323512756,0.12446063756942749,-0.19499456882476807,-0.029278560604169,0.11439394950866699,-0.23870790004730225,-0.041113871212317576,0.14587408304214478,-0.10728031396865845,-0.05164388480336868,0.25005799531936646,-0.11214739084243774,-0.062149155016257396,0.2180042862892151,-0.10598021745681763,-0.059019143755747905,0.18025660514831543,-0.103057861328125,-0.05544076773078643,0.15989094972610474,-0.059727609157562256,-0.05682118895204269,0.25756365060806274,-0.07146990299224854,-0.057563162471367946,0.22552961111068726,-0.06855177879333496,-0.044262538726641765,0.1897788643836975,-0.06561100482940674,-0.04116014304311477,0.16715174913406372,-0.016996026039123535,-0.05860528263004028,0.24908483028411865,-0.034796714782714844,-0.05834351393134796,0.21921324729919434,-0.034721195697784424,-0.039264875526740184,0.18449580669403076,-0.030947983264923096,-0.0320626861110469,0.1704012155532837,0.020205974578857422,-0.05949779513032638,0.23701715469360352,-0.0011230707168579102,-0.0575751355543872,0.20729804039001465,-0.003740847110748291,-0.039824116106345286,0.17542517185211182,-3.6954879760742188e-06,-0.0290718423828622
how are you,0.0,0.0,0.0,0.030777931213378906,-0.06789141893386841,-0.007355196193259417,0.07467514276504517,-0.12005585432052612,-0.02999450292105621,0.10646951198577881,-0.16852879524230957,-0.05162395935172981,0.10263592004776001,-0.2118738889694214,-0.07158098768110221,0.184639573097229,-0.09280407428741455,-0.04161454762930816,0.2433125376701355,-0.09660214185714722,-0.03887300964112228,0.20777028799057007,-0.09304463863372803,-0.031038990501713215,0.17129302024841309,-0.08863472938537598,-0.027699101973723828,0.20056939125061035,-0.0525471568107605,-0.04153287809009498,0.2477571964263916,-0.06822079420089722,-0.028732363392066418,0.21937620639801025,-0.07109189033508301,-0.017873587344240605,0.18546485900878906,-0.06524169445037842,-0.019203136001181065,0.19997155666351318,-0.018371522426605225,-0.03724189128394073,0.23651820421218872,-0.039164960384368896,-0.017321847636651455,0.2096654176712036,-0.04068589210510254,-0.002641871596154033,0.17665213346481323,-0.03534591197967529,-0.004292333756040989,0.19587412476539612,0.010371565818786621,-0.033764861781548916,0.22146397829055786,-0.010523498058319092,-0.01440611228014177,0.19380775094032288,-0.013946771621704102,0.0027046655058597935,0.1668151319026947,-0.008800745010375977,0.00871765029017979,0.0,0.0,0.0,-0.028264760971069336,-0.0650031566619873,0.0026623923804578453,-0.07238954305648804,-0.11833351850509644,-0.010575784090164575,-0.09839951992034912,-0.16602981090545654,-0.024001353140178594,-0.08405786752700806,-0.20086407661437988,-0.03700263118297187,-0.17564934492111206,-0.09253966808319092,-0.03292005574256507,-0.25098615884780884,-0.09717369079589844,-0.03758145933896628,-0.2100864052772522,-0.09446316957473755,-0.038135205115381154,-0.17131340503692627,-0.08992820978164673,-0.0382423891678485,-0.19218039512634277,-0.05394542217254639,-0.04013438960463134,-0.2520776391029358,-0.06898468732833862,-0.030550489853325757,-0.2185996174812317,-0.06985652446746826,-0.021142911817136678,-0.18486422300338745,-0.06472229957580566,-0.023309400956335935,-0.1967705488204956,-0.018624305725097656,-0.04387147417217818,-0.24384993314743042,-0.036948561668395996,-0.032737736310068044,-0.21787786483764648,-0.038377463817596436,-0.017775528784099492,-0.18622159957885742,-0.03181701898574829,-0.016300483326617154,-0.19519364833831787,0.011298179626464844,-0.047288031037155065,-0.23754757642745972,-0.009150207042694092,-0.036265660728517446,-0.21150469779968262,-0.01070934534072876,-0.01690960926860896,-0.1827714443206787,-0.00467449426651001,-0.006266339867565307
how are you,-0.0,0.0,0.0,-0.030777931213378906,-0.06789141893386841,-0.007355196193259417,-0.07467514276504517,-0.12005585432052612,-0.02999450292105621,-0.10646951198577881,-0.16852879524230957,-0.05162395935172981,-0.10263592004776001,-0.2118738889694214,-0.07158098768110221,-0.184639573097229,-0.09280407428741455,-0.04161454762930816,-0.2433125376701355,-0.09660214185714722,-0.03887300964112228,-0.20777028799057007,-0.09304463863372803,-0.031038990501713215,-0.17129302024841309,-0.08863472938537598,-0.027699101973723828,-0.20056939125061035,-0.0525471568107605,-0.04153287809009498,-0.2477571964263916,-0.06822079420089722,-0.028732363392066418,-0.21937620639801025,-0.07109189033508301,-0.017873587344240605,-0.18546485900878906,-0.06524169445037842,-0.019203136001181065,-0.19997155666351318,-0.018371522426605225,-0.03724189128394073,-0.23651820421218872,-0.039164960384368896,-0.017321847636651455,-0.2096654176712036,-0.04068589210510254,-0.002641871596154033,-0.17665213346481323,-0.03534591197967529,-0.004292333756040989,-0.19587412476539612,0.010371565818786621,-0.033764861781548916,-0.22146397829055786,-0.010523498058319092,-0.01440611228014177,-0.19380775094032288,-0.013946771621704102,0.0027046655058597935,-0.1668151319026947,-0.008800745010375977,0.00871765029017979,-0.0,0.0,0.0,0.028264760971069336,-0.0650031566619873,0.0026623923804578453,0.07238954305648804,-0.11833351850509644,-0.010575784090164575,0.09839951992034912,-0.16602981090545654,-0.024001353140178594,0.08405786752700806,-0.20086407661437988,-0.03700263118297187,0.17564934492111206,-0.09253966808319092,-0.03292005574256507,0.25098615884780884,-0.09717369079589844,-0.03758145933896628,0.2100864052772522,-0.09446316957473755,-0.038135205115381154,0.17131340503692627,-0.08992820978164673,-0.0382423891678485,0.19218039512634277,-0.05394542217254639,-0.04013438960463134,0.2520776391029358,-0.06898468732833862,-0.030550489853325757,0.2185996174812317,-0.06985652446746826,-0.021142911817136678,0.18486422300338745,-0.06472229957580566,-0.023309400956335935,0.1967705488204956,-0.018624305725097656,-0.04387147417217818,0.24384993314743042,-0.036948561668395996,-0.032737736310068044,0.21787786483764648,-0.038377463817596436,-0.017775528784099492,0.18622159957885742,-0.03181701898574829,-0.016300483326617154,0.19519364833831787,0.011298179626464844,-0.047288031037155065,0.23754757642745972,-0.009150207042694092,-0.036265660728517446,0.21150469779968262,-0.01070934534072876,-0.01690960926860896,0.1827714443206787,-0.00467449426651001,-0.006266339867565307
how are you,0.0,0.0,0.0,0.027393698692321777,-0.0639948844909668,-0.014016354313213242,0.0704544186592102,-0.11529362201690674,-0.04034273312063874,0.10346466302871704,-0.1610172986984253,-0.06573183447690667,0.10777157545089722,-0.20067864656448364,-0.08903801054330529,0.17806404829025269,-0.09379035234451294,-0.04564592227907838,0.24806877970695496,-0.10037451982498169,-0.056116167312580956,0.2181163728237152,-0.09755736589431763,-0.057187650209385765,0.17916461825370789,-0.0930752158164978,-0.057317469125706566,0.19529041647911072,-0.055155932903289795,-0.04678851351710023,0.2601269483566284,-0.06959933042526245,-0.04669720292659463,0.23259997367858887,-0.07090449333190918,-0.04261002675266923,0.19582876563072205,-0.06479275226593018,-0.045337967431265724,0.19863468408584595,-0.019385814666748047,-0.04600851595969857,0.2574094235897064,-0.03851473331451416,-0.03901308760615052,0.23028090596199036,-0.03919488191604614,-0.03000679039033116,0.1933947205543518,-0.03303927183151245,-0.03159596011610688,0.196539044380188,0.012224078178405762,-0.04646836206885041,0.24514266848564148,-0.007917821407318115,-0.038469258552510155,0.21871551871299744,-0.010303318500518799,-0.02658797972472371,0.18764719367027283,-0.004838109016418457,-0.02172960140379132,0.0,0.0,0.0,-0.02068805694580078,-0.06471174955368042,0.004097550838594088,-0.06232142448425293,-0.12238508462905884,-0.0052082736870602275,-0.09413397312164307,-0.16896957159042358,-0.013440347079779258,-0.08957624435424805,-0.20480376482009888,-0.021723387566055408,-0.15329253673553467,-0.10032391548156738,-0.03546427729412471,-0.23488545417785645,-0.10589593648910522,-0.036070411828006854,-0.20100831985473633,-0.10073429346084595,-0.031371259865011325,-0.16797685623168945,-0.09571456909179688,-0.028107141879047504,-0.1704953908920288,-0.06276404857635498,-0.0422430800168172,-0.24349546432495117,-0.0736122727394104,-0.030577871751631847,-0.21155083179473877,-0.07152974605560303,-0.01917535605713283,-0.1801290512084961,-0.0662541389465332,-0.01971452663525497,-0.17543017864227295,-0.02777308225631714,-0.04473469945475017,-0.23793935775756836,-0.04251056909561157,-0.03364679383918201,-0.2114824652671814,-0.04317355155944824,-0.018535060611213794,-0.18051356077194214,-0.03769683837890625,-0.016526147526349177,-0.1741582751274109,0.0034849047660827637,-0.04596761035605823,-0.23021668195724487,-0.014094710350036621,-0.03698977622076427,-0.20367074012756348,-0.015699267387390137,-0.018177006196822276,-0.17436808347702026,-0.010244131088256836,-0.007407705568368783
how are you,-0.0,0.0,0.0,-0.027393698692321777,-0.0639948844909668,-0.014016354313213242,-0.0704544186592102,-0.11529362201690674,-0.04034273312063874,-0.10346466302871704,-0.1610172986984253,-0.06573183447690667,-0.10777157545089722,-0.20067864656448364,-0.08903801054330529,-0.17806404829025269,-0.09379035234451294,-0.04564592227907838,-0.24806877970695496,-0.10037451982498169,-0.056116167312580956,-0.2181163728237152,-0.09755736589431763,-0.057187650209385765,-0.17916461825370789,-0.0930752158164978,-0.057317469125706566,-0.19529041647911072,-0.055155932903289795,-0.04678851351710023,-0.2601269483566284,-0.06959933042526245,-0.04669720292659463,-0.23259997367858887,-0.07090449333190918,-0.04261002675266923,-0.19582876563072205,-0.06479275226593018,-0.045337967431265724,-0.19863468408584595,-0.019385814666748047,-0.04600851595969857,-0.2574094235897064,-0.03851473331451416,-0.03901308760615052,-0.23028090596199036,-0.03919488191604614,-0.03000679039033116,-0.1933947205543518,-0.03303927183151245,-0.03159596011610688,-0.196539044380188,0.012224078178405762,-0.04646836206885041,-0.24514266848564148,-0.007917821407318115,-0.038469258552510155,-0.21871551871299744,-0.010303318500518799,-0.02658797972472371,-0.18764719367027283,-0.004838109016418457,-0.02172960140379132,-0.0,0.0,0.0,0.02068805694580078,-0.06471174955368042,0.004097550838594088,0.06232142448425293,-0.12238508462905884,-0.0052082736870602275,0.09413397312164307,-0.16896957159042358,-0.013440347079779258,0.08957624435424805,-0.20480376482009888,-0.021723387566055408,0.15329253673553467,-0.10032391548156738,-0.03546427729412471,0.23488545417785645,-0.10589593648910522,-0.036070411828006854,0.20100831985473633,-0.10073429346084595,-0.031371259865011325,0.16797685623168945,-0.09571456909179688,-0.028107141879047504,0.1704953908920288,-0.06276404857635498,-0.0422430800168172,0.24349546432495117,-0.0736122727394104,-0.030577871751631847,0.21155083179473877,-0.07152974605560303,-0.01917535605713283,0.1801290512084961,-0.0662541389465332,-0.01971452663525497,0.17543017864227295,-0.02777308225631714,-0.04473469945475017,0.23793935775756836,-0.04251056909561157,-0.03364679383918201,0.2114824652671814,-0.04317355155944824,-0.018535060611213794,0.18051356077194214,-0.03769683837890625,-0.016526147526349177,0.1741582751274109,0.0034849047660827637,-0.04596761035605823,0.23021668195724487,-0.014094710350036621,-0.03698977622076427,0.20367074012756348,-0.015699267387390137,-0.018177006196822276,0.17436808347702026,-0.010244131088256836,-0.007407705568368783
how are you,0.0,0.0,0.0,-0.010263442993164062,-0.05504852533340454,-0.00020983507747018848,-0.030579566955566406,-0.10653305053710938,-0.007568313576115315,-0.040789008140563965,-0.14589518308639526,-0.015277352019978707,-0.028913676738739014,-0.17607450485229492,-0.02391534468515033,-0.07527506351470947,-0.08670085668563843,-0.024846320807768052,-0.12429827451705933,-0.08127778768539429,-0.03270075267536754,-0.10746675729751587,-0.074390709400177,-0.03464542499168033,-0.08589905500411987,-0.07454299926757812,-0.03553178331239337,-0.08137696981430054,-0.051598191261291504,-0.031002148821784203,-0.12795090675354004,-0.050679564476013184,-0.03426901420934314,-0.1097877025604248,-0.04642140865325928,-0.03063931113464946,-0.08788043260574341,-0.045400142669677734,-0.03086727282388324,-0.0822150707244873,-0.01698482036590576,-0.03571453860385532,-0.12646013498306274,-0.02019345760345459,-0.03922799772007579,-0.10983794927597046,-0.017105937004089355,-0.03150947934372539,-0.08908122777938843,-0.015673339366912842,-0.02818526497466678,-0.08006870746612549,0.016252219676971436,-0.039994196802211945,-0.12296301126480103,0.009920120239257812,-0.04190733081085796,-0.10927391052246094,0.009253859519958496,-0.033485164701772874,-0.08902525901794434,0.010351777076721191,-0.027752388104630654,0.0,0.0,0.0,0.003733038902282715,-0.05343902111053467,-0.003976340905808229,0.029578745365142822,-0.10736805200576782,-0.012501743190966863,0.044124603271484375,-0.14768505096435547,-0.02113969022133233,0.03393641114234924,-0.17812412977218628,-0.02802101479568364,0.05467349290847778,-0.09652900695800781,-0.023695308283947725,0.11207699775695801,-0.1078648567199707,-0.033048385323070306,0.0918540358543396,-0.09640771150588989,-0.03309613236882569,0.07123947143554688,-0.09057098627090454,-0.03125846529104592,0.06552141904830933,-0.06244176626205444,-0.02797145912148835,0.12140783667564392,-0.0786217451095581,-0.03376229623057725,0.09976273775100708,-0.06946563720703125,-0.02936943204798581,0.07815676927566528,-0.0630146861076355,-0.025895218865059633,0.0750417411327362,-0.02896970510482788,-0.031807070166848916,0.1267600655555725,-0.04826152324676514,-0.03485635066130044,0.10713514685630798,-0.040241777896881104,-0.02682257400550725,0.08537030220031738,-0.03229707479476929,-0.021744606585286874,0.08291822671890259,0.001841127872467041,-0.035839220077775735,0.1241464912891388,-0.016805648803710938,-0.03762574637033822,0.10867425799369812,-0.013264298439025879,-0.030497559846423883,0.08922699093818665,-0.005965709686279297,-0.025368565262340326
how are you,-0.0,0.0,0.0,0.010263442993164062,-0.05504852533340454,-0.00020983507747018848,0.030579566955566406,-0.10653305053710938,-0.007568313576115315,0.040789008140563965,-0.14589518308639526,-0.015277352019978707,0.028913676738739014,-0.17607450485229492,-0.02391534468515033,0.07527506351470947,-0.08670085668563843,-0.024846320807768052,0.12429827451705933,-0.08127778768539429,-0.03270075267536754,0.10746675729751587,-0.074390709400177,-0.03464542499168033,0.08589905500411987,-0.07454299926757812,-0.03553178331239337,0.08137696981430054,-0.051598191261291504,-0.031002148821784203,0.12795090675354004,-0.050679564476013184,-0.03426901420934314,0.1097877025604248,-0.04642140865325928,-0.03063931113464946,0.08788043260574341,-0.045400142669677734,-0.03086727282388324,0.0822150707244873,-0.01698482036590576,-0.03571453860385532,0.12646013498306274,-0.02019345760345459,-0.03922799772007579,0.10983794927597046,-0.017105937004089355,-0.03150947934372539,0.08908122777938843,-0.015673339366912842,-0.02818526497466678,0.08006870746612549,0.016252219676971436,-0.039994196802211945,0.12296301126480103,0.009920120239257812,-0.04190733081085796,0.10927391052246094,0.009253859519958496,-0.033485164701772874,0.08902525901794434,0.010351777076721191,-0.027752388104630654,-0.0,0.0,0.0,-0.003733038902282715,-0.05343902111053467,-0.003976340905808229,-0.029578745365142822,-0.10736805200576782,-0.012501743190966863,-0.044124603271484375,-0.14768505096435547,-0.02113969022133233,-0.03393641114234924,-0.17812412977218628,-0.02802101479568364,-0.05467349290847778,-0.09652900695800781,-0.023695308283947725,-0.11207699775695801,-0.1078648567199707,-0.033048385323070306,-0.0918540358543396,-0.09640771150588989,-0.03309613236882569,-0.07123947143554688,-0.09057098627090454,-0.03125846529104592,-0.06552141904830933,-0.06244176626205444,-0.02797145912148835,-0.12140783667564392,-0.0786217451095581,-0.03376229623057725,-0.09976273775100708,-0.06946563720703125,-0.02936943204798581,-0.07815676927566528,-0.0630146861076355,-0.025895218865059633,-0.0750417411327362,-0.02896970510482788,-0.031807070166848916,-0.1267600655555725,-0.04826152324676514,-0.03485635066130044,-0.10713514685630798,-0.040241777896881104,-0.02682257400550725,-0.08537030220031738,-0.03229707479476929,-0.021744606585286874,-0.08291822671890259,0.001841127872467041,-0.035839220077775735,-0.1241464912891388,-0.016805648803710938,-0.03762574637033822,-0.10867425799369812,-0.013264298439025879,-0.030497559846423883,-0.08922699093818665,-0.005965709686279297,-0.025368565262340326
how are you,0.0,0.0,0.0,0.007516205310821533,-0.055013954639434814,-0.004137887846297872,0.034183651208877563,-0.10774952173233032,-0.012897324509538066,0.048300355672836304,-0.14733558893203735,-0.02181117398998822,0.039054423570632935,-0.17889094352722168,-0.029137516155458343,0.05570301413536072,-0.09379690885543823,-0.02467263093552674,0.11191859841346741,-0.10324239730834961,-0.034040594234681976,0.09206995368003845,-0.09647691249847412,-0.033657623216129195,0.07197722792625427,-0.09153872728347778,-0.03142995549700345,0.0638749897480011,-0.05864286422729492,-0.028559345513201606,0.11947652697563171,-0.07411360740661621,-0.03472900553009595,0.09895005822181702,-0.06927245855331421,-0.03006007498464669,0.07853630185127258,-0.06279730796813965,-0.026321919396139037,0.07149320840835571,-0.02509164810180664,-0.03199340565464581,0.12468573451042175,-0.044481635093688965,-0.03509644208810414,0.10558778047561646,-0.04068958759307861,-0.027342347189403426,0.08460456132888794,-0.033231914043426514,-0.022368425264573943,0.07808765769004822,0.005503654479980469,-0.035665532335258376,0.11986410617828369,-0.01263272762298584,-0.03727789385578717,0.10557693243026733,-0.013281404972076416,-0.030685510247565162,0.08641541004180908,-0.007375597953796387,-0.025943506270266425,0.0,0.0,0.0,-0.0091438889503479,-0.055714428424835205,-0.000657095404328345,-0.028031885623931885,-0.10818362236022949,-0.0076429492961480605,-0.039088666439056396,-0.14762747287750244,-0.015070189552368163,-0.029291987419128418,-0.17945468425750732,-0.023430535400272845,-0.0725523829460144,-0.08927100896835327,-0.022357944229604243,-0.1205298900604248,-0.08298265933990479,-0.031127070838572024,-0.10347974300384521,-0.07496136426925659,-0.03411368636226797,-0.08136826753616333,-0.0750533938407898,-0.03571444732880735,-0.07788020372390747,-0.05462372303009033,-0.02837858332133436,-0.1234939694404602,-0.05178779363632202,-0.033298805186511515,-0.10428881645202637,-0.04717510938644409,-0.031356770375730036,-0.08185845613479614,-0.04623192548751831,-0.032413847574950694,-0.07750260829925537,-0.01987403631210327,-0.03321811167335653,-0.12242370843887329,-0.021870791912078857,-0.038447316566468714,-0.10455900430679321,-0.018625378608703613,-0.03184959275460386,-0.08293682336807251,-0.01749330759048462,-0.02884778363442564,-0.07445400953292847,0.0130387544631958,-0.03763362003302717,-0.11574286222457886,0.008173763751983643,-0.04137330857849264,-0.10190272331237793,0.007766902446746826,-0.0344434863123908,-0.08230727910995483,0.008507966995239258,-0.02946842258608484
how are you,-0.0,0.0,0.0,-0.007516205310821533,-0.055013954639434814,-0.004137887846297872,-0.034183651208877563,-0.10774952173233032,-0.012897324509538066,-0.048300355672836304,-0.14733558893203735,-0.02181117398998822,-0.039054423570632935,-0.17889094352722168,-0.029137516155458343,-0.05570301413536072,-0.09379690885543823,-0.02467263093552674,-0.11191859841346741,-0.10324239730834961,-0.034040594234681976,-0.09206995368003845,-0.09647691249847412,-0.033657623216129195,-0.07197722792625427,-0.09153872728347778,-0.03142995549700345,-0.0638749897480011,-0.05864286422729492,-0.028559345513201606,-0.11947652697563171,-0.07411360740661621,-0.03472900553009595,-0.09895005822181702,-0.06927245855331421,-0.03006007498464669,-0.07853630185127258,-0.06279730796813965,-0.026321919396139037,-0.07149320840835571,-0.02509164810180664,-0.03199340565464581,-0.12468573451042175,-0.044481635093688965,-0.03509644208810414,-0.10558778047561646,-0.04068958759307861,-0.027342347189403426,-0.08460456132888794,-0.033231914043426514,-0.022368425264573943,-0.07808765769004822,0.005503654479980469,-0.035665532335258376,-0.11986410617828369,-0.01263272762298584,-0.03727789385578717,-0.10557693243026733,-0.013281404972076416,-0.030685510247565162,-0.08641541004180908,-0.007375597953796387,-0.025943506270266425,-0.0,0.0,0.0,0.0091438889503479,-0.055714428424835205,-0.000657095404328345,0.028031885623931885,-0.10818362236022949,-0.0076429492961480605,0.039088666439056396,-0.14762747287750244,-0.015070189552368163,0.029291987419128418,-0.17945468425750732,-0.023430535400272845,0.0725523829460144,-0.08927100896835327,-0.022357944229604243,0.1205298900604248,-0.08298265933990479,-0.031127070838572024,0.10347974300384521,-0.07496136426925659,-0.03411368636226797,0.08136826753616333,-0.0750533938407898,-0.03571444732880735,0.07788020372390747,-0.05462372303009033,-0.02837858332133436,0.1234939694404602,-0.05178779363632202,-0.033298805186511515,0.10428881645202637,-0.04717510938644409,-0.031356770375730036,0.08185845613479614,-0.04623192548751831,-0.032413847574950694,0.07750260829925537,-0.01987403631210327,-0.03321811167335653,0.12242370843887329,-0.021870791912078857,-0.038447316566468714,0.10455900430679321,-0.018625378608703613,-0.03184959275460386,0.08293682336807251,-0.01749330759048462,-0.02884778363442564,0.07445400953292847,0.0130387544631958,-0.03763362003302717,0.11574286222457886,0.008173763751983643,-0.04137330857849264,0.10190272331237793,0.007766902446746826,-0.0344434863123908,0.08230727910995483,0.008507966995239258,-0.02946842258608484
how are you,0.0,0.0,0.0,0.005546480417251587,-0.056502342224121094,-0.0017322119656739687,0.027467966079711914,-0.11341911554336548,-0.008006751826570735,0.03974038362503052,-0.1549810767173767,-0.014698976008759246,0.03457063436508179,-0.18760758638381958,-0.01999870250986646,0.044313520193099976,-0.10675030946731567,-0.018225404723153815,0.08978322148323059,-0.11782079935073853,-0.02654102007912229,0.07412055134773254,-0.10475814342498779,-0.027478379486666427,0.05745849013328552,-0.09791648387908936,-0.026513065500722632,0.05216875672340393,-0.07388108968734741,-0.02259274880455564,0.0965578556060791,-0.0859215259552002,-0.027473154767022834,0.07969972491264343,-0.07353776693344116,-0.024129313706026778,0.06187745928764343,-0.06787669658660889,-0.021724122865663276,0.05863547325134277,-0.03980898857116699,-0.02648998732732366,0.10003694891929626,-0.05572342872619629,-0.02917868766056131,0.08434998989105225,-0.04436725378036499,-0.021921999110446677,0.06656581163406372,-0.03770416975021362,-0.01753957319127153,0.0636441707611084,-0.007347166538238525,-0.03043159778283666,0.09654176235198975,-0.023077011108398438,-0.03182911808656286,0.08403980731964111,-0.016570210456848145,-0.02523024502264093,0.0685422420501709,-0.010481536388397217,-0.020665147631035552,0.0,0.0,0.0,-0.009626209735870361,-0.05569028854370117,0.0015676073234871524,-0.027067840099334717,-0.10605412721633911,-0.003031901040266405,-0.03523176908493042,-0.14481335878372192,-0.008730583547766457,-0.02831268310546875,-0.17575430870056152,-0.014955648875947247,-0.05819970369338989,-0.08697223663330078,-0.013655964008684407,-0.09609532356262207,-0.08376777172088623,-0.021129257700557957,-0.08015584945678711,-0.07790958881378174,-0.02469733888577963,-0.06168335676193237,-0.07725423574447632,-0.026251973307843457,-0.061870574951171875,-0.053298354148864746,-0.019241938091035138,-0.09823936223983765,-0.053182005882263184,-0.02270948300432707,-0.08140754699707031,-0.05104869604110718,-0.0212839243031695,-0.0640532374382019,-0.050035297870635986,-0.021781827978010426,-0.062191784381866455,-0.019686639308929443,-0.024087501413340817,-0.09739416837692261,-0.023933768272399902,-0.026951268038864384,-0.08230501413345337,-0.021902918815612793,-0.021024031288142453,-0.0661887526512146,-0.019628047943115234,-0.017991477347131024,-0.06064891815185547,0.01345127820968628,-0.02868593270253683,-0.09514409303665161,0.007005095481872559,-0.030151037222857724,-0.08400380611419678,0.004912912845611572,-0.023605163864012013,-0.06834381818771362,0.0060662031173706055,-0.018759529761190663
how are you,-0.0,0.0,0.0,-0.005546480417251587,-0.056502342224121094,-0.0017322119656739687,-0.027467966079711914,-0.11341911554336548,-0.008006751826570735,-0.03974038362503052,-0.1549810767173767,-0.014698976008759246,-0.03457063436508179,-0.18760758638381958,-0.01999870250986646,-0.044313520193099976,-0.10675030946731567,-0.018225404723153815,-0.08978322148323059,-0.11782079935073853,-0.02654102007912229,-0.07412055134773254,-0.10475814342498779,-0.027478379486666427,-0.05745849013328552,-0.09791648387908936,-0.026513065500722632,-0.05216875672340393,-0.07388108968734741,-0.02259274880455564,-0.0965578556060791,-0.0859215259552002,-0.027473154767022834,-0.07969972491264343,-0.07353776693344116,-0.024129313706026778,-0.06187745928764343,-0.06787669658660889,-0.021724122865663276,-0.05863547325134277,-0.03980898857116699,-0.02648998732732366,-0.10003694891929626,-0.05572342872619629,-0.02917868766056131,-0.08434998989105225,-0.04436725378036499,-0.021921999110446677,-0.06656581163406372,-0.03770416975021362,-0.01753957319127153,-0.0636441707611084,-0.007347166538238525,-0.03043159778283666,-0.09654176235198975,-0.023077011108398438,-0.03182911808656286,-0.08403980731964111,-0.016570210456848145,-0.02523024502264093,-0.0685422420501709,-0.010481536388397217,-0.020665147631035552,-0.0,0.0,0.0,0.009626209735870361,-0.05569028854370117,0.0015676073234871524,0.027067840099334717,-0.10605412721633911,-0.003031901040266405,0.03523176908493042,-0.14481335878372192,-0.008730583547766457,0.02831268310546875,-0.17575430870056152,-0.014955648875947247,0.05819970369338989,-0.08697223663330078,-0.013655964008684407,0.09609532356262207,-0.08376777172088623,-0.021129257700557957,0.08015584945678711,-0.07790958881378174,-0.02469733888577963,0.06168335676193237,-0.07725423574447632,-0.026251973307843457,0.061870574951171875,-0.053298354148864746,-0.019241938091035138,0.09823936223983765,-0.053182005882263184,-0.02270948300432707,0.08140754699707031,-0.05104869604110718,-0.0212839243031695,0.0640532374382019,-0.050035297870635986,-0.021781827978010426,0.062191784381866455,-0.019686639308929443,-0.024087501413340817,0.09739416837692261,-0.023933768272399902,-0.026951268038864384,0.08230501413345337,-0.021902918815612793,-0.021024031288142453,0.0661887526512146,-0.019628047943115234,-0.017991477347131024,0.06064891815185547,0.01345127820968628,-0.02868593270253683,0.09514409303665161,0.007005095481872559,-0.030151037222857724,0.08400380611419678,0.004912912845611572,-0.023605163864012013,0.06834381818771362,0.0060662031173706055,-0.018759529761190663
okay,0.0,0.0,0.0,0.04908153414726257,-0.040715932846069336,-0.012339858067122123,0.09159624576568604,-0.11040699481964111,-0.017224016328242442,0.12372079491615295,-0.15790420770645142,-0.02462547897258105,0.12893766164779663,-0.2060302495956421,-0.030094503153947016,0.045795738697052,-0.20957165956497192,-0.003065592803892514,0.06942081451416016,-0.2715224623680115,-0.025286531736043116,0.09094750881195068,-0.25098681449890137,-0.0435140381650001,0.10742300748825073,-0.21708369255065918,-0.05300871535101237,0.017307370901107788,-0.2230215072631836,-0.01010121843674483,0.023238390684127808,-0.31677329540252686,-0.01966930060544314,0.03552630543708801,-0.3716738820075989,-0.03081863439538779,0.04590141773223877,-0.4188767075538635,-0.04041495426454844,-0.008624225854873657,-0.21473872661590576,-0.021738671426561496,-0.018356233835220337,-0.3004094958305359,-0.03045777297475638,-0.015611797571182251,-0.3600088059902191,-0.03836568697252574,-0.01192888617515564,-0.4070168137550354,-0.04526263355174365,-0.031057208776474,-0.18589001893997192,-0.03612093879738154,-0.04768320918083191,-0.24803012609481812,-0.044042012383130213,-0.054788798093795776,-0.2969508767127991,-0.047737030972626826,-0.05825743079185486,-0.3407101035118103,-0.05072966097750964,0,0,0,0,0,0,0,0,0,0,0,0,0,0,0,0,0,0,0,0,0,0,0,0,0,0,0,0,0,0,0,0,0,0,0,0,0,0,0,0,0,0,0,0,0,0,0,0,0,0,0,0,0,0,0,0,0,0,0,0,0,0,0
okay,-0.0,0.0,0.0,-0.04908153414726257,-0.040715932846069336,-0.012339858067122123,-0.09159624576568604,-0.11040699481964111,-0.017224016328242442,-0.12372079491615295,-0.15790420770645142,-0.02462547897258105,-0.12893766164779663,-0.2060302495956421,-0.030094503153947016,-0.045795738697052,-0.20957165956497192,-0.003065592803892514,-0.06942081451416016,-0.2715224623680115,-0.025286531736043116,-0.09094750881195068,-0.25098681449890137,-0.0435140381650001,-0.10742300748825073,-0.21708369255065918,-0.05300871535101237,-0.017307370901107788,-0.2230215072631836,-0.01010121843674483,-0.023238390684127808,-0.31677329540252686,-0.01966930060544314,-0.03552630543708801,-0.3716738820075989,-0.03081863439538779,-0.04590141773223877,-0.4188767075538635,-0.04041495426454844,0.008624225854873657,-0.21473872661590576,-0.021738671426561496,0.018356233835220337,-0.3004094958305359,-0.03045777297475638,0.015611797571182251,-0.3600088059902191,-0.03836568697252574,0.01192888617515564,-0.4070168137550354,-0.04526263355174365,0.031057208776474,-0.18589001893997192,-0.03612093879738154,0.04768320918083191,-0.24803012609481812,-0.044042012383130213,0.054788798093795776,-0.2969508767127991,-0.047737030972626826,0.05825743079185486,-0.3407101035118103,-0.05072966097750964,0,0,0,0,0,0,0,0,0,0,0,0,0,0,0,0,0,0,0,0,0,0,0,0,0,0,0,0,0,0,0,0,0,0,0,0,0,0,0,0,0,0,0,0,0,0,0,0,0,0,0,0,0,0,0,0,0,0,0,0,0,0,0
okay,0.0,0.0,0.0,0.051637306809425354,-0.028855443000793457,-0.012600740174121938,0.09752772748470306,-0.08640789985656738,-0.01939650693751105,0.13471470773220062,-0.12421649694442749,-0.02882275612867602,0.1428443044424057,-0.16906726360321045,-0.036536567600734315,0.06422759592533112,-0.18441468477249146,-0.007786427846468769,0.09695200622081757,-0.24512934684753418,-0.03367914328194388,0.11774881184101105,-0.22464388608932495,-0.05337823996163138,0.12791182100772858,-0.1865186095237732,-0.06305787781096228,0.0368565171957016,-0.20512628555297852,-0.015323986055619798,0.056977108120918274,-0.29170501232147217,-0.030215601193077646,0.07529003918170929,-0.3460506796836853,-0.04238949412322768,0.08864255249500275,-0.39087721705436707,-0.051350940706498704,0.009451180696487427,-0.2034105658531189,-0.027291218506462656,0.010247454047203064,-0.28824859857559204,-0.03984216669417151,0.01640424132347107,-0.3462493419647217,-0.04823126340127715,0.02265782654285431,-0.39071422815322876,-0.05469374799943694,-0.01692618429660797,-0.18176966905593872,-0.04182617435074576,-0.03460599482059479,-0.23888546228408813,-0.05245731094694861,-0.0434739887714386,-0.28503185510635376,-0.05676489019609221,-0.04728800058364868,-0.3254154920578003,-0.0596459179542137,0,0,0,0,0,0,0,0,0,0,0,0,0,0,0,0,0,0,0,0,0,0,0,0,0,0,0,0,0,0,0,0,0,0,0,0,0,0,0,0,0,0,0,0,0,0,0,0,0,0,0,0,0,0,0,0,0,0,0,0,0,0,0
okay,-0.0,0.0,0.0,-0.051637306809425354,-0.028855443000793457,-0.012600740174121938,-0.09752772748470306,-0.08640789985656738,-0.01939650693751105,-0.13471470773220062,-0.12421649694442749,-0.02882275612867602,-0.1428443044424057,-0.16906726360321045,-0.036536567600734315,-0.06422759592533112,-0.18441468477249146,-0.007786427846468769,-0.09695200622081757,-0.24512934684753418,-0.03367914328194388,-0.11774881184101105,-0.22464388608932495,-0.05337823996163138,-0.12791182100772858,-0.1865186095237732,-0.06305787781096228,-0.0368565171957016,-0.20512628555297852,-0.015323986055619798,-0.056977108120918274,-0.29170501232147217,-0.030215601193077646,-0.07529003918170929,-0.3460506796836853,-0.04238949412322768,-0.08864255249500275,-0.39087721705436707,-0.051350940706498704,-0.009451180696487427,-0.2034105658531189,-0.027291218506462656,-0.010247454047203064,-0.28824859857559204,-0.03984216669417151,-0.01640424132347107,-0.3462493419647217,-0.04823126340127715,-0.02265782654285431,-0.39071422815322876,-0.05469374799943694,0.01692618429660797,-0.18176966905593872,-0.04182617435074576,0.03460599482059479,-0.23888546228408813,-0.05245731094694861,0.0434739887714386,-0.28503185510635376,-0.05676489019609221,0.04728800058364868,-0.3254154920578003,-0.0596459179542137,0,0,0,0,0,0,0,0,0,0,0,0,0,0,0,0,0,0,0,0,0,0,0,0,0,0,0,0,0,0,0,0,0,0,0,0,0,0,0,0,0,0,0,0,0,0,0,0,0,0,0,0,0,0,0,0,0,0,0,0,0,0,0
okay,0.0,0.0,0.0,0.04933258891105652,-0.041966378688812256,-0.0110306129765263,0.0874541699886322,-0.09875881671905518,-0.019439095163022557,0.1198962926864624,-0.14000797271728516,-0.03120550652710108,0.12629777193069458,-0.1882873773574829,-0.04157338803378252,0.047358542680740356,-0.19639497995376587,-0.0029833824348202143,0.07236689329147339,-0.25786131620407104,-0.026917995416795293,0.09386608004570007,-0.24026364088058472,-0.04720166092482714,0.11038634181022644,-0.21258056163787842,-0.05870835995045809,0.021364212036132812,-0.20702767372131348,-0.011709745505129376,0.029928356409072876,-0.2943081259727478,-0.025153269523059407,0.04294198751449585,-0.3429022431373596,-0.038912901186620275,0.05553874373435974,-0.38838255405426025,-0.05052855005232004,-0.002875000238418579,-0.19816958904266357,-0.02465953444806246,-0.008467376232147217,-0.27861082553863525,-0.03584947203961519,-0.0043503642082214355,-0.3344910144805908,-0.04457726096478609,0.0022034049034118652,-0.38129734992980957,-0.05219132965174822,-0.025018006563186646,-0.1719607710838318,-0.04016246041027216,-0.03709757328033447,-0.23167353868484497,-0.04834017669526247,-0.040876686573028564,-0.2785775065422058,-0.051728682124291936,-0.042107582092285156,-0.32022595405578613,-0.05511667346326021,0,0,0,0,0,0,0,0,0,0,0,0,0,0,0,0,0,0,0,0,0,0,0,0,0,0,0,0,0,0,0,0,0,0,0,0,0,0,0,0,0,0,0,0,0,0,0,0,0,0,0,0,0,0,0,0,0,0,0,0,0,0,0
okay,-0.0,0.0,0.0,-0.04933258891105652,-0.041966378688812256,-0.0110306129765263,-0.0874541699886322,-0.09875881671905518,-0.019439095163022557,-0.1198962926864624,-0.14000797271728516,-0.03120550652710108,-0.12629777193069458,-0.1882873773574829,-0.04157338803378252,-0.047358542680740356,-0.19639497995376587,-0.0029833824348202143,-0.07236689329147339,-0.25786131620407104,-0.026917995416795293,-0.09386608004570007,-0.24026364088058472,-0.04720166092482714,-0.11038634181022644,-0.21258056163787842,-0.05870835995045809,-0.021364212036132812,-0.20702767372131348,-0.011709745505129376,-0.029928356409072876,-0.2943081259727478,-0.025153269523059407,-0.04294198751449585,-0.3429022431373596,-0.038912901186620275,-0.05553874373435974,-0.38838255405426025,-0.05052855005232004,0.002875000238418579,-0.19816958904266357,-0.02465953444806246,0.008467376232147217,-0.27861082553863525,-0.03584947203961519,0.0043503642082214355,-0.3344910144805908,-0.04457726096478609,-0.0022034049034118652,-0.38129734992980957,-0.05219132965174822,0.025018006563186646,-0.1719607710838318,-0.04016246041027216,0.03709757328033447,-0.23167353868484497,-0.04834017669526247,0.040876686573028564,-0.2785775065422058,-0.051728682124291936,0.042107582092285156,-0.32022595405578613,-0.05511667346326021,0,0,0,0,0,0,0,0,0,0,0,0,0,0,0,0,0,0,0,0,0,0,0,0,0,0,0,0,0,0,0,0,0,0,0,0,0,0,0,0,0,0,0,0,0,0,0,0,0,0,0,0,0,0,0,0,0,0,0,0,0,0,0
okay,0.0,0.0,0.0,0.05122467875480652,-0.04581552743911743,-0.016351546062054467,0.08861944079399109,-0.11295342445373535,-0.026747320679845643,0.11614647507667542,-0.1619446873664856,-0.04007963919443114,0.11986729502677917,-0.2129320502281189,-0.051506058214130235,0.049263715744018555,-0.2221916913986206,-0.004230995098026824,0.06984391808509827,-0.28827232122421265,-0.03164303013485892,0.09101969003677368,-0.2668057680130005,-0.0541415483633898,0.10519438982009888,-0.22561317682266235,-0.06584055059951766,0.017865777015686035,-0.23963695764541626,-0.011989357782425714,0.028194069862365723,-0.33188939094543457,-0.024697205884280038,0.044486045837402344,-0.3899391293525696,-0.03894121283096297,0.05806940793991089,-0.43837353587150574,-0.05047680520814879,-0.011782944202423096,-0.2315584421157837,-0.02537292511564715,-0.020558953285217285,-0.32045793533325195,-0.03790169292491896,-0.017058193683624268,-0.3844650983810425,-0.05111578935188277,-0.012764811515808105,-0.4334602952003479,-0.06147393667501433,-0.03949110209941864,-0.19891738891601562,-0.04164541223448737,-0.0625375509262085,-0.25532257556915283,-0.053510797111215425,-0.07371826469898224,-0.30500268936157227,-0.06103719109100325,-0.08003242313861847,-0.350075900554657,-0.06663369470638258,0,0,0,0,0,0,0,0,0,0,0,0,0,0,0,0,0,0,0,0,0,0,0,0,0,0,0,0,0,0,0,0,0,0,0,0,0,0,0,0,0,0,0,0,0,0,0,0,0,0,0,0,0,0,0,0,0,0,0,0,0,0,0
okay,-0.0,0.0,0.0,-0.05122467875480652,-0.04581552743911743,-0.016351546062054467,-0.08861944079399109,-0.11295342445373535,-0.026747320679845643,-0.11614647507667542,-0.1619446873664856,-0.04007963919443114,-0.11986729502677917,-0.2129320502281189,-0.051506058214130235,-0.049263715744018555,-0.2221916913986206,-0.004230995098026824,-0.06984391808509827,-0.28827232122421265,-0.03164303013485892,-0.09101969003677368,-0.2668057680130005,-0.0541415483633898,-0.10519438982009888,-0.22561317682266235,-0.06584055059951766,-0.017865777015686035,-0.23963695764541626,-0.011989357782425714,-0.028194069862365723,-0.33188939094543457,-0.024697205884280038,-0.044486045837402344,-0.3899391293525696,-0.03894121283096297,-0.05806940793991089,-0.43837353587150574,-0.05047680520814879,0.011782944202423096,-0.2315584421157837,-0.02537292511564715,0.020558953285217285,-0.32045793533325195,-0.03790169292491896,0.017058193683624268,-0.3844650983810425,-0.05111578935188277,0.012764811515808105,-0.4334602952003479,-0.06147393667501433,0.03949110209941864,-0.19891738891601562,-0.04164541223448737,0.0625375509262085,-0.25532257556915283,-0.053510797111215425,0.07371826469898224,-0.30500268936157227,-0.06103719109100325,0.08003242313861847,-0.350075900554657,-0.06663369470638258,0,0,0,0,0,0,0,0,0,0,0,0,0,0,0,0,0,0,0,0,0,0,0,0,0,0,0,0,0,0,0,0,0,0,0,0,0,0,0,0,0,0,0,0,0,0,0,0,0,0,0,0,0,0,0,0,0,0,0,0,0,0,0
okay,0.0,0.0,0.0,0.04459744691848755,-0.03943157196044922,-0.005123826063964998,0.07651627063751221,-0.09538626670837402,-0.009920105658267175,0.10143208503723145,-0.12814342975616455,-0.018838129326496755,0.11115717887878418,-0.1691332459449768,-0.026301040634308492,0.03904029726982117,-0.1878567934036255,0.005207108479197586,0.062383562326431274,-0.23241710662841797,-0.01790060228088919,0.0816999077796936,-0.21100062131881714,-0.03682743510583464,0.09520089626312256,-0.18133091926574707,-0.04696434861401144,0.02076384425163269,-0.1970922350883484,-0.005676369968597328,0.033361852169036865,-0.27328741550445557,-0.019452714681420957,0.049349039793014526,-0.3170749843120575,-0.03243820866921965,0.06310001015663147,-0.35600465536117554,-0.04205605885366026,0.002145439386367798,-0.18852001428604126,-0.02076517915705267,0.0027067363262176514,-0.2640555500984192,-0.033770260721240675,0.010408073663711548,-0.31294411420822144,-0.04254711917022291,0.019149482250213623,-0.3540002703666687,-0.04850446930507246,-0.015768736600875854,-0.16276347637176514,-0.03762648752311293,-0.027763932943344116,-0.21581095457077026,-0.048634306847844755,-0.03002035617828369,-0.2592073380947113,-0.0529902180133206,-0.029421359300613403,-0.2994609773159027,-0.055681639671121275,0,0,0,0,0,0,0,0,0,0,0,0,0,0,0,0,0,0,0,0,0,0,0,0,0,0,0,0,0,0,0,0,0,0,0,0,0,0,0,0,0,0,0,0,0,0,0,0,0,0,0,0,0,0,0,0,0,0,0,0,0,0,0
okay,-0.0,0.0,0.0,-0.04459744691848755,-0.03943157196044922,-0.005123826063964998,-0.07651627063751221,-0.09538626670837402,-0.009920105658267175,-0.10143208503723145,-0.12814342975616455,-0.018838129326496755,-0.11115717887878418,-0.1691332459449768,-0.026301040634308492,-0.03904029726982117,-0.1878567934036255,0.005207108479197586,-0.062383562326431274,-0.23241710662841797,-0.01790060228088919,-0.0816999077796936,-0.21100062131881714,-0.03682743510583464,-0.09520089626312256,-0.18133091926574707,-0.04696434861401144,-0.02076384425163269,-0.1970922350883484,-0.005676369968597328,-0.033361852169036865,-0.27328741550445557,-0.019452714681420957,-0.049349039793014526,-0.3170749843120575,-0.03243820866921965,-0.06310001015663147,-0.35600465536117554,-0.04205605885366026,-0.002145439386367798,-0.18852001428604126,-0.02076517915705267,-0.0027067363262176514,-0.2640555500984192,-0.033770260721240675,-0.010408073663711548,-0.31294411420822144,-0.04254711917022291,-0.019149482250213623,-0.3540002703666687,-0.04850446930507246,0.015768736600875854,-0.16276347637176514,-0.03762648752311293,0.027763932943344116,-0.21581095457077026,-0.048634306847844755,0.03002035617828369,-0.2592073380947113,-0.0529902180133206,0.029421359300613403,-0.2994609773159027,-0.055681639671121275,0,0,0,0,0,0,0,0,0,0,0,0,0,0,0,0,0,0,0,0,0,0,0,0,0,0,0,0,0,0,0,0,0,0,0,0,0,0,0,0,0,0,0,0,0,0,0,0,0,0,0,0,0,0,0,0,0,0,0,0,0,0,0
okay,0.0,0.0,0.0,0.051340311765670776,-0.02487236261367798,-0.010055237158866248,0.09422880411148071,-0.07241931557655334,-0.015774215280742965,0.12484771013259888,-0.10455280542373657,-0.024598681077094398,0.13642385601997375,-0.14352476596832275,-0.03222016681704076,0.06752002239227295,-0.1760321408510208,-0.0021965864000037527,0.09540700912475586,-0.22174204885959625,-0.024604520469637237,0.11302927136421204,-0.20000173151493073,-0.0435571080890611,0.12341204285621643,-0.16727297008037567,-0.05415463511619123,0.04362031817436218,-0.1956724226474762,-0.010916345461936316,0.06312227249145508,-0.27084091305732727,-0.022893600806327186,0.08148735761642456,-0.3166745752096176,-0.03670981962952169,0.09520962834358215,-0.35482901334762573,-0.048177414282889686,0.01850786805152893,-0.1937657743692398,-0.023724655329914413,0.019599199295043945,-0.26966358721256256,-0.03474273969206365,0.028982549905776978,-0.32149645686149597,-0.0458563423601106,0.03768697381019592,-0.36117908358573914,-0.05495913390788587,-0.0070632994174957275,-0.17273418605327606,-0.0387295267430261,-0.014984935522079468,-0.228216290473938,-0.04842059378299268,-0.013774126768112183,-0.2713812589645386,-0.0544218650904611,-0.009311556816101074,-0.30920398235321045,-0.05940603156361135,0,0,0,0,0,0,0,0,0,0,0,0,0,0,0,0,0,0,0,0,0,0,0,0,0,0,0,0,0,0,0,0,0,0,0,0,0,0,0,0,0,0,0,0,0,0,0,0,0,0,0,0,0,0,0,0,0,0,0,0,0,0,0
okay,-0.0,0.0,0.0,-0.051340311765670776,-0.02487236261367798,-0.010055237158866248,-0.09422880411148071,-0.07241931557655334,-0.015774215280742965,-0.12484771013259888,-0.10455280542373657,-0.024598681077094398,-0.13642385601997375,-0.14352476596832275,-0.03222016681704076,-0.06752002239227295,-0.1760321408510208,-0.0021965864000037527,-0.09540700912475586,-0.22174204885959625,-0.024604520469637237,-0.11302927136421204,-0.20000173151493073,-0.0435571080890611,-0.12341204285621643,-0.16727297008037567,-0.05415463511619123,-0.04362031817436218,-0.1956724226474762,-0.010916345461936316,-0.06312227249145508,-0.27084091305732727,-0.022893600806327186,-0.08148735761642456,-0.3166745752096176,-0.03670981962952169,-0.09520962834358215,-0.35482901334762573,-0.048177414282889686,-0.01850786805152893,-0.1937657743692398,-0.023724655329914413,-0.019599199295043945,-0.26966358721256256,-0.03474273969206365,-0.028982549905776978,-0.32149645686149597,-0.0458563423601106,-0.03768697381019592,-0.36117908358573914,-0.05495913390788587,0.0070632994174957275,-0.17273418605327606,-0.0387295267430261,0.014984935522079468,-0.228216290473938,-0.04842059378299268,0.013774126768112183,-0.2713812589645386,-0.0544218650904611,0.009311556816101074,-0.30920398235321045,-0.05940603156361135,0,0,0,0,0,0,0,0,0,0,0,0,0,0,0,0,0,0,0,0,0,0,0,0,0,0,0,0,0,0,0,0,0,0,0,0,0,0,0,0,0,0,0,0,0,0,0,0,0,0,0,0,0,0,0,0,0,0,0,0,0,0,0
okay,0.0,0.0,0.0,0.03774380683898926,-0.02826613187789917,-0.007400960148842728,0.06642845273017883,-0.0729440450668335,-0.01205293410417596,0.08638972043991089,-0.10290557146072388,-0.01902512316551963,0.08986014127731323,-0.13788729906082153,-0.024852717713983452,0.03337147831916809,-0.14381814002990723,-0.0060984999403075335,0.05270826816558838,-0.18731224536895752,-0.024433235125215447,0.06955063343048096,-0.17507684230804443,-0.03692244966474334,0.08035150170326233,-0.14900410175323486,-0.042574538336666023,0.011696398258209229,-0.15575915575027466,-0.01307230857160846,0.019518554210662842,-0.22428998351097107,-0.024636624799640572,0.030268847942352295,-0.2634120583534241,-0.031384634272725975,0.038991332054138184,-0.29377496242523193,-0.035504317329795754,-0.007875621318817139,-0.15130120515823364,-0.023204228328140175,-0.014126747846603394,-0.2153671383857727,-0.0343128018542842,-0.01168602705001831,-0.2561294138431549,-0.03998534236994544,-0.008027195930480957,-0.28620851039886475,-0.04335878272500793,-0.025345653295516968,-0.13276350498199463,-0.03489079927054206,-0.04731470346450806,-0.17091986536979675,-0.044923903839261925,-0.05966609716415405,-0.2027314007282257,-0.0488338418766574,-0.06760624051094055,-0.2295801043510437,-0.050701318727405464,0,0,0,0,0,0,0,0,0,0,0,0,0,0,0,0,0,0,0,0,0,0,0,0,0,0,0,0,0,0,0,0,0,0,0,0,0,0,0,0,0,0,0,0,0,0,0,0,0,0,0,0,0,0,0,0,0,0,0,0,0,0,0
okay,-0.0,0.0,0.0,-0.03774380683898926,-0.02826613187789917,-0.007400960148842728,-0.06642845273017883,-0.0729440450668335,-0.01205293410417596,-0.08638972043991089,-0.10290557146072388,-0.01902512316551963,-0.08986014127731323,-0.13788729906082153,-0.024852717713983452,-0.03337147831916809,-0.14381814002990723,-0.0060984999403075335,-0.05270826816558838,-0.18731224536895752,-0.024433235125215447,-0.06955063343048096,-0.17507684230804443,-0.03692244966474334,-0.08035150170326233,-0.14900410175323486,-0.042574538336666023,-0.011696398258209229,-0.15575915575027466,-0.01307230857160846,-0.019518554210662842,-0.22428998351097107,-0.024636624799640572,-0.030268847942352295,-0.2634120583534241,-0.031384634272725975,-0.038991332054138184,-0.29377496242523193,-0.035504317329795754,0.007875621318817139,-0.15130120515823364,-0.023204228328140175,0.014126747846603394,-0.2153671383857727,-0.0343128018542842,0.01168602705001831,-0.2561294138431549,-0.03998534236994544,0.008027195930480957,-0.28620851039886475,-0.04335878272500793,0.025345653295516968,-0.13276350498199463,-0.03489079927054206,0.04731470346450806,-0.17091986536979675,-0.044923903839261925,0.05966609716415405,-0.2027314007282257,-0.0488338418766574,0.06760624051094055,-0.2295801043510437,-0.050701318727405464,0,0,0,0,0,0,0,0,0,0,0,0,0,0,0,0,0,0,0,0,0,0,0,0,0,0,0,0,0,0,0,0,0,0,0,0,0,0,0,0,0,0,0,0,0,0,0,0,0,0,0,0,0,0,0,0,0,0,0,0,0,0,0
okay,0.0,0.0,0.0,0.0550554096698761,-0.0418739914894104,-0.010264530443933495,0.10057288408279419,-0.10341060161590576,-0.0156463297469287,0.1330413818359375,-0.14489281177520752,-0.024846090601172932,0.14737176895141602,-0.1931530237197876,-0.03185460031160403,0.062226802110672,-0.2202863097190857,0.0013745983444408694,0.08919668197631836,-0.28027820587158203,-0.02427694074937392,0.11106464266777039,-0.25309211015701294,-0.04459166959055949,0.12497907876968384,-0.21560025215148926,-0.05518429413565684,0.038284510374069214,-0.23698627948760986,-0.008741322570827492,0.0541037917137146,-0.3353859782218933,-0.022798784674492367,0.07263261079788208,-0.3932095766067505,-0.037307285369720944,0.0870107114315033,-0.4446257948875427,-0.048554175199356564,0.014092236757278442,-0.2299097180366516,-0.023728434593763836,0.013191401958465576,-0.3241782784461975,-0.036724154503431805,0.022306859493255615,-0.3857867121696472,-0.04712715432175685,0.03170081973075867,-0.43691155314445496,-0.05488880783447314,-0.01008877158164978,-0.20156115293502808,-0.04127680942544032,-0.023834258317947388,-0.2685765027999878,-0.05199605658778239,-0.02686271071434021,-0.32080426812171936,-0.0564743696165948,-0.02698943018913269,-0.36876291036605835,-0.059651964010086544,0,0,0,0,0,0,0,0,0,0,0,0,0,0,0,0,0,0,0,0,0,0,0,0,0,0,0,0,0,0,0,0,0,0,0,0,0,0,0,0,0,0,0,0,0,0,0,0,0,0,0,0,0,0,0,0,0,0,0,0,0,0,0
okay,-0.0,0.0,0.0,-0.0550554096698761,-0.0418739914894104,-0.010264530443933495,-0.10057288408279419,-0.10341060161590576,-0.0156463297469287,-0.1330413818359375,-0.14489281177520752,-0.024846090601172932,-0.14737176895141602,-0.1931530237197876,-0.03185460031160403,-0.062226802110672,-0.2202863097190857,0.0013745983444408694,-0.08919668197631836,-0.28027820587158203,-0.02427694074937392,-0.11106464266777039,-0.25309211015701294,-0.04459166959055949,-0.12497907876968384,-0.21560025215148926,-0.05518429413565684,-0.038284510374069214,-0.23698627948760986,-0.008741322570827492,-0.0541037917137146,-0.3353859782218933,-0.022798784674492367,-0.07263261079788208,-0.3932095766067505,-0.037307285369720944,-0.0870107114315033,-0.4446257948875427,-0.048554175199356564,-0.014092236757278442,-0.2299097180366516,-0.023728434593763836,-0.013191401958465576,-0.3241782784461975,-0.036724154503431805,-0.022306859493255615,-0.3857867121696472,-0.04712715432175685,-0.03170081973075867,-0.43691155314445496,-0.05488880783447314,0.01008877158164978,-0.20156115293502808,-0.04127680942544032,0.023834258317947388,-0.2685765027999878,-0.05199605658778239,0.02686271071434021,-0.32080426812171936,-0.0564743696165948,0.02698943018913269,-0.36876291036605835,-0.059651964010086544,0,0,0,0,0,0,0,0,0,0,0,0,0,0,0,0,0,0,0,0,0,0,0,0,0,0,0,0,0,0,0,0,0,0,0,0,0,0,0,0,0,0,0,0,0,0,0,0,0,0,0,0,0,0,0,0,0,0,0,0,0,0,0
okay,0.0,0.0,0.0,0.05590015649795532,-0.04066866636276245,-0.007428398696163185,0.09867614507675171,-0.10623800754547119,-0.012135309973189123,0.12865567207336426,-0.14868593215942383,-0.021251071119138487,0.1455310881137848,-0.19332706928253174,-0.029167627790400275,0.058039963245391846,-0.2156538963317871,-0.0023646721294312556,0.0874941349029541,-0.27725833654403687,-0.02925964804870773,0.10900101065635681,-0.2453683614730835,-0.05103536682707954,0.1232708990573883,-0.20366060733795166,-0.06322181957347084,0.03430280089378357,-0.23076319694519043,-0.014667244502732046,0.0460791289806366,-0.3247429132461548,-0.030479011931845434,0.06438079476356506,-0.3856540620326996,-0.04754607366902519,0.0770007073879242,-0.43842315673828125,-0.06172924476248909,0.009404987096786499,-0.22185170650482178,-0.031219718852469214,0.005754292011260986,-0.31594201922416687,-0.04547747212035347,0.013377338647842407,-0.3776894509792328,-0.05898050206286598,0.020878374576568604,-0.42748087644577026,-0.07020343827588249,-0.014560669660568237,-0.1898667812347412,-0.049811269962617644,-0.036285221576690674,-0.25465136766433716,-0.06272843467576195,-0.04461364448070526,-0.3059841990470886,-0.06978642927987266,-0.04880067706108093,-0.35256463289260864,-0.07555747019631553,0,0,0,0,0,0,0,0,0,0,0,0,0,0,0,0,0,0,0,0,0,0,0,0,0,0,0,0,0,0,0,0,0,0,0,0,0,0,0,0,0,0,0,0,0,0,0,0,0,0,0,0,0,0,0,0,0,0,0,0,0,0,0
okay,-0.0,0.0,0.0,-0.05590015649795532,-0.04066866636276245,-0.007428398696163185,-0.09867614507675171,-0.10623800754547119,-0.012135309973189123,-0.12865567207336426,-0.14868593215942383,-0.021251071119138487,-0.1455310881137848,-0.19332706928253174,-0.029167627790400275,-0.058039963245391846,-0.2156538963317871,-0.0023646721294312556,-0.0874941349029541,-0.27725833654403687,-0.02925964804870773,-0.10900101065635681,-0.2453683614730835,-0.05103536682707954,-0.1232708990573883,-0.20366060733795166,-0.06322181957347084,-0.03430280089378357,-0.23076319694519043,-0.014667244502732046,-0.0460791289806366,-0.3247429132461548,-0.030479011931845434,-0.06438079476356506,-0.3856540620326996,-0.04754607366902519,-0.0770007073879242,-0.43842315673828125,-0.06172924476248909,-0.009404987096786499,-0.22185170650482178,-0.031219718852469214,-0.005754292011260986,-0.31594201922416687,-0.04547747212035347,-0.013377338647842407,-0.3776894509792328,-0.05898050206286598,-0.020878374576568604,-0.42748087644577026,-0.07020343827588249,0.014560669660568237,-0.1898667812347412,-0.049811269962617644,0.036285221576690674,-0.25465136766433716,-0.06272843467576195,0.04461364448070526,-0.3059841990470886,-0.06978642927987266,0.04880067706108093,-0.35256463289260864,-0.07555747019631553,0,0,0,0,0,0,0,0,0,0,0,0,0,0,0,0,0,0,0,0,0,0,0,0,0,0,0,0,0,0,0,0,0,0,0,0,0,0,0,0,0,0,0,0,0,0,0,0,0,0,0,0,0,0,0,0,0,0,0,0,0,0,0
okay,0.0,0.0,0.0,0.03625750541687012,-0.03348731994628906,-0.007293330942204079,0.06554996967315674,-0.08021533489227295,-0.011406196718027672,0.08816906809806824,-0.10919970273971558,-0.018224674713721356,0.09546393156051636,-0.14684033393859863,-0.023677885037770352,0.028221875429153442,-0.1662723422050476,-0.0008298296308311137,0.052521347999572754,-0.20615580677986145,-0.022694443789234242,0.07224944233894348,-0.18601760268211365,-0.04093364949237355,0.08475777506828308,-0.1581822633743286,-0.050168930989613614,0.009065985679626465,-0.17653781175613403,-0.00828581812690743,0.015970885753631592,-0.24749016761779785,-0.01990318062614449,0.028592467308044434,-0.2922004461288452,-0.0323827932299281,0.037044674158096313,-0.3308819532394409,-0.041373591375460705,-0.008582532405853271,-0.1696547269821167,-0.01922673310052403,-0.014608412981033325,-0.23519191145896912,-0.029533287015667042,-0.009678453207015991,-0.28000861406326294,-0.03863181124340542,-0.004157572984695435,-0.31696245074272156,-0.044575150561442456,-0.02455723285675049,-0.14688199758529663,-0.03189366633903035,-0.04365924000740051,-0.1902172565460205,-0.040688160312285504,-0.051584064960479736,-0.22736376523971558,-0.044658712548127255,-0.0560358464717865,-0.26143479347229004,-0.04652443478714474,0,0,0,0,0,0,0,0,0,0,0,0,0,0,0,0,0,0,0,0,0,0,0,0,0,0,0,0,0,0,0,0,0,0,0,0,0,0,0,0,0,0,0,0,0,0,0,0,0,0,0,0,0,0,0,0,0,0,0,0,0,0,0
okay,-0.0,0.0,0.0,-0.03625750541687012,-0.03348731994628906,-0.007293330942204079,-0.06554996967315674,-0.08021533489227295,-0.011406196718027672,-0.08816906809806824,-0.10919970273971558,-0.018224674713721356,-0.09546393156051636,-0.14684033393859863,-0.023677885037770352,-0.028221875429153442,-0.1662723422050476,-0.0008298296308311137,-0.052521347999572754,-0.20615580677986145,-0.022694443789234242,-0.07224944233894348,-0.18601760268211365,-0.04093364949237355,-0.08475777506828308,-0.1581822633743286,-0.050168930989613614,-0.009065985679626465,-0.17653781175613403,-0.00828581812690743,-0.015970885753631592,-0.24749016761779785,-0.01990318062614449,-0.028592467308044434,-0.2922004461288452,-0.0323827932299281,-0.037044674158096313,-0.3308819532394409,-0.041373591375460705,0.008582532405853271,-0.1696547269821167,-0.01922673310052403,0.014608412981033325,-0.23519191145896912,-0.029533287015667042,0.009678453207015991,-0.28000861406326294,-0.03863181124340542,0.004157572984695435,-0.31696245074272156,-0.044575150561442456,0.02455723285675049,-0.14688199758529663,-0.03189366633903035,0.04365924000740051,-0.1902172565460205,-0.040688160312285504,0.051584064960479736,-0.22736376523971558,-0.044658712548127255,0.0560358464717865,-0.26143479347229004,-0.04652443478714474,0,0,0,0,0,0,0,0,0,0,0,0,0,0,0,0,0,0,0,0,0,0,0,0,0,0,0,0,0,0,0,0,0,0,0,0,0,0,0,0,0,0,0,0,0,0,0,0,0,0,0,0,0,0,0,0,0,0,0,0,0,0,0
okay,0.0,0.0,0.0,0.027324527502059937,-0.036626338958740234,-0.006094530154271638,0.04638034105300903,-0.08113700151443481,-0.010511935152365481,0.0604340136051178,-0.11214941740036011,-0.01733489746625594,0.06596553325653076,-0.14558207988739014,-0.023379566543056285,0.008225411176681519,-0.14225071668624878,-0.0044877793865936155,0.02034050226211548,-0.186018705368042,-0.023022117488338267,0.03782954812049866,-0.17603906989097595,-0.03760915289099387,0.05111691355705261,-0.1581379771232605,-0.04531927446301154,-0.009153693914413452,-0.14761456847190857,-0.011652436502529895,-0.009517848491668701,-0.21146810054779053,-0.022699481271459376,-0.005043834447860718,-0.25285953283309937,-0.032870967336251056,-0.0037561357021331787,-0.28778964281082153,-0.040455699362112796,-0.024391204118728638,-0.13788819313049316,-0.02147937233026198,-0.036695897579193115,-0.1938360035419464,-0.031436041392638,-0.04002523422241211,-0.23395836353302002,-0.03933577279026679,-0.04153180122375488,-0.26760733127593994,-0.044830635585142886,-0.03696754574775696,-0.11462128162384033,-0.032573812105013644,-0.059859782457351685,-0.14913010597229004,-0.04093706647331885,-0.07238972187042236,-0.1785036027431488,-0.04443059901173285,-0.08165574073791504,-0.20540761947631836,-0.046525959320618426,0,0,0,0,0,0,0,0,0,0,0,0,0,0,0,0,0,0,0,0,0,0,0,0,0,0,0,0,0,0,0,0,0,0,0,0,0,0,0,0,0,0,0,0,0,0,0,0,0,0,0,0,0,0,0,0,0,0,0,0,0,0,0
okay,-0.0,0.0,0.0,-0.027324527502059937,-0.036626338958740234,-0.006094530154271638,-0.04638034105300903,-0.08113700151443481,-0.010511935152365481,-0.0604340136051178,-0.11214941740036011,-0.01733489746625594,-0.06596553325653076,-0.14558207988739014,-0.023379566543056285,-0.008225411176681519,-0.14225071668624878,-0.0044877793865936155,-0.02034050226211548,-0.186018705368042,-0.023022117488338267,-0.03782954812049866,-0.17603906989097595,-0.03760915289099387,-0.05111691355705261,-0.1581379771232605,-0.04531927446301154,0.009153693914413452,-0.14761456847190857,-0.011652436502529895,0.009517848491668701,-0.21146810054779053,-0.022699481271459376,0.005043834447860718,-0.25285953283309937,-0.032870967336251056,0.0037561357021331787,-0.28778964281082153,-0.040455699362112796,0.024391204118728638,-0.13788819313049316,-0.02147937233026198,0.036695897579193115,-0.1938360035419464,-0.031436041392638,0.04002523422241211,-0.23395836353302002,-0.03933577279026679,0.04153180122375488,-0.26760733127593994,-0.044830635585142886,0.03696754574775696,-0.11462128162384033,-0.032573812105013644,0.059859782457351685,-0.14913010597229004,-0.04093706647331885,0.07238972187042236,-0.1785036027431488,-0.04443059901173285,0.08165574073791504,-0.20540761947631836,-0.046525959320618426,0,0,0,0,0,0,0,0,0,0,0,0,0,0,0,0,0,0,0,0,0,0,0,0,0,0,0,0,0,0,0,0,0,0,0,0,0,0,0,0,0,0,0,0,0,0,0,0,0,0,0,0,0,0,0,0,0,0,0,0,0,0,0
think,0.0,0.0,0.0,-0.011500895023345947,-0.062304139137268066,0.03083805515102611,0.02309170365333557,-0.11091837286949158,0.029510415705363613,0.07597225904464722,-0.13028517365455627,0.019819572182814937,0.12466555833816528,-0.13189467787742615,0.009023070881585937,0.015465810894966125,-0.15295624732971191,-0.004918399652023453,0.07897481322288513,-0.21367758512496948,-0.012083864224631924,0.11479336023330688,-0.2475728988647461,-0.012200851378519673,0.14134490489959717,-0.27389055490493774,-0.013107839425583023,0.036708950996398926,-0.15010717511177063,-0.026857374621112484,0.1482427716255188,-0.15984654426574707,-0.03408312836058869,0.1482940912246704,-0.12033802270889282,-0.024598231924255032,0.12284675240516663,-0.09827226400375366,-0.01603989900418057,0.06666171550750732,-0.13580885529518127,-0.044503171382029194,0.16660591959953308,-0.13491421937942505,-0.04589481317766442,0.157821387052536,-0.09667995572090149,-0.02741292716332211,0.1304343044757843,-0.07488417625427246,-0.015544695233483452,0.1003866195678711,-0.11681196093559265,-0.060070645449240345,0.17787939310073853,-0.11490744352340698,-0.05709555411108269,0.1682887077331543,-0.08439502120018005,-0.040503282485087055,0.14137470722198486,-0.06616330146789551,-0.028156944004376072,0,0,0,0,0,0,0,0,0,0,0,0,0,0,0,0,0,0,0,0,0,0,0,0,0,0,0,0,0,0,0,0,0,0,0,0,0,0,0,0,0,0,0,0,0,0,0,0,0,0,0,0,0,0,0,0,0,0,0,0,0,0,0
think,-0.0,0.0,0.0,0.011500895023345947,-0.062304139137268066,0.03083805515102611,-0.02309170365333557,-0.11091837286949158,0.029510415705363613,-0.07597225904464722,-0.13028517365455627,0.019819572182814937,-0.12466555833816528,-0.13189467787742615,0.009023070881585937,-0.015465810894966125,-0.15295624732971191,-0.004918399652023453,-0.07897481322288513,-0.21367758512496948,-0.012083864224631924,-0.11479336023330688,-0.2475728988647461,-0.012200851378519673,-0.14134490489959717,-0.27389055490493774,-0.013107839425583023,-0.036708950996398926,-0.15010717511177063,-0.026857374621112484,-0.1482427716255188,-0.15984654426574707,-0.03408312836058869,-0.1482940912246704,-0.12033802270889282,-0.024598231924255032,-0.12284675240516663,-0.09827226400375366,-0.01603989900418057,-0.06666171550750732,-0.13580885529518127,-0.044503171382029194,-0.16660591959953308,-0.13491421937942505,-0.04589481317766442,-0.157821387052536,-0.09667995572090149,-0.02741292716332211,-0.1304343044757843,-0.07488417625427246,-0.015544695233483452,-0.1003866195678711,-0.11681196093559265,-0.060070645449240345,-0.17787939310073853,-0.11490744352340698,-0.05709555411108269,-0.1682887077331543,-0.08439502120018005,-0.040503282485087055,-0.14137470722198486,-0.06616330146789551,-0.028156944004376072,0,0,0,0,0,0,0,0,0,0,0,0,0,0,0,0,0,0,0,0,0,0,0,0,0,0,0,0,0,0,0,0,0,0,0,0,0,0,0,0,0,0,0,0,0,0,0,0,0,0,0,0,0,0,0,0,0,0,0,0,0,0,0
think,0.0,0.0,0.0,0.07845434546470642,-0.04048246145248413,0.024129640431702626,0.13058117032051086,-0.08409962058067322,0.01757186477035333,0.1820453703403473,-0.11135479807853699,-0.0004250205777580618,0.22003674507141113,-0.13260921835899353,-0.01673665444403838,0.0652332603931427,-0.1608932614326477,0.007386537389457715,0.12345466017723083,-0.21934553980827332,-0.013332933998107421,0.15857908129692078,-0.2529963552951813,-0.025749953342973697,0.1863526701927185,-0.2853810787200928,-0.034595554573833454,0.05409353971481323,-0.1632356345653534,-0.02065227168649386,0.1894456446170807,-0.16944825649261475,-0.04563582490235518,0.18706881999969482,-0.12551257014274597,-0.04306786681562613,0.15814641118049622,-0.10708147287368774,-0.0344011987283821,0.05993935465812683,-0.14815744757652283,-0.04786029259711455,0.1908697485923767,-0.1377418339252472,-0.06766097794324111,0.17832660675048828,-0.09257927536964417,-0.04797284479290198,0.1416458785533905,-0.07544219493865967,-0.028889313219487178,0.0784454345703125,-0.1254810094833374,-0.07461637805253218,0.17988380789756775,-0.11081001162528992,-0.08141258905678939,0.1722249984741211,-0.0762588381767273,-0.06327676574736785,0.14250138401985168,-0.06123000383377075,-0.04743072937279891,0,0,0,0,0,0,0,0,0,0,0,0,0,0,0,0,0,0,0,0,0,0,0,0,0,0,0,0,0,0,0,0,0,0,0,0,0,0,0,0,0,0,0,0,0,0,0,0,0,0,0,0,0,0,0,0,0,0,0,0,0,0,0
think,-0.0,0.0,0.0,-0.07845434546470642,-0.04048246145248413,0.024129640431702626,-0.13058117032051086,-0.08409962058067322,0.01757186477035333,-0.1820453703403473,-0.11135479807853699,-0.0004250205777580618,-0.22003674507141113,-0.13260921835899353,-0.01673665444403838,-0.0652332603931427,-0.1608932614326477,0.007386537389457715,-0.12345466017723083,-0.21934553980827332,-0.013332933998107421,-0.15857908129692078,-0.2529963552951813,-0.025749953342973697,-0.1863526701927185,-0.2853810787200928,-0.034595554573833454,-0.05409353971481323,-0.1632356345653534,-0.02065227168649386,-0.1894456446170807,-0.16944825649261475,-0.04563582490235518,-0.18706881999969482,-0.12551257014274597,-0.04306786681562613,-0.15814641118049622,-0.10708147287368774,-0.0344011987283821,-0.05993935465812683,-0.14815744757652283,-0.04786029259711455,-0.1908697485923767,-0.1377418339252472,-0.06766097794324111,-0.17832660675048828,-0.09257927536964417,-0.04797284479290198,-0.1416458785533905,-0.07544219493865967,-0.028889313219487178,-0.0784454345703125,-0.1254810094833374,-0.07461637805253218,-0.17988380789756775,-0.11081001162528992,-0.08141258905678939,-0.1722249984741211,-0.0762588381767273,-0.06327676574736785,-0.14250138401985168,-0.06123000383377075,-0.04743072937279891,0,0,0,0,0,0,0,0,0,0,0,0,0,0,0,0,0,0,0,0,0,0,0,0,0,0,0,0,0,0,0,0,0,0,0,0,0,0,0,0,0,0,0,0,0,0,0,0,0,0,0,0,0,0,0,0,0,0,0,0,0,0,0
think,0.0,0.0,0.0,0.014295756816864014,-0.07085967063903809,0.04086346356303494,0.056774452328681946,-0.12881147861480713,0.039496051055500914,0.11239270865917206,-0.16660374402999878,0.027397015971253325,0.15895380079746246,-0.18689954280853271,0.01539751319320004,0.05166737735271454,-0.17063134908676147,-0.008468819874217104,0.14042054116725922,-0.22330984473228455,-0.02792782718210418,0.19269682466983795,-0.2510721683502197,-0.03481049658625324,0.23382805287837982,-0.27368080615997314,-0.038279717880179476,0.062437042593955994,-0.16089370846748352,-0.039664128887345385,0.20935888588428497,-0.1621009111404419,-0.0542006325897475,0.2065209597349167,-0.12143027782440186,-0.04199935691325862,0.17804767191410065,-0.10448291897773743,-0.029829250740696978,0.08668839931488037,-0.13745737075805664,-0.06627723397581775,0.21745355427265167,-0.12365779280662537,-0.07242868663637836,0.20053817331790924,-0.08429250121116638,-0.04546841056912143,0.16443268954753876,-0.07014936208724976,-0.026447989138652872,0.11585204303264618,-0.10876896977424622,-0.09034132780401904,0.21525530517101288,-0.09509938955307007,-0.08617828609316547,0.1993759721517563,-0.06391215324401855,-0.06215089009969432,0.16716895997524261,-0.052727460861206055,-0.04428743393986423,0,0,0,0,0,0,0,0,0,0,0,0,0,0,0,0,0,0,0,0,0,0,0,0,0,0,0,0,0,0,0,0,0,0,0,0,0,0,0,0,0,0,0,0,0,0,0,0,0,0,0,0,0,0,0,0,0,0,0,0,0,0,0
think,-0.0,0.0,0.0,-0.014295756816864014,-0.07085967063903809,0.04086346356303494,-0.056774452328681946,-0.12881147861480713,0.039496051055500914,-0.11239270865917206,-0.16660374402999878,0.027397015971253325,-0.15895380079746246,-0.18689954280853271,0.01539751319320004,-0.05166737735271454,-0.17063134908676147,-0.008468819874217104,-0.14042054116725922,-0.22330984473228455,-0.02792782718210418,-0.19269682466983795,-0.2510721683502197,-0.03481049658625324,-0.23382805287837982,-0.27368080615997314,-0.038279717880179476,-0.062437042593955994,-0.16089370846748352,-0.039664128887345385,-0.20935888588428497,-0.1621009111404419,-0.0542006325897475,-0.2065209597349167,-0.12143027782440186,-0.04199935691325862,-0.17804767191410065,-0.10448291897773743,-0.029829250740696978,-0.08668839931488037,-0.13745737075805664,-0.06627723397581775,-0.21745355427265167,-0.12365779280662537,-0.07242868663637836,-0.20053817331790924,-0.08429250121116638,-0.04546841056912143,-0.16443268954753876,-0.07014936208724976,-0.026447989138652872,-0.11585204303264618,-0.10876896977424622,-0.09034132780401904,-0.21525530517101288,-0.09509938955307007,-0.08617828609316547,-0.1993759721517563,-0.06391215324401855,-0.06215089009969432,-0.16716895997524261,-0.052727460861206055,-0.04428743393986423,0,0,0,0,0,0,0,0,0,0,0,0,0,0,0,0,0,0,0,0,0,0,0,0,0,0,0,0,0,0,0,0,0,0,0,0,0,0,0,0,0,0,0,0,0,0,0,0,0,0,0,0,0,0,0,0,0,0,0,0,0,0,0
think,0.0,0.0,0.0,0.007505357265472412,-0.07865452766418457,0.044618725555082506,0.035430192947387695,-0.1391698122024536,0.04389484577073688,0.08506304025650024,-0.17450302839279175,0.02927873633994693,0.1319185495376587,-0.1924203634262085,0.014164549076994604,0.01065865159034729,-0.18768978118896484,0.012255023012002653,0.05923902988433838,-0.2619589865207672,-0.0020602564215010943,0.09016937017440796,-0.3039371967315674,-0.008700064605037028,0.11537346243858337,-0.33752018213272095,-0.01351722165749436,0.024778515100479126,-0.18347054719924927,-0.022140115721086318,0.1542516052722931,-0.2097455859184265,-0.03741921879158383,0.1645929217338562,-0.16542500257492065,-0.03135343663201695,0.14294087886810303,-0.13766539096832275,-0.023583773745158965,0.050895512104034424,-0.16804766654968262,-0.05241252876625424,0.1743268072605133,-0.17891693115234375,-0.061355453206161314,0.17049580812454224,-0.1333456039428711,-0.04040533326373463,0.14368247985839844,-0.10605096817016602,-0.024749690888384634,0.08413267135620117,-0.14687633514404297,-0.07976745463714963,0.1787566840648651,-0.15441274642944336,-0.07629178859100705,0.17568722367286682,-0.118541419506073,-0.053924299998143965,0.15305444598197937,-0.09493237733840942,-0.0371775778363741,0,0,0,0,0,0,0,0,0,0,0,0,0,0,0,0,0,0,0,0,0,0,0,0,0,0,0,0,0,0,0,0,0,0,0,0,0,0,0,0,0,0,0,0,0,0,0,0,0,0,0,0,0,0,0,0,0,0,0,0,0,0,0
think,-0.0,0.0,0.0,-0.007505357265472412,-0.07865452766418457,0.044618725555082506,-0.035430192947387695,-0.1391698122024536,0.04389484577073688,-0.08506304025650024,-0.17450302839279175,0.02927873633994693,-0.1319185495376587,-0.1924203634262085,0.014164549076994604,-0.01065865159034729,-0.18768978118896484,0.012255023012002653,-0.05923902988433838,-0.2619589865207672,-0.0020602564215010943,-0.09016937017440796,-0.3039371967315674,-0.008700064605037028,-0.11537346243858337,-0.33752018213272095,-0.01351722165749436,-0.024778515100479126,-0.18347054719924927,-0.022140115721086318,-0.1542516052722931,-0.2097455859184265,-0.03741921879158383,-0.1645929217338562,-0.16542500257492065,-0.03135343663201695,-0.14294087886810303,-0.13766539096832275,-0.023583773745158965,-0.050895512104034424,-0.16804766654968262,-0.05241252876625424,-0.1743268072605133,-0.17891693115234375,-0.061355453206161314,-0.17049580812454224,-0.1333456039428711,-0.04040533326373463,-0.14368247985839844,-0.10605096817016602,-0.024749690888384634,-0.08413267135620117,-0.14687633514404297,-0.07976745463714963,-0.1787566840648651,-0.15441274642944336,-0.07629178859100705,-0.17568722367286682,-0.118541419506073,-0.053924299998143965,-0.15305444598197937,-0.09493237733840942,-0.0371775778363741,0,0,0,0,0,0,0,0,0,0,0,0,0,0,0,0,0,0,0,0,0,0,0,0,0,0,0,0,0,0,0,0,0,0,0,0,0,0,0,0,0,0,0,0,0,0,0,0,0,0,0,0,0,0,0,0,0,0,0,0,0,0,0
think,0.0,0.0,0.0,0.0034930408000946045,-0.05657893419265747,0.0246748585722969,0.029044032096862793,-0.10823777318000793,0.01776027274351577,0.07105347514152527,-0.1401451826095581,0.0018603448060900973,0.1077968180179596,-0.15762847661972046,-0.012951024202294548,-0.004125654697418213,-0.15555152297019958,-0.008068895293064315,0.05429801344871521,-0.2158532738685608,-0.028201748011298378,0.08544692397117615,-0.24751514196395874,-0.03604865665514012,0.11043298244476318,-0.2746005654335022,-0.04088222826797505,0.0019946545362472534,-0.15016475319862366,-0.03348687882501622,0.12557247281074524,-0.1741209328174591,-0.057904562307186325,0.12608805298805237,-0.13812854886054993,-0.051866317493505676,0.10130155086517334,-0.12010174989700317,-0.04216983388144513,0.02387300133705139,-0.1368502676486969,-0.056764999730177124,0.1391555368900299,-0.14668354392051697,-0.07181234504062672,0.12958857417106628,-0.11110854148864746,-0.05003118733841916,0.1032988429069519,-0.09316188097000122,-0.03251291285235425,0.05359607934951782,-0.11929053068161011,-0.0792514293916895,0.13881269097328186,-0.11821860074996948,-0.08035960639793416,0.13037067651748657,-0.08822798728942871,-0.06185439447838803,0.10769841074943542,-0.07320976257324219,-0.047676110965795715,0,0,0,0,0,0,0,0,0,0,0,0,0,0,0,0,0,0,0,0,0,0,0,0,0,0,0,0,0,0,0,0,0,0,0,0,0,0,0,0,0,0,0,0,0,0,0,0,0,0,0,0,0,0,0,0,0,0,0,0,0,0,0
think,-0.0,0.0,0.0,-0.0034930408000946045,-0.05657893419265747,0.0246748585722969,-0.029044032096862793,-0.10823777318000793,0.01776027274351577,-0.07105347514152527,-0.1401451826095581,0.0018603448060900973,-0.1077968180179596,-0.15762847661972046,-0.012951024202294548,0.004125654697418213,-0.15555152297019958,-0.008068895293064315,-0.05429801344871521,-0.2158532738685608,-0.028201748011298378,-0.08544692397117615,-0.24751514196395874,-0.03604865665514012,-0.11043298244476318,-0.2746005654335022,-0.04088222826797505,-0.0019946545362472534,-0.15016475319862366,-0.03348687882501622,-0.12557247281074524,-0.1741209328174591,-0.057904562307186325,-0.12608805298805237,-0.13812854886054993,-0.051866317493505676,-0.10130155086517334,-0.12010174989700317,-0.04216983388144513,-0.02387300133705139,-0.1368502676486969,-0.056764999730177124,-0.1391555368900299,-0.14668354392051697,-0.07181234504062672,-0.12958857417106628,-0.11110854148864746,-0.05003118733841916,-0.1032988429069519,-0.09316188097000122,-0.03251291285235425,-0.05359607934951782,-0.11929053068161011,-0.0792514293916895,-0.13881269097328186,-0.11821860074996948,-0.08035960639793416,-0.13037067651748657,-0.08822798728942871,-0.06185439447838803,-0.10769841074943542,-0.07320976257324219,-0.047676110965795715,0,0,0,0,0,0,0,0,0,0,0,0,0,0,0,0,0,0,0,0,0,0,0,0,0,0,0,0,0,0,0,0,0,0,0,0,0,0,0,0,0,0,0,0,0,0,0,0,0,0,0,0,0,0,0,0,0,0,0,0,0,0,0
think,0.0,0.0,0.0,0.008834615349769592,-0.09413337707519531,0.05606059494849802,0.05399199575185776,-0.1688738465309143,0.05745177108284594,0.11829355359077454,-0.21258306503295898,0.043616173299518834,0.17703767120838165,-0.22977644205093384,0.029163576173154127,0.045831747353076935,-0.2312358021736145,0.00047674801854924453,0.15308552980422974,-0.2994489371776581,-0.016886810330184687,0.2102983593940735,-0.3367813527584076,-0.02253549036148428,0.25597429275512695,-0.36877861618995667,-0.02632322770121931,0.057457342743873596,-0.22275304794311523,-0.03858600792053579,0.23180478811264038,-0.22990840673446655,-0.05141724508765577,0.23885291814804077,-0.17699116468429565,-0.037726687756808985,0.21278059482574463,-0.1484096646308899,-0.0257723559862697,0.0848039835691452,-0.19572705030441284,-0.07127183165911077,0.24231866002082825,-0.18521654605865479,-0.07626533743503927,0.23879161477088928,-0.13277769088745117,-0.049514199165137995,0.20566776394844055,-0.10419231653213501,-0.031613531080516566,0.11810904741287231,-0.1624164581298828,-0.10023183610800146,0.23718935251235962,-0.14756059646606445,-0.092863189545902,0.24022454023361206,-0.10523754358291626,-0.06823095914486288,0.21825066208839417,-0.08042418956756592,-0.050167521951230754,0,0,0,0,0,0,0,0,0,0,0,0,0,0,0,0,0,0,0,0,0,0,0,0,0,0,0,0,0,0,0,0,0,0,0,0,0,0,0,0,0,0,0,0,0,0,0,0,0,0,0,0,0,0,0,0,0,0,0,0,0,0,0
think,-0.0,0.0,0.0,-0.008834615349769592,-0.09413337707519531,0.05606059494849802,-0.05399199575185776,-0.1688738465309143,0.05745177108284594,-0.11829355359077454,-0.21258306503295898,0.043616173299518834,-0.17703767120838165,-0.22977644205093384,0.029163576173154127,-0.045831747353076935,-0.2312358021736145,0.00047674801854924453,-0.15308552980422974,-0.2994489371776581,-0.016886810330184687,-0.2102983593940735,-0.3367813527584076,-0.02253549036148428,-0.25597429275512695,-0.36877861618995667,-0.02632322770121931,-0.057457342743873596,-0.22275304794311523,-0.03858600792053579,-0.23180478811264038,-0.22990840673446655,-0.05141724508765577,-0.23885291814804077,-0.17699116468429565,-0.037726687756808985,-0.21278059482574463,-0.1484096646308899,-0.0257723559862697,-0.0848039835691452,-0.19572705030441284,-0.07127183165911077,-0.24231866002082825,-0.18521654605865479,-0.07626533743503927,-0.23879161477088928,-0.13277769088745117,-0.049514199165137995,-0.20566776394844055,-0.10419231653213501,-0.031613531080516566,-0.11810904741287231,-0.1624164581298828,-0.10023183610800146,-0.23718935251235962,-0.14756059646606445,-0.092863189545902,-0.24022454023361206,-0.10523754358291626,-0.06823095914486288,-0.21825066208839417,-0.08042418956756592,-0.050167521951230754,0,0,0,0,0,0,0,0,0,0,0,0,0,0,0,0,0,0,0,0,0,0,0,0,0,0,0,0,0,0,0,0,0,0,0,0,0,0,0,0,0,0,0,0,0,0,0,0,0,0,0,0,0,0,0,0,0,0,0,0,0,0,0
think,0.0,0.0,0.0,0.044314444065093994,-0.05650019645690918,0.03204751045998222,0.07919222116470337,-0.10388094186782837,0.025403602361642186,0.12021982669830322,-0.1350184679031372,0.006781683616303269,0.15443375706672668,-0.1582951843738556,-0.010892619997299846,0.04021495580673218,-0.15946993231773376,-0.004030573800243076,0.11734747886657715,-0.20912739634513855,-0.02782220920924061,0.16150951385498047,-0.23601162433624268,-0.041541695281900104,0.19473674893379211,-0.2621157467365265,-0.05037869854275101,0.03108188509941101,-0.1552809774875641,-0.03511880306903237,0.17045196890830994,-0.15578603744506836,-0.06305569751564377,0.17349886894226074,-0.10598942637443542,-0.06014165250960701,0.14659461379051208,-0.0816834568977356,-0.05215680567923897,0.04235649108886719,-0.1393831968307495,-0.06357580019537323,0.17287972569465637,-0.13178414106369019,-0.08099505646530503,0.16653770208358765,-0.08410969376564026,-0.05684692753855103,0.13390880823135376,-0.059287190437316895,-0.0364837792367112,0.06396755576133728,-0.11974012851715088,-0.09122084422413224,0.1629144251346588,-0.10930797457695007,-0.09462133391205185,0.16043946146965027,-0.07510843873023987,-0.07357931478325241,0.13519245386123657,-0.05805402994155884,-0.05619360475245827,0,0,0,0,0,0,0,0,0,0,0,0,0,0,0,0,0,0,0,0,0,0,0,0,0,0,0,0,0,0,0,0,0,0,0,0,0,0,0,0,0,0,0,0,0,0,0,0,0,0,0,0,0,0,0,0,0,0,0,0,0,0,0
think,-0.0,0.0,0.0,-0.044314444065093994,-0.05650019645690918,0.03204751045998222,-0.07919222116470337,-0.10388094186782837,0.025403602361642186,-0.12021982669830322,-0.1350184679031372,0.006781683616303269,-0.15443375706672668,-0.1582951843738556,-0.010892619997299846,-0.04021495580673218,-0.15946993231773376,-0.004030573800243076,-0.11734747886657715,-0.20912739634513855,-0.02782220920924061,-0.16150951385498047,-0.23601162433624268,-0.041541695281900104,-0.19473674893379211,-0.2621157467365265,-0.05037869854275101,-0.03108188509941101,-0.1552809774875641,-0.03511880306903237,-0.17045196890830994,-0.15578603744506836,-0.06305569751564377,-0.17349886894226074,-0.10598942637443542,-0.06014165250960701,-0.14659461379051208,-0.0816834568977356,-0.05215680567923897,-0.04235649108886719,-0.1393831968307495,-0.06357580019537323,-0.17287972569465637,-0.13178414106369019,-0.08099505646530503,-0.16653770208358765,-0.08410969376564026,-0.05684692753855103,-0.13390880823135376,-0.059287190437316895,-0.0364837792367112,-0.06396755576133728,-0.11974012851715088,-0.09122084422413224,-0.1629144251346588,-0.10930797457695007,-0.09462133391205185,-0.16043946146965027,-0.07510843873023987,-0.07357931478325241,-0.13519245386123657,-0.05805402994155884,-0.05619360475245827,0,0,0,0,0,0,0,0,0,0,0,0,0,0,0,0,0,0,0,0,0,0,0,0,0,0,0,0,0,0,0,0,0,0,0,0,0,0,0,0,0,0,0,0,0,0,0,0,0,0,0,0,0,0,0,0,0,0,0,0,0,0,0
think,0.0,0.0,0.0,0.06899137794971466,-0.03892815113067627,0.022110485542071956,0.10839925706386566,-0.08810484409332275,0.013118570740772384,0.14083264768123627,-0.12400570511817932,-0.005388637934373719,0.16155867278575897,-0.15182366967201233,-0.022916960459696156,0.04281897842884064,-0.1605437994003296,-0.009250882011400563,0.10004837810993195,-0.2194826602935791,-0.03612020884131084,0.13699673116207123,-0.25491008162498474,-0.05163289506410251,0.16687537729740143,-0.28494274616241455,-0.061572759341942174,0.031853124499320984,-0.15717002749443054,-0.03591314603065143,0.17441101372241974,-0.15784937143325806,-0.06897338007067333,0.16885216534137726,-0.11885955929756165,-0.0656734508690704,0.13667090237140656,-0.10568645596504211,-0.05526221070860515,0.038149431347846985,-0.13974198698997498,-0.06135105241511951,0.17121322453022003,-0.12690144777297974,-0.08474471692417751,0.1591414362192154,-0.09095853567123413,-0.06364967946385036,0.12536422908306122,-0.08020102977752686,-0.0437019829866756,0.05578054487705231,-0.11632978916168213,-0.08588294212196956,0.1602104753255844,-0.1034085750579834,-0.0910054397997726,0.14985056221485138,-0.07426536083221436,-0.06982877377842556,0.11931400001049042,-0.06496089696884155,-0.05273453418587337,0,0,0,0,0,0,0,0,0,0,0,0,0,0,0,0,0,0,0,0,0,0,0,0,0,0,0,0,0,0,0,0,0,0,0,0,0,0,0,0,0,0,0,0,0,0,0,0,0,0,0,0,0,0,0,0,0,0,0,0,0,0,0
think,-0.0,0.0,0.0,-0.06899137794971466,-0.03892815113067627,0.022110485542071956,-0.10839925706386566,-0.08810484409332275,0.013118570740772384,-0.14083264768123627,-0.12400570511817932,-0.005388637934373719,-0.16155867278575897,-0.15182366967201233,-0.022916960459696156,-0.04281897842884064,-0.1605437994003296,-0.009250882011400563,-0.10004837810993195,-0.2194826602935791,-0.03612020884131084,-0.13699673116207123,-0.25491008162498474,-0.05163289506410251,-0.16687537729740143,-0.28494274616241455,-0.061572759341942174,-0.031853124499320984,-0.15717002749443054,-0.03591314603065143,-0.17441101372241974,-0.15784937143325806,-0.06897338007067333,-0.16885216534137726,-0.11885955929756165,-0.0656734508690704,-0.13667090237140656,-0.10568645596504211,-0.05526221070860515,-0.038149431347846985,-0.13974198698997498,-0.06135105241511951,-0.17121322453022003,-0.12690144777297974,-0.08474471692417751,-0.1591414362192154,-0.09095853567123413,-0.06364967946385036,-0.12536422908306122,-0.08020102977752686,-0.0437019829866756,-0.05578054487705231,-0.11632978916168213,-0.08588294212196956,-0.1602104753255844,-0.1034085750579834,-0.0910054397997726,-0.14985056221485138,-0.07426536083221436,-0.06982877377842556,-0.11931400001049042,-0.06496089696884155,-0.05273453418587337,0,0,0,0,0,0,0,0,0,0,0,0,0,0,0,0,0,0,0,0,0,0,0,0,0,0,0,0,0,0,0,0,0,0,0,0,0,0,0,0,0,0,0,0,0,0,0,0,0,0,0,0,0,0,0,0,0,0,0,0,0,0,0
think,0.0,0.0,0.0,0.0027066171169281006,-0.06146341562271118,0.030074976360566552,0.03913503885269165,-0.11577767133712769,0.02344021571255439,0.09293925762176514,-0.1433374285697937,0.007446077628202374,0.14054137468338013,-0.15008535981178284,-0.009722867073350017,0.02259504795074463,-0.1554696261882782,-0.017091795826189582,0.08474603295326233,-0.2228170931339264,-0.03650105747007615,0.12473633885383606,-0.2582901120185852,-0.044504273706905906,0.1592002511024475,-0.2861053943634033,-0.05055154117368943,0.03298664093017578,-0.15045085549354553,-0.044237971329920356,0.1675107777118683,-0.15536656975746155,-0.06860134007953889,0.16150251030921936,-0.11399421095848083,-0.06281953307413346,0.1318311095237732,-0.09440463781356812,-0.0536561757566858,0.055577993392944336,-0.13439813256263733,-0.06740438940548188,0.1756841540336609,-0.13017982244491577,-0.08369740846180207,0.16119545698165894,-0.08747029304504395,-0.06237107145213372,0.12952762842178345,-0.0665012001991272,-0.044930767292015616,0.08490988612174988,-0.11454835534095764,-0.0885670632364679,0.1752750277519226,-0.10682272911071777,-0.09594178947233445,0.16397911310195923,-0.0720338225364685,-0.07907216998361832,0.13748449087142944,-0.05414998531341553,-0.06480025502466447,0,0,0,0,0,0,0,0,0,0,0,0,0,0,0,0,0,0,0,0,0,0,0,0,0,0,0,0,0,0,0,0,0,0,0,0,0,0,0,0,0,0,0,0,0,0,0,0,0,0,0,0,0,0,0,0,0,0,0,0,0,0,0
think,-0.0,0.0,0.0,-0.0027066171169281006,-0.06146341562271118,0.030074976360566552,-0.03913503885269165,-0.11577767133712769,0.02344021571255439,-0.09293925762176514,-0.1433374285697937,0.007446077628202374,-0.14054137468338013,-0.15008535981178284,-0.009722867073350017,-0.02259504795074463,-0.1554696261882782,-0.017091795826189582,-0.08474603295326233,-0.2228170931339264,-0.03650105747007615,-0.12473633885383606,-0.2582901120185852,-0.044504273706905906,-0.1592002511024475,-0.2861053943634033,-0.05055154117368943,-0.03298664093017578,-0.15045085549354553,-0.044237971329920356,-0.1675107777118683,-0.15536656975746155,-0.06860134007953889,-0.16150251030921936,-0.11399421095848083,-0.06281953307413346,-0.1318311095237732,-0.09440463781356812,-0.0536561757566858,-0.055577993392944336,-0.13439813256263733,-0.06740438940548188,-0.1756841540336609,-0.13017982244491577,-0.08369740846180207,-0.16119545698165894,-0.08747029304504395,-0.06237107145213372,-0.12952762842178345,-0.0665012001991272,-0.044930767292015616,-0.08490988612174988,-0.11454835534095764,-0.0885670632364679,-0.1752750277519226,-0.10682272911071777,-0.09594178947233445,-0.16397911310195923,-0.0720338225364685,-0.07907216998361832,-0.13748449087142944,-0.05414998531341553,-0.06480025502466447,0,0,0,0,0,0,0,0,0,0,0,0,0,0,0,0,0,0,0,0,0,0,0,0,0,0,0,0,0,0,0,0,0,0,0,0,0,0,0,0,0,0,0,0,0,0,0,0,0,0,0,0,0,0,0,0,0,0,0,0,0,0,0
think,0.0,0.0,0.0,0.002821803092956543,-0.07267129421234131,0.039716916337731334,0.03808283805847168,-0.1314980387687683,0.036246145323040935,0.09498605132102966,-0.15973001718521118,0.02243044058990762,0.15291118621826172,-0.1601993441581726,0.007868682213249656,0.02805805206298828,-0.17801761627197266,-0.011025534763810185,0.09980300068855286,-0.24325242638587952,-0.026616522863385228,0.14060336351394653,-0.2832692861557007,-0.03316905145334914,0.17263653874397278,-0.31474369764328003,-0.03870561887311652,0.0450386106967926,-0.17317742109298706,-0.04067318682360366,0.18642544746398926,-0.18892785906791687,-0.052951773449656514,0.1937721073627472,-0.14476245641708374,-0.04304025118040755,0.17067557573318481,-0.11776745319366455,-0.03376585786032393,0.07550126314163208,-0.1543685793876648,-0.06492793728398993,0.20279589295387268,-0.1560538411140442,-0.06656136532115653,0.19994553923606873,-0.11224418878555298,-0.04211288486408904,0.17302393913269043,-0.08537471294403076,-0.026089029207703618,0.11248528957366943,-0.12915724515914917,-0.08690013159799292,0.206218421459198,-0.13133007287979126,-0.08058609981822684,0.20779594779014587,-0.09866201877593994,-0.05890735779690459,0.18964260816574097,-0.07680433988571167,-0.043090013608214406,0,0,0,0,0,0,0,0,0,0,0,0,0,0,0,0,0,0,0,0,0,0,0,0,0,0,0,0,0,0,0,0,0,0,0,0,0,0,0,0,0,0,0,0,0,0,0,0,0,0,0,0,0,0,0,0,0,0,0,0,0,0,0
think,-0.0,0.0,0.0,-0.002821803092956543,-0.07267129421234131,0.039716916337731334,-0.03808283805847168,-0.1314980387687683,0.036246145323040935,-0.09498605132102966,-0.15973001718521118,0.02243044058990762,-0.15291118621826172,-0.1601993441581726,0.007868682213249656,-0.02805805206298828,-0.17801761627197266,-0.011025534763810185,-0.09980300068855286,-0.24325242638587952,-0.026616522863385228,-0.14060336351394653,-0.2832692861557007,-0.03316905145334914,-0.17263653874397278,-0.31474369764328003,-0.03870561887311652,-0.0450386106967926,-0.17317742109298706,-0.04067318682360366,-0.18642544746398926,-0.18892785906791687,-0.052951773449656514,-0.1937721073627472,-0.14476245641708374,-0.04304025118040755,-0.17067557573318481,-0.11776745319366455,-0.03376585786032393,-0.07550126314163208,-0.1543685793876648,-0.06492793728398993,-0.20279589295387268,-0.1560538411140442,-0.06656136532115653,-0.19994553923606873,-0.11224418878555298,-0.04211288486408904,-0.17302393913269043,-0.08537471294403076,-0.026089029207703618,-0.11248528957366943,-0.12915724515914917,-0.08690013159799292,-0.206218421459198,-0.13133007287979126,-0.08058609981822684,-0.20779594779014587,-0.09866201877593994,-0.05890735779690459,-0.18964260816574097,-0.07680433988571167,-0.043090013608214406,0,0,0,0,0,0,0,0,0,0,0,0,0,0,0,0,0,0,0,0,0,0,0,0,0,0,0,0,0,0,0,0,0,0,0,0,0,0,0,0,0,0,0,0,0,0,0,0,0,0,0,0,0,0,0,0,0,0,0,0,0,0,0
think,0.0,0.0,0.0,0.015168458223342896,-0.03908666968345642,0.0159569800760595,0.03913843631744385,-0.06880617141723633,0.01186788258366267,0.06913486123085022,-0.08485016226768494,0.0014638950977472476,0.09685000777244568,-0.08850163221359253,-0.009004182282462914,0.031398892402648926,-0.09147965908050537,-0.004968433275446493,0.07526779174804688,-0.12366551160812378,-0.018703882682696182,0.10313960909843445,-0.14135250449180603,-0.02626093580164035,0.12492108345031738,-0.15526282787322998,-0.03109951979257186,0.03678777813911438,-0.08708220720291138,-0.021438994545117218,0.10887715220451355,-0.09249544143676758,-0.035040418717637856,0.11106038093566895,-0.07380729913711548,-0.03415903738476356,0.09819170832633972,-0.0645098090171814,-0.031169748965278465,0.048187255859375,-0.07611554861068726,-0.03630940533019622,0.11582809686660767,-0.07610064744949341,-0.04358925959803184,0.1108364462852478,-0.05854994058609009,-0.031838978740945656,0.09421464800834656,-0.05008026957511902,-0.02268669671155532,0.06226301193237305,-0.062234312295913696,-0.050672422263398964,0.115388423204422,-0.06304934620857239,-0.049962013128772575,0.11008864641189575,-0.04892617464065552,-0.03768812409378608,0.09491676092147827,-0.04137754440307617,-0.028420715693012077,0.0,0.0,0.0,-0.04813945293426514,-0.03017580509185791,-0.02039194411699441,-0.10453587770462036,-0.0267755389213562,-0.02666645429198411,-0.15264177322387695,-0.01416558027267456,-0.027030864051624803,-0.18828046321868896,-0.00724947452545166,-0.02506013891760972,-0.1067158579826355,0.014327526092529297,-0.030535399234935312,-0.17445704340934753,0.03065568208694458,-0.04091307080452111,-0.2088208794593811,0.02710026502609253,-0.04450126669470933,-0.23570048809051514,0.02035534381866455,-0.04472479156319764,-0.10353678464889526,0.03342545032501221,-0.019635512746020822,-0.17578092217445374,0.03673064708709717,-0.027370942077681093,-0.20958179235458374,0.023110568523406982,-0.02685675329630044,-0.22823786735534668,0.008284270763397217,-0.02525007843141225,-0.10037988424301147,0.041716694831848145,-0.009354027240618734,-0.16526463627815247,0.04294085502624512,-0.013500779188319711,-0.19605568051338196,0.02912771701812744,-0.013631467959925203,-0.2112191617488861,0.014933884143829346,-0.012449419378384619,-0.09849393367767334,0.042042672634124756,-0.0007569814530086205,-0.14580181241035461,0.04299205541610718,-0.0023306312701549814,-0.17124700546264648,0.031646132469177246,-0.0024840061283555315,-0.1856176257133484,0.019719362258911133,-0.0015863977801870988
think,-0.0,0.0,0.0,-0.015168458223342896,-0.03908666968345642,0.0159569800760595,-0.03913843631744385,-0.06880617141723633,0.01186788258366267,-0.06913486123085022,-0.08485016226768494,0.0014638950977472476,-0.09685000777244568,-0.08850163221359253,-0.009004182282462914,-0.031398892402648926,-0.09147965908050537,-0.004968433275446493,-0.07526779174804688,-0.12366551160812378,-0.018703882682696182,-0.10313960909843445,-0.14135250449180603,-0.02626093580164035,-0.12492108345031738,-0.15526282787322998,-0.03109951979257186,-0.03678777813911438,-0.08708220720291138,-0.021438994545117218,-0.10887715220451355,-0.09249544143676758,-0.035040418717637856,-0.11106038093566895,-0.07380729913711548,-0.03415903738476356,-0.09819170832633972,-0.0645098090171814,-0.031169748965278465,-0.048187255859375,-0.07611554861068726,-0.03630940533019622,-0.11582809686660767,-0.07610064744949341,-0.04358925959803184,-0.1108364462852478,-0.05854994058609009,-0.031838978740945656,-0.09421464800834656,-0.05008026957511902,-0.02268669671155532,-0.06226301193237305,-0.062234312295913696,-0.050672422263398964,-0.115388423204422,-0.06304934620857239,-0.049962013128772575,-0.11008864641189575,-0.04892617464065552,-0.03768812409378608,-0.09491676092147827,-0.04137754440307617,-0.028420715693012077,-0.0,0.0,0.0,0.04813945293426514,-0.03017580509185791,-0.02039194411699441,0.10453587770462036,-0.0267755389213562,-0.02666645429198411,0.15264177322387695,-0.01416558027267456,-0.027030864051624803,0.18828046321868896,-0.00724947452545166,-0.02506013891760972,0.1067158579826355,0.014327526092529297,-0.030535399234935312,0.17445704340934753,0.03065568208694458,-0.04091307080452111,0.2088208794593811,0.02710026502609253,-0.04450126669470933,0.23570048809051514,0.02035534381866455,-0.04472479156319764,0.10353678464889526,0.03342545032501221,-0.019635512746020822,0.17578092217445374,0.03673064708709717,-0.027370942077681093,0.20958179235458374,0.023110568523406982,-0.02685675329630044,0.22823786735534668,0.008284270763397217,-0.02525007843141225,0.10037988424301147,0.041716694831848145,-0.009354027240618734,0.16526463627815247,0.04294085502624512,-0.013500779188319711,0.19605568051338196,0.02912771701812744,-0.013631467959925203,0.2112191617488861,0.014933884143829346,-0.012449419378384619,0.09849393367767334,0.042042672634124756,-0.0007569814530086205,0.14580181241035461,0.04299205541610718,-0.0023306312701549814,0.17124700546264648,0.031646132469177246,-0.0024840061283555315,0.1856176257133484,0.019719362258911133,-0.0015863977801870988
think,0.0,0.0,0.0,0.012081116437911987,0.013358652591705322,-0.007871836500803253,0.01880544424057007,0.04085564613342285,-0.010330437759498379,0.02209913730621338,0.06487548351287842,-0.011256379152277729,0.02478158473968506,0.08253496885299683,-0.011466967018882057,0.003056645393371582,0.06033611297607422,-0.00430137206111314,0.006271660327911377,0.08756214380264282,-0.0067953510047888965,0.010380476713180542,0.10407370328903198,-0.009613173159400246,0.013605177402496338,0.11486834287643433,-0.011278785842100403,-0.002642035484313965,0.06065726280212402,-0.000954541280029586,0.0008557438850402832,0.08609384298324585,-0.0017390003964325995,0.005005478858947754,0.10316520929336548,-0.003152721871251485,0.008850157260894775,0.11368793249130249,-0.004323854188064358,-0.00604286789894104,0.05966329574584961,0.0014692752551266341,-0.003190159797668457,0.08384889364242554,-0.00020289577204013476,0.0009042024612426758,0.09912735223770142,-0.0013751184638610692,0.004565447568893433,0.1105991005897522,-0.0019006123371443362,-0.008493989706039429,0.05770331621170044,0.0032680583348476677,-0.006482452154159546,0.08045393228530884,0.0016077931899556308,-0.0037411153316497803,0.09494286775588989,0.0011586050199323683,-0.0011807084083557129,0.10644692182540894,0.0011797228757270961,0,0,0,0,0,0,0,0,0,0,0,0,0,0,0,0,0,0,0,0,0,0,0,0,0,0,0,0,0,0,0,0,0,0,0,0,0,0,0,0,0,0,0,0,0,0,0,0,0,0,0,0,0,0,0,0,0,0,0,0,0,0,0
think,-0.0,0.0,0.0,-0.012081116437911987,0.013358652591705322,-0.007871836500803253,-0.01880544424057007,0.04085564613342285,-0.010330437759498379,-0.02209913730621338,0.06487548351287842,-0.011256379152277729,-0.02478158473968506,0.08253496885299683,-0.011466967018882057,-0.003056645393371582,0.06033611297607422,-0.00430137206111314,-0.006271660327911377,0.08756214380264282,-0.0067953510047888965,-0.010380476713180542,0.10407370328903198,-0.009613173159400246,-0.013605177402496338,0.11486834287643433,-0.011278785842100403,0.002642035484313965,0.06065726280212402,-0.000954541280029586,-0.0008557438850402832,0.08609384298324585,-0.0017390003964325995,-0.005005478858947754,0.10316520929336548,-0.003152721871251485,-0.008850157260894775,0.11368793249130249,-0.004323854188064358,0.00604286789894104,0.05966329574584961,0.0014692752551266341,0.003190159797668457,0.08384889364242554,-0.00020289577204013476,-0.0009042024612426758,0.09912735223770142,-0.0013751184638610692,-0.004565447568893433,0.1105991005897522,-0.0019006123371443362,0.008493989706039429,0.05770331621170044,0.0032680583348476677,0.006482452154159546,0.08045393228530884,0.0016077931899556308,0.0037411153316497803,0.09494286775588989,0.0011586050199323683,0.0011807084083557129,0.10644692182540894,0.0011797228757270961,0,0,0,0,0,0,0,0,0,0,0,0,0,0,0,0,0,0,0,0,0,0,0,0,0,0,0,0,0,0,0,0,0,0,0,0,0,0,0,0,0,0,0,0,0,0,0,0,0,0,0,0,0,0,0,0,0,0,0,0,0,0,0
think,0.0,0.0,0.0,0.013026267290115356,0.0054318904876708984,-0.013242617412601021,0.02135378122329712,0.025925815105438232,-0.019585232413504627,0.02471223473548889,0.05167591571807861,-0.02339173590311816,0.02735838294029236,0.07418125867843628,-0.026008746749852207,0.005950123071670532,0.05305248498916626,-0.017013329244349507,0.011373281478881836,0.09027093648910522,-0.025174171826932934,0.019961625337600708,0.11023825407028198,-0.029842262319419888,0.026548683643341064,0.12105441093444824,-0.031886753789279965,-0.00047513842582702637,0.059956371784210205,-0.012241944833789375,0.0070948004722595215,0.09619653224945068,-0.018841843283865956,0.018137484788894653,0.103587806224823,-0.019721715874169377,0.02489754557609558,0.10092371702194214,-0.01925757450530341,-0.0022791028022766113,0.06380611658096313,-0.008546685031745938,0.004147171974182129,0.09823089838027954,-0.015286029479597119,0.014737635850906372,0.10319656133651733,-0.015470786183271912,0.021333396434783936,0.10115140676498413,-0.014117442234550026,-0.0019498467445373535,0.06498104333877563,-0.005730916909072903,0.002281010150909424,0.09440416097640991,-0.010923792771194485,0.010546475648880005,0.10283374786376953,-0.011428406625185517,0.017112702131271362,0.10313224792480469,-0.01064645980963519,0,0,0,0,0,0,0,0,0,0,0,0,0,0,0,0,0,0,0,0,0,0,0,0,0,0,0,0,0,0,0,0,0,0,0,0,0,0,0,0,0,0,0,0,0,0,0,0,0,0,0,0,0,0,0,0,0,0,0,0,0,0,0
think,-0.0,0.0,0.0,-0.013026267290115356,0.0054318904876708984,-0.013242617412601021,-0.02135378122329712,0.025925815105438232,-0.019585232413504627,-0.02471223473548889,0.05167591571807861,-0.02339173590311816,-0.02735838294029236,0.07418125867843628,-0.026008746749852207,-0.005950123071670532,0.05305248498916626,-0.017013329244349507,-0.011373281478881836,0.09027093648910522,-0.025174171826932934,-0.019961625337600708,0.11023825407028198,-0.029842262319419888,-0.026548683643341064,0.12105441093444824,-0.031886753789279965,0.00047513842582702637,0.059956371784210205,-0.012241944833789375,-0.0070948004722595215,0.09619653224945068,-0.018841843283865956,-0.018137484788894653,0.103587806224823,-0.019721715874169377,-0.02489754557609558,0.10092371702194214,-0.01925757450530341,0.0022791028022766113,0.06380611658096313,-0.008546685031745938,-0.004147171974182129,0.09823089838027954,-0.015286029479597119,-0.014737635850906372,0.10319656133651733,-0.015470786183271912,-0.021333396434783936,0.10115140676498413,-0.014117442234550026,0.0019498467445373535,0.06498104333877563,-0.005730916909072903,-0.002281010150909424,0.09440416097640991,-0.010923792771194485,-0.010546475648880005,0.10283374786376953,-0.011428406625185517,-0.017112702131271362,0.10313224792480469,-0.01064645980963519,0,0,0,0,0,0,0,0,0,0,0,0,0,0,0,0,0,0,0,0,0,0,0,0,0,0,0,0,0,0,0,0,0,0,0,0,0,0,0,0,0,0,0,0,0,0,0,0,0,0,0,0,0,0,0,0,0,0,0,0,0,0,0
think,0.0,0.0,0.0,0.007934927940368652,0.012968361377716064,-0.012504521909725952,0.01099395751953125,0.037542104721069336,-0.019047138433528232,0.013866513967514038,0.06522512435913086,-0.02371572625227003,0.013980060815811157,0.08823436498641968,-0.027398417856169033,-0.010742217302322388,0.06714218854904175,-0.012582414935899067,-0.011808723211288452,0.10627627372741699,-0.021126591752839374,-0.004651188850402832,0.1285075545310974,-0.027505508776378917,0.0024547576904296875,0.13559752702713013,-0.030772912468385982,-0.01390877366065979,0.07021927833557129,-0.008985991742086696,-0.013780027627944946,0.10626423358917236,-0.015148190933835792,-0.0064574480056762695,0.12663203477859497,-0.018762347440791416,0.001377195119857788,0.13476699590682983,-0.02051966186947851,-0.013809829950332642,0.07183551788330078,-0.006809303689372825,-0.013094723224639893,0.10604596138000488,-0.013022411767018127,-0.005564391613006592,0.12514358758926392,-0.015555163066458988,0.001180112361907959,0.13487577438354492,-0.016135421733928013,-0.011573493480682373,0.07153397798538208,-0.00552835330702095,-0.010072022676467896,0.10119372606277466,-0.010869436118376541,-0.004603475332260132,0.11732339859008789,-0.012359928492081451,0.001330256462097168,0.12439441680908203,-0.012247610989582824,0,0,0,0,0,0,0,0,0,0,0,0,0,0,0,0,0,0,0,0,0,0,0,0,0,0,0,0,0,0,0,0,0,0,0,0,0,0,0,0,0,0,0,0,0,0,0,0,0,0,0,0,0,0,0,0,0,0,0,0,0,0,0
think,-0.0,0.0,0.0,-0.007934927940368652,0.012968361377716064,-0.012504521909725952,-0.01099395751953125,0.037542104721069336,-0.019047138433528232,-0.013866513967514038,0.06522512435913086,-0.02371572625227003,-0.013980060815811157,0.08823436498641968,-0.027398417856169033,0.010742217302322388,0.06714218854904175,-0.012582414935899067,0.011808723211288452,0.10627627372741699,-0.021126591752839374,0.004651188850402832,0.1285075545310974,-0.027505508776378917,-0.0024547576904296875,0.13559752702713013,-0.030772912468385982,0.01390877366065979,0.07021927833557129,-0.008985991742086696,0.013780027627944946,0.10626423358917236,-0.015148190933835792,0.0064574480056762695,0.12663203477859497,-0.018762347440791416,-0.001377195119857788,0.13476699590682983,-0.02051966186947851,0.013809829950332642,0.07183551788330078,-0.006809303689372825,0.013094723224639893,0.10604596138000488,-0.013022411767018127,0.005564391613006592,0.12514358758926392,-0.015555163066458988,-0.001180112361907959,0.13487577438354492,-0.016135421733928013,0.011573493480682373,0.07153397798538208,-0.00552835330702095,0.010072022676467896,0.10119372606277466,-0.010869436118376541,0.004603475332260132,0.11732339859008789,-0.012359928492081451,-0.001330256462097168,0.12439441680908203,-0.012247610989582824,0,0,0,0,0,0,0,0,0,0,0,0,0,0,0,0,0,0,0,0,0,0,0,0,0,0,0,0,0,0,0,0,0,0,0,0,0,0,0,0,0,0,0,0,0,0,0,0,0,0,0,0,0,0,0,0,0,0,0,0,0,0,0
